"Time_Iter",    "Cur_Time"    ,    "rms[Rho]"    ,    "rms[RhoU]"   ,    "rms[RhoV]"   ,    "rms[RhoE]"   ,    "RefForce"    ,       "CD"       ,       "CL"       ,       "CSF"      ,       "CMx"      ,       "CMy"      ,       "CMz"      ,       "CFx"      ,       "CFy"      ,       "CFz"      ,      "CEff"      
          0,                 0,       -4.38200639,      -1.817352952,      -2.223183011,       0.443410458,          6383.475,      0.8635098679,       1.803887168,                 0,                 0,                 0,      0.4625528997,      0.5371494932,       1.926428984,                 0,       2.089017434
          1,        0.00084023,      -5.222974615,      -1.892232834,      -2.344187648,      0.3154175883,          6383.475,      0.4946666629,       1.467270698,                 0,                 0,                 0,      0.3044583546,      0.2323626819,       1.530877524,                 0,        2.96618068
          2,        0.00168046,      -5.325616539,      -2.053443646,      -2.479719491,      0.1792358683,          6383.475,      0.2715062701,       1.151153306,                 0,                 0,                 0,      0.1494101368,     0.06748580591,        1.18081127,                 0,       4.239877429
          3,        0.00252069,      -5.402472513,      -2.153339593,      -2.576572551,      0.1081594313,          6383.475,       0.137359731,      0.9042597208,                 0,                 0,                 0,     0.02985895368,     -0.0217501246,      0.9143742508,                 0,       6.583150055
          4,        0.00336092,      -5.456765031,      -2.228358808,      -2.637727633,     0.04455897273,          6383.475,     0.05954698401,       0.742628128,                 0,                 0,                 0,    -0.03750679465,    -0.07031368959,      0.7416861633,                 0,       12.47129708
          5,        0.00420115,      -5.557169127,      -2.352869818,      -2.729546883,    -0.07932963163,          6383.475,     0.01943420623,      0.6578598137,                 0,                 0,                 0,    -0.05742050539,    -0.09509720084,      0.6512401594,                 0,       33.85061402
          6,        0.00504138,      -5.712705423,      -2.552985042,      -2.902074169,     -0.2833055448,          6383.475,    0.004908322137,      0.6294770141,                 0,                 0,                 0,    -0.04857710063,     -0.1044737827,      0.6207661651,                 0,       128.2468829
          7,        0.00588161,      -5.850641242,      -2.740576454,      -3.149362694,     -0.5342474003,          6383.475,    0.008148570179,      0.6392034137,                 0,                 0,                 0,    -0.02992704735,     -0.1029717329,      0.6309074619,                 0,       78.44362872
          8,        0.00672184,      -5.889698588,      -2.774789995,      -3.346996955,      -0.620366842,          6383.475,     0.02248347324,      0.6744225751,                 0,                 0,                 0,    -0.01288933771,    -0.09497035238,      0.6680807949,                 0,       29.99636969
          9,        0.00756207,      -5.932895302,      -2.791806732,      -3.409804319,     -0.6380210736,          6383.475,     0.04077146639,      0.7245888673,                 0,                 0,                 0,   -0.001184749674,    -0.08567148015,      0.7206606251,                 0,       17.77195994
         10,         0.0084023,      -5.976239849,      -2.836999476,      -3.461290404,     -0.6989091636,          6383.475,     0.05669387521,      0.7784948755,                 0,                 0,                 0,    0.005661441542,    -0.07935164859,      0.7765125772,                 0,       13.73155165
         11,        0.00924253,      -5.988710269,       -2.85197303,      -3.413669356,     -0.7002197764,          6383.475,     0.06683465263,      0.8261436083,                 0,                 0,                 0,     0.00923350138,    -0.07763904798,      0.8251983462,                 0,       12.36100699
         12,        0.01008276,      -6.015790906,      -2.842323186,      -3.325489645,     -0.6576352658,          6383.475,     0.07111050949,      0.8621375003,                 0,                 0,                 0,     0.01078944371,    -0.07967842477,      0.8613879049,                 0,       12.12391117
         13,        0.01092299,      -6.029388624,      -2.800822844,      -3.248024375,     -0.6112428538,          6383.475,     0.07146625585,      0.8866469407,                 0,                 0,                 0,     0.01108768963,    -0.08358410264,      0.8855867664,                 0,       12.40651172
         14,        0.01176322,      -6.041655251,      -2.778511953,      -3.213123738,     -0.6007060109,          6383.475,     0.07015829889,      0.9034329744,                 0,                 0,                 0,     0.01065631033,    -0.08778705295,      0.9018906582,                 0,       12.87706499
         15,        0.01260345,      -6.007513253,      -2.767088265,      -3.181033243,     -0.5890603757,          6383.475,     0.06873740292,      0.9169831754,                 0,                 0,                 0,     0.01003984016,    -0.09153933004,      0.9149882652,                 0,       13.34038146
         16,        0.01344368,      -5.945795337,      -2.775426061,       -3.15175182,     -0.5634129565,          6383.475,     0.06786596981,      0.9305466132,                 0,                 0,                 0,    0.009774388235,    -0.09475279037,      0.9281943212,                 0,       13.71153489
         17,        0.01428391,      -5.920054585,      -2.820722506,      -3.159871542,     -0.5616127384,          6383.475,     0.06760277554,      0.9455493745,                 0,                 0,                 0,     0.01018360977,     -0.0976171883,      0.9429234537,                 0,       13.98684251
         18,        0.01512414,      -5.983548148,       -2.89732938,      -3.223164202,      -0.608976379,          6383.475,     0.06775232122,      0.9619622489,                 0,                 0,                 0,     0.01122847809,     -0.1003199803,      0.9591129479,                 0,       14.19821833
         19,        0.01596437,      -6.156571256,      -2.965674746,      -3.321547145,     -0.6876786641,          6383.475,     0.06808459825,      0.9790131861,                 0,                 0,                 0,     0.01257078579,     -0.1029536155,      0.9759625424,                 0,       14.37936349
         20,         0.0168046,      -6.348268527,      -2.999613528,      -3.402162706,     -0.7484422166,          6383.475,     0.06842049525,      0.9958262439,                 0,                 0,                 0,     0.01380353069,     -0.1055423783,      0.9925784999,                 0,       14.55450213
         21,        0.01764483,      -6.375553114,      -3.017472904,      -3.441107922,     -0.7743565215,          6383.475,     0.06864326994,       1.011785054,                 0,                 0,                 0,     0.01466330142,     -0.1080942063,       1.008333544,                 0,       14.73975605
         22,        0.01848506,      -6.383255174,      -3.034582764,      -3.462327434,     -0.7883135182,          6383.475,     0.06868674537,       1.026610524,                 0,                 0,                 0,     0.01509631495,     -0.1106258072,       1.022941331,                 0,       14.94626828
         23,        0.01932529,      -6.443272227,      -3.051089729,      -3.479107811,     -0.8012028406,          6383.475,     0.06852497756,       1.040279195,                 0,                 0,                 0,     0.01520014776,     -0.1131586574,       1.036374254,                 0,       15.18102205
         24,        0.02016552,      -6.511011875,      -3.065577293,      -3.492689072,     -0.8131969192,          6383.475,     0.06816447875,       1.052904354,                 0,                 0,                 0,     0.01512374092,     -0.1157060151,       1.048745008,                 0,       15.44652542
         25,        0.02100575,      -6.547124346,      -3.078926257,      -3.504101595,     -0.8243447861,          6383.475,     0.06763324662,        1.06463848,                 0,                 0,                 0,     0.01498964436,     -0.1182667864,        1.06020862,                 0,       15.74134813
         26,        0.02184598,       -6.56458049,      -3.092827889,      -3.515507435,      -0.835883553,          6383.475,     0.06696619257,       1.075610609,                 0,                 0,                 0,      0.0148616339,     -0.1208289966,       1.070898225,                 0,       16.06199439
         27,        0.02268621,      -6.582072321,      -3.108626045,      -3.528979936,     -0.8490880998,          6383.475,     0.06619239737,       1.085898219,                 0,                 0,                 0,     0.01475071115,     -0.1233774608,       1.080895174,                 0,       16.40518039
         28,        0.02352644,      -6.601243642,      -3.126856358,      -3.546039309,     -0.8648759972,          6383.475,     0.06533030897,       1.095531703,                 0,                 0,                 0,     0.01464094837,     -0.1258992891,       1.090232604,                 0,       16.76911866
         29,        0.02436667,      -6.621032808,      -3.147233607,      -3.566871592,     -0.8834559758,          6383.475,     0.06439162201,       1.104521672,                 0,                 0,                 0,     0.01451643479,     -0.1283848069,       1.098922994,                 0,       17.15318915
         30,         0.0252069,      -6.642247308,      -3.169125546,      -3.590379345,     -0.9043888739,          6383.475,     0.06338809168,       1.112889389,                 0,                 0,                 0,     0.01437633135,     -0.1308261302,       1.106989325,                 0,       17.55675805
         31,        0.02604713,      -6.664639628,      -3.192133828,      -3.615179301,     -0.9270673526,          6383.475,     0.06233451116,       1.120680085,                 0,                 0,                 0,     0.01423390747,     -0.1332165446,        1.11447871,                 0,       17.97848517
         32,        0.02688736,      -6.686918759,      -3.216248258,      -3.640612334,     -0.9511491159,          6383.475,     0.06124554662,       1.127952214,                 0,                 0,                 0,     0.01410498133,     -0.1355517573,       1.121451263,                 0,       18.41688541
         33,        0.02772759,      -6.708116762,      -3.241563862,      -3.666731063,     -0.9765057317,          6383.475,     0.06012960653,       1.134752544,                 0,                 0,                 0,     0.01399589462,     -0.1378316087,         1.1279545,                 0,       18.87177732
         34,        0.02856782,      -6.727615398,      -3.268043202,      -3.693733439,      -1.003020566,          6383.475,      0.0589849416,       1.141095455,                 0,                 0,                 0,     0.01389916826,     -0.1400603185,       1.134002279,                 0,       19.34553844
         35,        0.02940805,      -6.744793241,      -3.295607826,       -3.72174375,      -1.030630103,          6383.475,     0.05780102717,       1.146959705,                 0,                 0,                 0,      0.0137983925,     -0.1422445629,       1.139571853,                 0,       19.84324087
         36,        0.03024828,      -6.758782499,      -3.324307104,      -3.750839185,      -1.059438882,          6383.475,     0.05656452961,       1.152303301,                 0,                 0,                 0,     0.01367795894,     -0.1443901811,       1.144619553,                 0,       20.37148208
         37,        0.03108851,      -6.768621759,      -3.354421801,      -3.781176163,      -1.089830766,          6383.475,     0.05526643643,       1.157086508,                 0,                 0,                 0,     0.01353120583,     -0.1464991484,        1.14910468,                 0,       20.93651378
         38,        0.03192874,      -6.773546543,      -3.386461715,      -3.813159082,      -1.122449544,          6383.475,     0.05390661901,       1.161290343,                 0,                 0,                 0,     0.01336276486,     -0.1485682955,       1.153008519,                 0,       21.54262991
         39,        0.03276897,      -6.773317107,      -3.421061732,      -3.847453787,      -1.158113019,          6383.475,     0.05249397808,       1.164922845,                 0,                 0,                 0,     0.01318500973,     -0.1505902525,       1.156340533,                 0,         22.191552
         40,         0.0336092,      -6.758339145,      -3.456399561,      -3.877381561,      -1.195369954,          6383.475,     0.05104289528,        1.16801181,                 0,                 0,                 0,     0.01301109322,     -0.1525556832,       1.159130591,                 0,       22.88294587
         41,        0.03444943,       -6.74647899,      -3.498427219,      -3.918951056,      -1.239790962,          6383.475,     0.04956789332,       1.170595705,                 0,                 0,                 0,     0.01285132131,     -0.1544569654,       1.161419101,                 0,       23.61600679
         42,        0.03528966,      -6.726284261,      -3.544032606,      -3.963636255,      -1.292573839,          6383.475,     0.04808034156,       1.172708731,                 0,                 0,                 0,     0.01270928735,     -0.1562888409,       1.163241714,                 0,       24.39060732
         43,        0.03612989,       -6.71349174,      -3.600273189,      -4.020720065,      -1.353580537,          6383.475,     0.04658633531,       1.174376698,                 0,                 0,                 0,     0.01258406598,     -0.1580497893,        1.16462491,                 0,       25.20860871
         44,        0.03697012,      -6.696736291,      -3.654646082,       -4.07457431,      -1.409567775,          6383.475,     0.04508772945,       1.175613918,                 0,                 0,                 0,      0.0124717608,     -0.1597404689,       1.165583103,                 0,       26.07392149
         45,        0.03781035,      -6.676410209,       -3.70739858,      -4.126028167,       -1.46855679,          6383.475,     0.04358376962,        1.17643074,                 0,                 0,                 0,     0.01236953649,       -0.16136342,       1.166126356,                 0,       26.99240452
         46,        0.03865058,      -6.657951046,      -3.762907992,      -4.178193067,      -1.535487223,          6383.475,     0.04207383642,       1.176840167,                 0,                 0,                 0,     0.01227765285,     -0.1629215102,       1.166267366,                 0,       27.97083099
         47,        0.03949081,      -6.637505369,      -3.807586252,      -4.216761106,       -1.58355572,          6383.475,     0.04055899634,       1.176857604,                 0,                 0,                 0,     0.01219798668,     -0.1644163642,       1.166021488,                 0,       29.01594492
         48,        0.04033104,      -6.623132713,       -3.84915565,      -4.246321729,      -1.614019649,          6383.475,     0.03904229303,       1.176501923,                 0,                 0,                 0,     0.01213379677,      -0.165848262,       1.165407838,                 0,       30.13403751
         49,        0.04117127,      -6.574986207,       -3.85786364,      -4.239760723,      -1.609105101,          6383.475,     0.03752734193,       1.175787733,                 0,                 0,                 0,     0.01208556017,     -0.1672161798,       1.164441429,                 0,       31.33149518
         50,         0.0420115,      -6.563827376,       -3.85944028,      -4.232728742,      -1.589307108,          6383.475,     0.03601953073,       1.174729387,                 0,                 0,                 0,     0.01205500232,     -0.1685173043,       1.163137334,                 0,       32.61367829
         51,        0.04285173,      -6.547755933,      -3.838597566,      -4.209294114,      -1.555661692,          6383.475,     0.03452310404,       1.173332434,                 0,                 0,                 0,     0.01204002205,     -0.1697484184,       1.161501752,                 0,       33.98687535
         52,        0.04369196,       -6.51413921,      -3.795675615,      -4.162404015,      -1.503267776,          6383.475,     0.03304157064,       1.171599058,                 0,                 0,                 0,     0.01203730806,     -0.1709064465,       1.159537445,                 0,       35.45833433
         53,        0.04453219,      -6.501482752,      -3.760436603,      -4.126940251,      -1.461035387,          6383.475,     0.03157955254,       1.169537765,                 0,                 0,                 0,     0.01204674265,     -0.1719883134,        1.15725359,                 0,       37.03465284
         54,        0.04537242,       -6.48532546,      -3.715570188,      -4.081399112,      -1.406726291,          6383.475,     0.03014088262,       1.167163084,                 0,                 0,                 0,     0.01206867313,     -0.1729927677,       1.154665164,                 0,       38.72358678
         55,        0.04621265,      -6.471913035,      -3.678044002,      -4.042739002,      -1.370112811,          6383.475,     0.02873047714,       1.164503212,                 0,                 0,                 0,     0.01210719994,     -0.1739198641,       1.151800787,                 0,       40.53198306
         56,        0.04705288,      -6.463170624,      -3.644160424,      -4.009097229,      -1.335233296,          6383.475,     0.02735294353,       1.161595906,                 0,                 0,                 0,     0.01216780343,     -0.1747716215,       1.148698443,                 0,       42.46694346
         57,        0.04789311,      -6.455817601,       -3.61330488,      -3.978371408,       -1.30415257,          6383.475,     0.02601172137,       1.158482386,                 0,                 0,                 0,     0.01225523891,     -0.1755518103,       1.145399324,                 0,       44.53693662
         58,        0.04873334,      -6.449739599,      -3.585666659,      -3.950727693,       -1.27674727,          6383.475,     0.02470898496,       1.155200395,                 0,                 0,                 0,     0.01237228445,     -0.1762648435,       1.141940975,                 0,          46.75224
         59,        0.04957357,      -6.444815528,      -3.561170522,      -3.926144627,      -1.252767244,          6383.475,     0.02344549648,       1.151777675,                 0,                 0,                 0,     0.01251865065,     -0.1769147877,       1.138350852,                 0,       49.12575325
         60,         0.0504138,      -6.440954551,      -3.539580589,      -3.904441114,      -1.231889029,          6383.475,     0.02222099219,       1.148228925,                 0,                 0,                 0,     0.01269100223,      -0.177504455,       1.134643383,                 0,       51.67316182
         61,        0.05125403,      -6.435990833,      -3.516830672,      -3.880859176,       -1.20742534,          6383.475,     0.02103455348,       1.144556669,                 0,                 0,                 0,     0.01288364925,     -0.1780351884,       1.130820893,                 0,       54.41316688
         62,        0.05209426,      -6.431667406,      -3.496210569,      -3.858111705,      -1.187303765,          6383.475,      0.0198861227,       1.140757224,                 0,                 0,                 0,     0.01309081222,     -0.1785064053,       1.126879747,                 0,       57.36448684
         63,        0.05293449,      -6.430445622,      -3.480823418,      -3.842573306,       -1.17302314,          6383.475,     0.01877726312,       1.136828165,                 0,                 0,                 0,     0.01330888426,     -0.1789161449,       1.122817829,                 0,       60.54280425
         64,        0.05377472,      -6.430189755,      -3.467324247,      -3.828833853,      -1.160687661,          6383.475,     0.01771029863,       1.132773582,                 0,                 0,                 0,     0.01353655482,     -0.1792628288,       1.118639567,                 0,       63.96129198
         65,        0.05461495,      -6.430968468,      -3.455642888,      -3.816649499,       -1.15015198,          6383.475,      0.0166885069,        1.12860823,                 0,                 0,                 0,      0.0137753198,     -0.1795457915,       1.114360064,                 0,       67.62787331
         66,        0.05545518,      -6.432804798,      -3.445655059,      -3.805893744,      -1.141271303,          6383.475,     0.01571553499,       1.124358033,                 0,                 0,                 0,      0.0140288608,     -0.1797659428,       1.110005482,                 0,       71.54436892
         67,        0.05629541,      -6.435727409,      -3.437333602,      -3.796583257,      -1.134019298,          6383.475,     0.01479467733,       1.120057483,                 0,                 0,                 0,     0.01430185043,     -0.1799260278,       1.105610362,                 0,        75.7067868
         68,        0.05713564,      -6.439770856,      -3.430716675,      -3.788817375,      -1.128439064,          6383.475,     0.01392829904,       1.115744972,                 0,                 0,                 0,     0.01459857242,     -0.1800303842,       1.101212923,                 0,       80.10633379
         69,        0.05797587,      -6.444968285,      -3.425863333,      -3.782719253,      -1.124597654,          6383.475,     0.01311754519,       1.111457625,                 0,                 0,                 0,     0.01492179707,     -0.1800843309,       1.096849924,                 0,       84.73061145
         70,         0.0588161,       -6.45135012,      -3.422818958,      -3.778401043,      -1.122549573,          6383.475,     0.01236236983,       1.107226967,                 0,                 0,                 0,     0.01527213475,     -0.1800933874,       1.092552404,                 0,       89.56429728
         71,        0.05965633,      -6.450444276,      -3.414384355,       -3.76404992,      -1.116275164,          6383.475,     0.01166124777,       1.103076223,                 0,                 0,                 0,     0.01564761484,     -0.1800630887,       1.088342971,                 0,       94.59332699
         72,        0.06049656,      -6.459190141,      -3.414561257,       -3.76307332,       -1.11741226,          6383.475,     0.01101355412,       1.099020685,                 0,                 0,                 0,     0.01604533635,     -0.1799967057,       1.084236575,                 0,       99.78801331
         73,        0.06133679,      -6.469155961,      -3.416451991,      -3.764119995,      -1.120382562,          6383.475,     0.01041757356,       1.095068847,                 0,                 0,                 0,     0.01646109246,     -0.1798974025,       1.080241283,                 0,       105.1174576
         74,        0.06217702,      -6.480537383,      -3.420135556,      -3.767046504,      -1.125210793,          6383.475,    0.009871881776,       1.091225301,                 0,                 0,                 0,      0.0168906771,     -0.1797673793,       1.076361371,                 0,       110.5387327
         75,        0.06301725,      -6.493379809,      -3.425455033,      -3.771619371,      -1.131697624,          6383.475,    0.009375430979,       1.087494207,                 0,                 0,                 0,     0.01733066807,     -0.1796083902,       1.072600753,                 0,       115.9940497
         76,        0.06385748,      -6.507704496,      -3.432281827,      -3.777644648,      -1.139678489,          6383.475,     0.00892758023,       1.083882445,                 0,                 0,                 0,     0.01777903222,     -0.1794222611,       1.068966093,                 0,       121.4083119
         77,        0.06469771,      -6.523565919,      -3.440564014,      -3.785110154,      -1.149092713,          6383.475,    0.008528047387,       1.080401723,                 0,                 0,                 0,      0.0182353549,     -0.1792113032,       1.065468873,                 0,       126.6880535
         78,        0.06553794,      -6.538974583,      -3.446614372,      -3.789388157,      -1.154334849,          6383.475,    0.008176419975,       1.077069206,                 0,                 0,                 0,     0.01870050653,      -0.178978903,       1.062125925,                 0,       131.7287039
         79,        0.06637817,      -6.558033602,      -3.457588754,      -3.799347263,         -1.166276,          6383.475,    0.007873101264,       1.073906936,                 0,                 0,                 0,     0.01917643032,     -0.1787284913,       1.058959026,                 0,       136.4020225
         80,         0.0672184,      -6.578837105,      -3.470161063,      -3.811024706,      -1.179850217,          6383.475,    0.007618192058,       1.070939584,                 0,                 0,                 0,     0.01966526434,     -0.1784642525,        1.05599249,                 0,       140.5766061
         81,        0.06805863,      -6.601724848,      -3.484670992,       -3.82458315,      -1.195345181,          6383.475,    0.007411530418,       1.068192076,                 0,                 0,                 0,     0.02016851093,     -0.1781906748,       1.053250837,                 0,        144.125709
         82,        0.06889886,      -6.626876748,      -3.501248294,      -3.840145314,      -1.212860982,          6383.475,    0.007252782942,       1.065687029,                 0,                 0,                 0,     0.02068657444,     -0.1779120136,       1.050756281,                 0,       146.9349127
         83,        0.06973909,      -6.654473852,      -3.520058582,      -3.857926886,      -1.232558954,          6383.475,    0.007141424524,       1.063442877,                 0,                 0,                 0,     0.02121857253,     -0.1776319875,       1.048526886,                 0,       148.9118696
         84,        0.07057932,      -6.684739795,       -3.54132236,      -3.878185765,      -1.254657178,          6383.475,    0.007076723325,        1.06147295,                 0,                 0,                 0,     0.02176246062,     -0.1773536314,       1.046575651,                 0,       149.9949767
         85,        0.07141955,      -6.717931506,      -3.565306636,      -3.901208359,      -1.279413867,          6383.475,    0.007057762325,       1.059785589,                 0,                 0,                 0,     0.02231539632,     -0.1770792972,       1.044910632,                 0,       150.1588663
         86,        0.07225978,      -6.754360228,      -3.592311898,      -3.927291386,      -1.307114505,          6383.475,    0.007083478909,        1.05838519,                 0,                 0,                 0,     0.02287423217,     -0.1768107945,       1.043535974,                 0,       149.4160148
         87,        0.07310001,      -6.794368444,      -3.622677087,      -3.956757961,       -1.33807736,          6383.475,    0.007152723541,       1.057273842,                 0,                 0,                 0,     0.02343601419,     -0.1765496183,       1.042453534,                 0,       147.8141628
         88,        0.07394024,       -6.83829286,      -3.656790411,      -3.989954497,      -1.372649468,          6383.475,    0.007264326574,       1.056453119,                 0,                 0,                 0,     0.02399836488,     -0.1762971938,       1.041664659,                 0,       145.4302898
         89,        0.07478047,      -6.886356267,      -3.695120057,      -4.027264055,       -1.41120462,          6383.475,    0.007417149588,       1.055925563,                 0,                 0,                 0,     0.02455966128,     -0.1760550834,       1.041171656,                 0,       142.3627164
         90,         0.0756207,      -6.946356272,      -3.750128866,      -4.086258345,      -1.468023478,          6383.475,    0.007610427882,        1.05569462,                 0,                 0,                 0,     0.02511862689,     -0.1758246386,       1.040977784,                 0,       138.7168549
         91,        0.07646093,      -7.007983993,       -3.81233144,      -4.151008899,      -1.529434711,          6383.475,    0.007842828065,       1.055766228,                 0,                 0,                 0,     0.02567475385,     -0.1756082037,        1.04108866,                 0,       134.6155009
         92,        0.07730116,      -7.002181601,      -3.804777647,      -4.115390484,      -1.516993692,          6383.475,    0.008111945645,       1.056153623,                 0,                 0,                 0,     0.02623025463,      -0.175410445,       1.041516901,                 0,       130.1973249
         93,        0.07814139,      -7.004926363,      -3.820057049,      -4.109100759,      -1.525778999,          6383.475,     0.00841872893,       1.056866334,                 0,                 0,                 0,     0.02678543913,     -0.1752320834,       1.042272057,                 0,       125.5375179
         94,        0.07898162,      -7.000016783,      -3.854060972,      -4.134536549,      -1.538341267,          6383.475,    0.008763528141,       1.057912883,                 0,                 0,                 0,     0.02734033082,     -0.1750742538,        1.04336258,                 0,       120.7176911
         95,        0.07982185,      -7.004895714,      -3.923236656,      -4.209273191,      -1.587403851,          6383.475,    0.009146001229,       1.059298496,                 0,                 0,                 0,      0.0278936334,     -0.1749382006,       1.044793558,                 0,        115.820944
         96,        0.08066208,       -7.00667738,      -4.013370783,      -4.310633386,      -1.660861425,          6383.475,    0.009564806483,       1.061025061,                 0,                 0,                 0,     0.02844323276,     -0.1748255727,       1.046566618,                 0,       110.9301127
         97,        0.08150231,      -7.007047482,      -4.110164226,      -4.415275141,      -1.739588721,          6383.475,     0.01001821702,       1.063091418,                 0,                 0,                 0,     0.02898641575,     -0.1747378696,       1.048680315,                 0,       106.1158303
         98,        0.08234254,      -7.005325333,      -4.172670896,      -4.478871521,       -1.82199535,          6383.475,     0.01050413679,       1.065491927,                 0,                 0,                 0,     0.02951898978,     -0.1746761761,       1.051128735,                 0,       101.4354581
         99,        0.08318277,       -7.00151602,      -4.210437833,      -4.498810414,      -1.833710136,          6383.475,     0.01102143444,       1.068225471,                 0,                 0,                 0,     0.03004086098,     -0.1746414123,       1.053910578,                 0,       96.92254465
        100,          0.084023,      -6.958070973,      -4.136103256,      -4.444031492,      -1.770112331,          6383.475,     0.01156971098,        1.07129006,                 0,                 0,                 0,     0.03055240812,     -0.1746336256,       1.057023816,                 0,       92.59436664
        101,        0.08486323,      -6.903996425,       -4.04197096,      -4.366374356,       -1.69453385,          6383.475,     0.01214868453,       1.074682451,                 0,                 0,                 0,     0.03105365888,     -0.1746525306,       1.060465207,                 0,       88.46080812
        102,        0.08570346,      -6.852077189,      -3.952090549,      -4.285950605,      -1.622037968,          6383.475,     0.01275786038,       1.078398545,                 0,                 0,                 0,     0.03154413081,     -0.1746979024,       1.064230627,                 0,       84.52816639
        103,        0.08654369,      -6.809926281,      -3.876952731,      -4.217321257,      -1.558178439,          6383.475,     0.01339641813,       1.082433543,                 0,                 0,                 0,     0.03202281625,     -0.1747697157,       1.068315208,                 0,       80.80022079
        104,        0.08738392,      -6.767472648,      -3.805554554,      -4.148711043,      -1.493728667,          6383.475,      0.0140637294,       1.086783008,                 0,                 0,                 0,     0.03248912147,     -0.1748678191,       1.072714473,                 0,       77.27559149
        105,        0.08822415,      -6.728647632,      -3.742489538,      -4.087030487,      -1.433308944,          6383.475,     0.01475870667,       1.091441065,                 0,                 0,                 0,     0.03294173557,     -0.1749922632,       1.077422445,                 0,       73.95235161
        106,        0.08906438,      -6.694546818,      -3.689960363,      -4.035405237,      -1.384149785,          6383.475,      0.0154797613,        1.09640004,                 0,                 0,                 0,     0.03337868152,     -0.1751432801,       1.082431292,                 0,       70.82796817
        107,        0.08990461,       -6.66301702,      -3.643315869,      -3.989312352,      -1.339703132,          6383.475,     0.01622521785,       1.101651188,                 0,                 0,                 0,     0.03379799332,     -0.1753210009,        1.08773211,                 0,       67.89746663
        108,        0.09074484,      -6.634275927,      -3.601758119,      -3.948281411,      -1.299751219,          6383.475,        0.01699343,       1.107185131,                 0,                 0,                 0,      0.0341982303,     -0.1755254188,        1.09331538,                 0,       65.15371715
        109,        0.09158507,      -6.608293156,      -3.564313991,      -3.911600793,      -1.263732449,          6383.475,     0.01778282884,       1.112992273,                 0,                 0,                 0,      0.0345786925,     -0.1757564122,       1.099171375,                 0,       62.58803268
        110,         0.0924253,      -6.575439875,      -3.522113583,      -3.866665514,      -1.223646281,          6383.475,     0.01859242542,       1.119063438,                 0,                 0,                 0,     0.03493987616,      -0.176013362,       1.105290891,                 0,       60.18921216
        111,        0.09326553,      -6.554023817,      -3.490467141,      -3.836035372,      -1.193131318,          6383.475,     0.01942016759,        1.12538786,                 0,                 0,                 0,     0.03528135861,     -0.1762964195,       1.111662967,                 0,       57.94944123
        112,        0.09410576,      -6.534312231,      -3.461186059,      -3.807984839,      -1.164807853,          6383.475,     0.02026463967,       1.131954161,                 0,                 0,                 0,     0.03560296036,     -0.1766050031,       1.118276152,                 0,       55.85858815
        113,        0.09494599,      -6.514124747,      -3.430436021,      -3.777568693,      -1.132836009,          6383.475,     0.02112457645,       1.138750166,                 0,                 0,                 0,     0.03590436152,     -0.1769382445,       1.125118237,                 0,       53.90641413
        114,        0.09578622,      -6.497375226,      -3.405343976,      -3.753499638,      -1.108114197,          6383.475,     0.02199774791,       1.145761809,                 0,                 0,                 0,     0.03618425074,     -0.1772958976,       1.132174982,                 0,       52.08541412
        115,        0.09662645,      -6.481910648,        -3.3821269,      -3.731457775,      -1.085123875,          6383.475,     0.02288196462,       1.152974567,                 0,                 0,                 0,     0.03644128032,     -0.1776775962,       1.139431704,                 0,       50.38791843
        116,        0.09746668,      -6.467839896,      -3.360786297,      -3.711310555,      -1.063883808,          6383.475,     0.02377503217,        1.16037372,                 0,                 0,                 0,     0.03667448885,     -0.1780829459,       1.146873527,                 0,       48.80639959
        117,        0.09830691,      -6.455111698,      -3.341123868,      -3.692845359,       -1.04421394,          6383.475,     0.02467463735,       1.167944656,                 0,                 0,                 0,       0.036883361,      -0.178511687,       1.154485659,                 0,       47.33381244
        118,        0.09914714,      -6.443646489,      -3.322972305,      -3.675944941,      -1.025966042,          6383.475,     0.02557838534,       1.175672873,                 0,                 0,                 0,     0.03706773018,     -0.1789636598,       1.162253401,                 0,       45.96352967
        119,        0.09998737,      -6.433356992,      -3.306203696,       -3.66041772,      -1.009003826,          6383.475,     0.02648383095,       1.183543814,                 0,                 0,                 0,     0.03722758475,     -0.1794387444,       1.170161993,                 0,       44.68929802
        120,         0.1008276,      -6.424170973,      -3.290717519,      -3.646194067,     -0.9932344789,          6383.475,     0.02738843236,       1.191542681,                 0,                 0,                 0,     0.03736289646,     -0.1799368746,       1.178196421,                 0,       43.50532608
        121,        0.10166783,      -6.416042382,      -3.276439625,      -3.633199847,     -0.9785902815,          6383.475,     0.02828961137,        1.19965427,                 0,                 0,                 0,     0.03747354234,     -0.1804579493,       1.186341266,                 0,       42.40617711
        122,        0.10250806,      -6.408938366,      -3.263305101,      -3.621375796,     -0.9650234697,          6383.475,     0.02918471842,       1.207862895,                 0,                 0,                 0,     0.03755931738,     -0.1810018536,       1.194580617,                 0,       41.38682709
        123,        0.10334829,      -6.402832759,      -3.251256277,      -3.610665755,     -0.9524841945,          6383.475,     0.03007101174,        1.21615235,                 0,                 0,                 0,     0.03761999395,     -0.1815684738,       1.202898039,                 0,       40.44268149
        124,        0.10418852,      -6.397705356,      -3.240241575,      -3.601018585,     -0.9409218643,          6383.475,     0.03094564617,       1.224505921,                 0,                 0,                 0,     0.03765537561,     -0.1821577094,        1.21127658,                 0,       39.56957027
        125,        0.10502875,      -6.393546363,       -3.23022549,      -3.592396481,     -0.9303209474,          6383.475,     0.03180567808,        1.23290643,                 0,                 0,                 0,     0.03766532257,     -0.1827694764,       1.219698809,                 0,       38.76372095
        126,        0.10586898,      -6.390329284,      -3.221171566,      -3.584759489,     -0.9206402922,          6383.475,     0.03264808169,       1.241336295,                 0,                 0,                 0,     0.03764975175,     -0.1834037014,       1.228146887,                 0,       38.02172227
        127,        0.10670921,      -6.388037836,      -3.213054585,      -3.578084426,     -0.9118587534,          6383.475,     0.03346978072,       1.249777628,                 0,                 0,                 0,     0.03760861843,      -0.184060308,       1.236602664,                 0,       37.34047851
        128,        0.10754944,      -6.386658083,      -3.205856233,      -3.572348882,     -0.9039607628,          6383.475,     0.03426766678,       1.258212331,                 0,                 0,                 0,     0.03754190508,     -0.1847392144,       1.245047776,                 0,       36.71718704
        129,        0.10838967,      -6.386182976,      -3.199560505,      -3.567538434,     -0.8969346589,          6383.475,     0.03503863275,       1.266622247,                 0,                 0,                 0,     0.03744962233,     -0.1854403277,       1.253463803,                 0,       36.14930569
        130,         0.1092299,      -6.386615048,      -3.194162688,      -3.563648999,     -0.8907836554,          6383.475,     0.03577957939,       1.274989274,                 0,                 0,                 0,     0.03733184373,     -0.1861635568,       1.261832381,                 0,       35.63455177
        131,        0.11007013,      -6.387960401,      -3.189658376,      -3.560678522,      -0.885508799,          6383.475,     0.03648745394,       1.283295506,                 0,                 0,                 0,     0.03718874858,     -0.1869087986,       1.270135344,                 0,        35.1708702
        132,        0.11091036,      -6.390231013,      -3.186042623,      -3.558620161,     -0.8811133207,          6383.475,      0.0371592685,       1.291523355,                 0,                 0,                 0,     0.03702065797,     -0.1876759414,       1.278354853,                 0,       34.75642572
        133,        0.11175059,      -6.393441183,      -3.183314745,      -3.557474421,     -0.8776026676,          6383.475,     0.03779212108,       1.299655641,                 0,                 0,                 0,     0.03682804881,     -0.1884648598,       1.286473484,                 0,       34.38959243
        134,        0.11259082,      -6.397613182,      -3.181477028,      -3.557242403,     -0.8749854915,          6383.475,     0.03838323145,       1.307675651,                 0,                 0,                 0,     0.03661154082,     -0.1892753899,       1.294474298,                 0,       34.06893066
        135,        0.11343105,      -6.402771143,      -3.180541503,      -3.557950672,     -0.8732844971,          6383.475,     0.03893003017,       1.315567113,                 0,                 0,                 0,     0.03637188032,     -0.1901072362,       1.302340821,                 0,       33.79311824
        136,        0.11427128,        -6.4089113,      -3.180518349,      -3.559602323,     -0.8724920484,          6383.475,     0.03942998501,       1.323314325,                 0,                 0,                 0,     0.03610988757,      -0.190960166,       1.310057151,                 0,        33.5611166
        137,        0.11511151,      -6.416088044,      -3.181408091,      -3.562189336,     -0.8726324507,          6383.475,     0.03988066346,       1.330902002,                 0,                 0,                 0,     0.03582645661,     -0.1918339207,       1.317607814,                 0,       33.37211286
        138,        0.11595174,      -6.424326233,      -3.183233362,      -3.565732222,     -0.8737224211,          6383.475,     0.04027975736,       1.338315343,                 0,                 0,                 0,     0.03552252882,     -0.1927282031,       1.324977832,                 0,       33.22550657
        139,        0.11679197,      -6.433673644,      -3.186018291,      -3.570248979,     -0.8757931988,          6383.475,     0.04062514935,       1.345540028,                 0,                 0,                 0,     0.03519909096,     -0.1936426118,       1.332152735,                 0,       33.12086355
        140,         0.1176322,      -6.444189703,      -3.189796993,      -3.575766302,     -0.8788855333,          6383.475,     0.04091488873,       1.352562243,                 0,                 0,                 0,     0.03485717399,     -0.1945766691,       1.339118579,                 0,       33.05794749
        141,        0.11847243,       -6.45593341,      -3.194592135,      -3.582297593,     -0.8830190252,          6383.475,     0.04114716771,       1.359368699,                 0,                 0,                 0,     0.03449785034,     -0.1955298476,       1.345861965,                 0,       33.03675015
        142,        0.11931266,      -6.468954247,      -3.200435406,      -3.589879457,     -0.8882300496,          6383.475,     0.04132034907,       1.365946628,                 0,                 0,                 0,     0.03412223599,     -0.1965015427,       1.352370033,                 0,       33.05748037
        143,        0.12015289,      -6.483339809,      -3.207372657,      -3.598532959,     -0.8945664142,          6383.475,     0.04143297739,       1.372283811,                 0,                 0,                 0,     0.03373148203,     -0.1974910657,       1.358630498,                 0,        33.1205696
        144,        0.12099312,      -6.499168452,      -3.215442422,      -3.608283853,     -0.9020628655,          6383.475,     0.04148379812,       1.378368591,                 0,                 0,                 0,     0.03332676381,      -0.198497628,       1.364631661,                 0,       33.22667291
        145,        0.12183335,      -6.516531591,        -3.2246881,      -3.619177684,     -0.9107662703,          6383.475,     0.04147177442,       1.384189879,                 0,                 0,                 0,     0.03290927432,      -0.199520325,       1.370362422,                 0,        33.3766736
        146,        0.12267358,      -6.535551634,      -3.235196447,       -3.63127537,      -0.920771014,          6383.475,     0.04139599407,       1.389737132,                 0,                 0,                 0,     0.03248022599,     -0.2005582245,       1.375812241,                 0,       33.57177822
        147,        0.12351381,      -6.556340345,      -3.247025396,      -3.644623963,     -0.9321244836,          6383.475,     0.04125577612,       1.395000408,                 0,                 0,                 0,     0.03204083102,     -0.2016102705,       1.380971208,                 0,       33.81345691
        148,        0.12435404,      -6.579073978,      -3.260258686,      -3.659354151,      -0.944957741,          6383.475,     0.04105065934,       1.399970326,                 0,                 0,                 0,     0.03159230191,     -0.2026752884,       1.385830004,                 0,       34.10347968
        149,        0.12519427,      -6.603823762,      -3.274973646,      -3.675454653,     -0.9592876612,          6383.475,      0.0407803904,       1.404638055,                 0,                 0,                 0,     0.03113585021,     -0.2037519939,       1.390379887,                 0,       34.44395803
        150,         0.1260345,      -6.630761283,      -3.291275201,      -3.693035147,     -0.9752435092,          6383.475,     0.04044493688,       1.408995332,                 0,                 0,                 0,     0.03067268029,     -0.2048389844,       1.394612717,                 0,       34.83737251
        151,        0.12687473,      -6.660047981,       -3.30928289,      -3.712200251,     -0.9929506601,          6383.475,     0.04004449755,        1.41303449,                 0,                 0,                 0,      0.0302039871,     -0.2059347324,       1.398520975,                 0,       35.28660805
        152,        0.12771496,      -6.691803179,       -3.32913008,      -3.733074988,       -1.01254663,          6383.475,      0.0395794909,        1.41674844,                 0,                 0,                 0,     0.02973096006,     -0.2070375953,       1.402097754,                 0,       35.79501423
        153,        0.12855519,      -6.726103919,       -3.35098757,      -3.755819371,      -1.034207584,          6383.475,     0.03905056734,       1.420130668,                 0,                 0,                 0,     0.02925478231,      -0.208145801,       1.405336752,                 0,       36.36645417
        154,        0.12939542,      -6.762930503,      -3.375054708,       -3.78061412,      -1.058143543,          6383.475,     0.03845862315,       1.423175258,                 0,                 0,                 0,     0.02877662314,     -0.2092574398,       1.408232298,                 0,       37.00536164
        155,        0.13023565,       -6.80202424,      -3.401572773,      -3.807664695,      -1.084599063,          6383.475,     0.03780479519,       1.425876916,                 0,                 0,                 0,     0.02829763455,     -0.2103704727,       1.410779376,                 0,        37.7168269
        156,        0.13107588,      -6.842728898,      -3.430816677,      -3.837211236,      -1.113859431,          6383.475,     0.03709045802,        1.42823097,                 0,                 0,                 0,     0.02781895288,     -0.2114827345,       1.412973622,                 0,       38.50669541
        157,        0.13191611,      -6.883658543,      -3.463113725,      -3.869528139,      -1.146266304,          6383.475,     0.03631723136,       1.430233371,                 0,                 0,                 0,     0.02734170428,     -0.2125919275,       1.414811334,                 0,       39.38167414
        158,        0.13275634,      -6.922313072,      -3.498850626,      -3.904928691,       -1.18222832,          6383.475,     0.03548697671,        1.43188071,                 0,                 0,                 0,     0.02686700234,     -0.2136956262,       1.416289474,                 0,       40.34947023
        159,        0.13359657,      -6.954847244,      -3.538480348,      -3.943750416,      -1.222225424,          6383.475,     0.03460179508,       1.433170229,                 0,                 0,                 0,     0.02639594638,     -0.2147912825,       1.417405692,                 0,       41.41895604
        160,         0.1344368,      -6.976631081,      -3.582575094,      -3.986408637,      -1.266850663,          6383.475,     0.03366402418,       1.434099848,                 0,                 0,                 0,     0.02592962195,     -0.2158762331,       1.418158345,                 0,       42.60036887
        161,        0.13527703,      -6.983680868,       -3.63185969,      -4.033386636,        -1.3168366,          6383.475,     0.03267622753,       1.434668172,                 0,                 0,                 0,     0.02546909715,     -0.2169477114,       1.418546506,                 0,       43.90556316
        162,        0.13611726,      -6.978213308,      -3.691377797,      -4.089994083,       -1.38000008,          6383.475,     0.03164110647,       1.434875081,                 0,                 0,                 0,     0.02501567387,      -0.218003036,       1.418570524,                 0,       45.34844829
        163,        0.13695749,      -6.962913369,      -3.761741511,      -4.156958996,      -1.449530521,          6383.475,     0.03056179742,       1.434721282,                 0,                 0,                 0,     0.02457062614,     -0.2190392411,       1.418231643,                 0,       46.94492482
        164,        0.13779772,      -6.932051984,      -3.836661576,      -4.222678698,      -1.525884622,          6383.475,      0.0294417895,        1.43420723,                 0,                 0,                 0,     0.02413493836,     -0.2200529694,       1.417530913,                 0,       48.71331718
        165,        0.13863795,      -6.897565652,      -3.917339179,      -4.288947215,      -1.607765728,          6383.475,     0.02828450457,       1.433334845,                 0,                 0,                 0,     0.02370974742,     -0.2210411844,       1.416470821,                 0,        50.6756214
        166,        0.13947818,      -6.861122771,      -3.995126467,      -4.346661686,      -1.685549881,          6383.475,     0.02709357693,       1.432106578,                 0,                 0,                 0,     0.02329606623,     -0.2220007329,       1.415054411,                 0,        52.8577892
        167,        0.14031841,      -6.821857107,      -4.050796707,       -4.38340405,      -1.737770121,          6383.475,     0.02587275865,       1.430525631,                 0,                 0,                 0,     0.02289487063,     -0.2229284757,        1.41328549,                 0,       55.29080415
        168,        0.14115864,      -6.799532034,      -4.076540682,      -4.401382468,      -1.759987404,          6383.475,     0.02462617174,       1.428597291,                 0,                 0,                 0,     0.02250780192,     -0.2238212713,       1.411169978,                 0,        58.0113428
        169,        0.14199887,      -6.738416669,      -4.009591437,      -4.350985084,      -1.686323144,          6383.475,     0.02335687222,       1.426322704,                 0,                 0,                 0,     0.02213349148,     -0.2246763094,       1.408709535,                 0,       61.06651142
        170,         0.1428391,      -6.701047042,      -3.938070365,      -4.296017403,        -1.6045477,          6383.475,     0.02206910388,       1.423708959,                 0,                 0,                 0,     0.02177366126,     -0.2254906417,       1.405911881,                 0,       64.51140774
        171,        0.14367933,      -6.664924583,      -3.863092813,      -4.233800546,      -1.531478215,          6383.475,      0.0207671506,       1.420763436,                 0,                 0,                 0,     0.02142962618,     -0.2262613306,       1.402785025,                 0,       68.41398049
        172,        0.14451956,      -6.634513911,      -3.792959932,      -4.173292904,       -1.46101056,          6383.475,     0.01945546898,       1.417494756,                 0,                 0,                 0,     0.02110284673,     -0.2269854846,       1.399338233,                 0,       72.85842135
        173,        0.14535979,      -6.602001999,      -3.722445096,      -4.107629438,      -1.386736122,          6383.475,     0.01813785171,       1.413910989,                 0,                 0,                 0,     0.02079363861,     -0.2276607697,       1.395580109,                 0,        77.9536084
        174,        0.14620002,      -6.576404737,      -3.665637155,      -4.055083712,      -1.330862985,          6383.475,     0.01681905846,        1.41002297,                 0,                 0,                 0,     0.02050349488,       -0.22828438,       1.391522152,                 0,       83.83483377
        175,        0.14704025,      -6.552878233,       -3.61510979,      -4.007535186,      -1.281400133,          6383.475,     0.01550347567,       1.405841913,                 0,                 0,                 0,     0.02023348928,     -0.2288539433,       1.387176166,                 0,       90.67914466
        176,        0.14788048,      -6.528246019,      -3.568879343,      -3.961357098,      -1.237730249,          6383.475,     0.01419519441,       1.401379572,                 0,                 0,                 0,     0.01998430954,     -0.2293674713,       1.382554437,                 0,       98.72211194
        177,        0.14872071,       -6.50876014,      -3.528894249,      -3.922477657,      -1.198723117,          6383.475,     0.01289840541,       1.396648593,                 0,                 0,                 0,     0.01975675825,     -0.2298230333,       1.377670147,                 0,       108.2807175
        178,        0.14956094,      -6.491041929,      -3.493142951,      -3.887235971,      -1.163921862,          6383.475,       0.011616883,       1.391662257,                 0,                 0,                 0,     0.01955136031,     -0.2302192184,       1.372537031,                 0,       119.7965286
        179,        0.15040117,      -6.474944941,      -3.461108671,      -3.855230986,      -1.132791374,          6383.475,     0.01035434538,       1.386434766,                 0,                 0,                 0,     0.01936877049,     -0.2305548309,        1.36716972,                 0,       133.8988333
        180,         0.1512414,      -6.452776844,       -3.42366515,       -3.81396708,      -1.093081543,          6383.475,     0.00911335729,       1.380980192,                 0,                 0,                 0,     0.01920880089,     -0.2308297889,       1.361582518,                 0,       151.5336388
        181,        0.15208163,      -6.439398021,      -3.397221167,      -3.786904546,      -1.067458951,          6383.475,    0.007898429358,       1.375315187,                 0,                 0,                 0,     0.01907283229,     -0.2310425415,       1.355792607,                 0,       174.1251488
        182,        0.15292186,      -6.427286245,      -3.373528253,      -3.762623825,      -1.044693897,          6383.475,    0.006712908299,       1.369456614,                 0,                 0,                 0,     0.01896189814,     -0.2311927213,       1.349817175,                 0,        204.003474
        183,        0.15376209,      -6.416669706,      -3.352552843,      -3.740826893,      -1.024655871,          6383.475,    0.005559724557,       1.363421648,                 0,                 0,                 0,     0.01887661581,     -0.2312804248,       1.343673646,                 0,       245.2318697
        184,        0.15460232,      -6.407481283,      -3.333941659,      -3.721186312,      -1.006971382,          6383.475,    0.004441538487,       1.357227612,                 0,                 0,                 0,     0.01881723795,       -0.23130604,        1.33737954,                 0,       305.5760107
        185,        0.15544255,      -6.399623892,      -3.317415412,      -3.703481733,     -0.9913675397,          6383.475,    0.003360734388,       1.350891944,                 0,                 0,                 0,     0.01878374353,      -0.231270247,       1.330952445,                 0,       401.9633174
        186,        0.15628278,      -6.393025517,      -3.302796995,      -3.687574477,     -0.9776704131,          6383.475,    0.002319426696,       1.344432253,                 0,                 0,                 0,     0.01877596142,     -0.2311740214,       1.324410071,                 0,       579.6398979
        187,        0.15712301,      -6.387627622,      -3.289938516,      -3.673338072,     -0.9657394647,          6383.475,     0.00131945013,       1.337866325,                 0,                 0,                 0,      0.0187936725,     -0.2310186447,        1.31777025,                 0,       1013.957477
        188,        0.15796324,      -6.383383997,      -3.278728969,      -3.660671916,     -0.9554611283,          6383.475,   0.0003623959925,       1.331212106,                 0,                 0,                 0,     0.01883665628,     -0.2308056659,       1.311050932,                 0,        3673.36321
        189,        0.15880347,      -6.380262838,      -3.269080168,      -3.649498526,     -0.9467453676,          6383.475,  -0.0005503608721,       1.324487696,                 0,                 0,                 0,     0.01890468551,     -0.2305368744,       1.304270182,                 0,      -2406.580415
        190,         0.1596437,      -6.378250798,      -3.260914814,       -3.63975674,     -0.9395186249,          6383.475,   -0.001417661781,       1.317711259,                 0,                 0,                 0,       0.018997481,     -0.2302142831,        1.29744609,                 0,      -929.4962141
        191,        0.16048393,      -6.377322936,      -3.254157019,      -3.631382382,      -0.933701891,          6383.475,   -0.002238532496,       1.310901045,                 0,                 0,                 0,     0.01911475349,     -0.2298401018,       1.290596796,                 0,      -585.6073331
        192,        0.16132416,      -6.377517342,      -3.248746379,       -3.62434669,     -0.9292641686,          6383.475,   -0.003012206319,       1.304074892,                 0,                 0,                 0,      0.0192558783,     -0.2294166727,           1.28374,                 0,      -432.9301362
        193,        0.16216439,      -6.378823278,      -3.244616636,      -3.618580286,     -0.9261345659,          6383.475,   -0.003738163832,       1.297250175,                 0,                 0,                 0,     0.01941994156,     -0.2289465016,       1.276892904,                 0,      -347.0287107
        194,        0.16300462,      -6.381219644,      -3.241694663,      -3.614027298,     -0.9242329631,          6383.475,   -0.004416122991,       1.290443929,                 0,                 0,                 0,     0.01960590147,     -0.2284322687,       1.270072334,                 0,       -292.211954
        195,        0.16384485,        -6.3846882,      -3.239947515,      -3.610649008,     -0.9235147511,          6383.475,   -0.005045882667,       1.283673247,                 0,                 0,                 0,      0.0198128906,     -0.2278767444,       1.263295157,                 0,      -254.4001379
        196,        0.16468508,      -6.389230064,      -3.239352283,      -3.608416093,     -0.9239539534,          6383.475,   -0.005627333989,       1.276955167,                 0,                 0,                 0,     0.02004016619,     -0.2272827799,       1.256578173,                 0,      -226.9200957
        197,        0.16552531,      -6.394846423,      -3.239878276,      -3.607312865,      -0.925516164,          6383.475,   -0.006160444665,       1.270306695,                 0,                 0,                 0,     0.02028711787,     -0.2266532963,       1.249938132,                 0,      -206.2037343
        198,        0.16636554,      -6.401559967,       -3.24150666,      -3.607334191,     -0.9281861914,          6383.475,   -0.006645249327,       1.263744736,                 0,                 0,                 0,     0.02055318748,     -0.2259912635,       1.243391678,                 0,      -190.1726592
        199,        0.16720577,      -6.409400024,      -3.244221817,      -3.608469099,     -0.9319579565,          6383.475,   -0.007081845469,       1.257285994,                 0,                 0,                 0,     0.02083777937,      -0.225299678,       1.236955245,                 0,      -177.5364909
        200,          0.168046,      -6.418371936,      -3.248002233,      -3.610670028,     -0.9367694853,          6383.475,   -0.007470393909,       1.250946891,                 0,                 0,                 0,     0.02114021768,     -0.2245815499,       1.230644977,                 0,      -167.4539397
        201,        0.16888623,      -6.428539851,      -3.252851474,      -3.613999031,     -0.9426730958,          6383.475,   -0.007811123877,       1.244743527,                 0,                 0,                 0,     0.02145976182,     -0.2238399005,       1.224476688,                 0,      -159.3552409
        202,        0.16972646,      -6.439960309,      -3.258770391,       -3.61843155,     -0.9496679052,          6383.475,    -0.00810427481,       1.238691673,                 0,                 0,                 0,     0.02179564675,     -0.2230777043,        1.21846587,                 0,      -152.8442337
        203,        0.17056669,      -6.452649063,      -3.265769084,      -3.623994701,     -0.9577392842,          6383.475,    -0.00835015867,       1.232806766,                 0,                 0,                 0,     0.02214712109,     -0.2222979493,       1.212627671,                 0,      -147.6387233
        204,        0.17140692,      -6.466672418,      -3.273865277,      -3.630713581,     -0.9669119792,          6383.475,   -0.008549217646,        1.22710394,                 0,                 0,                 0,     0.02251344432,     -0.2215036987,       1.206976917,                 0,      -143.5340625
        205,        0.17224715,       -6.48209374,      -3.283086512,      -3.638616917,     -0.9772130472,          6383.475,   -0.008701968828,       1.221597946,                 0,                 0,                 0,     0.02289388666,     -0.2206980235,       1.201528047,                 0,      -140.3817883
        206,        0.17308738,      -6.498997181,      -3.293464396,      -3.647736988,     -0.9886747042,          6383.475,   -0.008808946791,       1.216303134,                 0,                 0,                 0,     0.02328771548,     -0.2198839419,       1.196295099,                 0,      -138.0758862
        207,        0.17392761,      -6.517472672,      -3.305036073,      -3.658114106,      -1.001331713,          6383.475,   -0.008870695801,       1.211233456,                 0,                 0,                 0,     0.02369419248,     -0.2190644124,       1.191291718,                 0,      -136.5432299
        208,        0.17476784,      -6.537620111,      -3.317846997,      -3.669793202,      -1.015224995,          6383.475,   -0.008887778959,       1.206402459,                 0,                 0,                 0,     0.02411257509,     -0.2182423422,       1.186531148,                 0,      -135.7372258
        209,        0.17560807,       -6.55956358,      -3.331960443,       -3.68283859,      -1.030417706,          6383.475,   -0.008860788719,       1.201823242,                 0,                 0,                 0,     0.02454211829,     -0.2174205892,       1.182026186,                 0,      -135.6338899
        210,         0.1764483,      -6.583442423,      -3.347452432,      -3.697328407,      -1.046984151,          6383.475,   -0.008790343418,       1.197508416,                 0,                 0,                 0,     0.02498206712,     -0.2166019526,       1.177789146,                 0,      -136.2299923
        211,        0.17728853,      -6.609414368,      -3.364414344,      -3.713342646,      -1.065009642,          6383.475,    -0.00867709994,       1.193469984,                 0,                 0,                 0,     0.02543158671,     -0.2157891631,        1.17383173,                 0,       -137.542496
        212,        0.17812876,      -6.637668773,      -3.382957681,      -3.731025861,      -1.084615683,          6383.475,   -0.008521749843,         1.1897194,                 0,                 0,                 0,     0.02588985267,     -0.2149848911,       1.170165103,                 0,      -139.6097541
        213,        0.17896899,      -6.668407724,      -3.403213626,      -3.750475931,      -1.105918719,          6383.475,   -0.008324976127,       1.186267746,                 0,                 0,                 0,     0.02635619805,     -0.2141917333,       1.166800056,                 0,      -142.4950327
        214,        0.17980922,      -6.701846213,      -3.425331827,      -3.771855619,      -1.129071542,          6383.475,   -0.008087515233,       1.183125223,                 0,                 0,                 0,     0.02682976455,     -0.2134121867,       1.163746511,                 0,       -146.290324
        215,        0.18064945,      -6.738200803,      -3.449495384,      -3.795339144,      -1.154248892,          6383.475,   -0.007810141862,       1.180301292,                 0,                 0,                 0,     0.02730963712,     -0.2126486567,       1.161013646,                 0,      -151.1241809
        216,        0.18148968,      -6.777659676,      -3.475928405,      -3.821151979,      -1.181670025,          6383.475,   -0.007493658309,       1.177804648,                 0,                 0,                 0,     0.02779486249,     -0.2119034436,       1.158609889,                 0,      -157.1735192
        217,        0.18232991,      -6.820315975,      -3.504901265,      -3.849557235,       -1.21159565,          6383.475,   -0.007138891355,       1.175643178,                 0,                 0,                 0,     0.02828444807,      -0.211178731,       1.156542861,                 0,      -164.6814778
        218,        0.18317014,      -6.866030957,      -3.536736339,      -3.880865395,      -1.244329579,          6383.475,   -0.006746696009,       1.173823911,                 0,                 0,                 0,     0.02877736547,     -0.2104765817,       1.154819337,                 0,      -173.9850009
        219,        0.18401037,      -6.914172786,      -3.571820313,      -3.915450393,      -1.280227817,          6383.475,   -0.006317953639,       1.172352982,                 0,                 0,                 0,     0.02927255042,     -0.2097989287,       1.153445205,                 0,       -185.558972
        220,         0.1848506,      -6.963152559,      -3.610619585,      -3.953759046,      -1.319705721,          6383.475,   -0.005853571701,         1.1712356,                 0,                 0,                 0,     0.02976890165,     -0.2091475704,       1.152425438,                 0,      -200.0890499
        221,        0.18569083,      -7.002463575,      -3.645370332,      -3.984336038,      -1.357414972,          6383.475,   -0.005354708523,       1.170476737,                 0,                 0,                 0,     0.03026552898,     -0.2085245109,        1.15176473,                 0,      -218.5883195
        222,        0.18653106,       -7.00565329,      -3.655085942,      -3.980642691,      -1.367135132,          6383.475,   -0.004822863307,       1.170082709,                 0,                 0,                 0,     0.03076249536,     -0.2079323233,       1.151469042,                 0,       -242.611626
        223,        0.18737129,      -7.004713661,      -3.686647836,      -4.006356631,      -1.396485379,          6383.475,   -0.004257615796,       1.170055315,                 0,                 0,                 0,     0.03125834077,     -0.2073709063,       1.151540218,                 0,      -274.8146782
        224,        0.18821152,      -7.008979695,      -3.750769351,      -4.075661067,       -1.45486563,          6383.475,   -0.003659192709,       1.170393342,                 0,                 0,                 0,     0.03175081882,     -0.2068402723,       1.151977025,                 0,      -319.8501514
        225,        0.18905175,      -7.005473877,      -3.833078331,       -4.16485455,       -1.53325251,          6383.475,   -0.003029210729,        1.17109524,                 0,                 0,                 0,     0.03223785472,     -0.2063417445,       1.152777655,                 0,       -386.600783
        226,        0.18989198,      -7.000745582,      -3.935914448,      -4.271431757,      -1.629969147,          6383.475,     -0.0023694328,       1.172157962,                 0,                 0,                 0,     0.03271713023,     -0.2058765298,       1.153938801,                 0,      -494.6998124
        227,        0.19073221,      -6.998260455,      -4.054708891,      -4.382624422,       -1.74374178,          6383.475,   -0.001681718921,         1.1735779,                 0,                 0,                 0,      0.0331864873,     -0.2054458335,       1.155456587,                 0,       -697.844262
        228,        0.19157244,      -6.972708535,      -4.138586307,       -4.45088506,      -1.807068948,          6383.475,  -0.0009675236314,        1.17535401,                 0,                 0,                 0,     0.03364578966,     -0.2050509067,       1.157329733,                 0,      -1214.806514
        229,        0.19241267,      -6.993437403,      -4.239345398,      -4.522387091,      -1.890791106,          6383.475,  -0.0002284914958,       1.177478825,                 0,                 0,                 0,     0.03409160087,     -0.2046920725,       1.159550599,                 0,       -5153.27199
        230,         0.1932529,      -6.878608442,      -4.130961944,       -4.44661611,      -1.783523866,          6383.475,    0.000536467312,       1.179960912,                 0,                 0,                 0,     0.03453080881,     -0.2043697449,       1.162127811,                 0,       2199.501974
        231,        0.19409313,      -6.822494304,      -4.053713852,      -4.381631205,      -1.713948564,          6383.475,    0.001326464421,        1.18279363,                 0,                 0,                 0,     0.03496106946,      -0.204083646,       1.165054675,                 0,       891.6889225
        232,        0.19493336,      -6.780321247,      -3.971779116,      -4.308224508,      -1.635682591,          6383.475,    0.002140403212,       1.185970275,                 0,                 0,                 0,     0.03538043129,     -0.2038336914,       1.168324399,                 0,       554.0873182
        233,        0.19577359,      -6.736607598,      -3.889695337,      -4.229882165,      -1.562809036,          6383.475,    0.002977257042,       1.189483819,                 0,                 0,                 0,     0.03578739422,     -0.2036196717,       1.171929882,                 0,       399.5233874
        234,        0.19661382,      -6.701995912,      -3.820518938,      -4.163426753,      -1.498922753,          6383.475,    0.003835388338,       1.193324612,                 0,                 0,                 0,     0.03617946843,      -0.203441524,       1.175861338,                 0,       311.1352767
        235,        0.19745405,      -6.670157255,      -3.759184284,      -4.103635153,      -1.441092535,          6383.475,    0.004713189016,       1.197482195,                 0,                 0,                 0,     0.03655458256,     -0.2032990159,       1.180108186,                 0,       254.0704799
        236,        0.19829428,      -6.638297232,      -3.701025383,      -4.045161318,      -1.384559424,          6383.475,    0.005609115696,       1.201945755,                 0,                 0,                 0,      0.0369113585,     -0.2031917894,       1.184659511,                 0,       214.2843578
        237,        0.19913451,      -6.609694963,      -3.649083394,      -3.993534461,       -1.33188472,          6383.475,    0.006521435229,       1.206703863,                 0,                 0,                 0,     0.03724873648,     -0.2031195668,       1.189503755,                 0,        185.036548
        238,        0.19997474,      -6.585680549,      -3.605775829,      -3.951538767,      -1.290429009,          6383.475,    0.007448290668,       1.211744881,                 0,                 0,                 0,     0.03756604039,      -0.203082156,       1.194629135,                 0,       162.6876467
        239,        0.20081497,      -6.563773967,      -3.566569073,      -3.914074966,      -1.252997082,          6383.475,    0.008388152945,       1.217057742,                 0,                 0,                 0,      0.0378632301,      -0.203079141,       1.200024488,                 0,       145.0924596
        240,         0.2016552,      -6.543796126,      -3.530918407,      -3.880232632,       -1.21893043,          6383.475,    0.009339689698,       1.222631504,                 0,                 0,                 0,     0.03814057707,     -0.2031099338,       1.205678804,                 0,       130.9070797
        241,        0.20249543,      -6.522019497,      -3.496432629,      -3.845766092,      -1.187141979,          6383.475,     0.01030158045,       1.228454682,                 0,                 0,                 0,     0.03839820716,     -0.2031738405,       1.211580545,                 0,        119.249147
        242,        0.20333566,      -6.499557581,      -3.460941699,      -3.809311657,       -1.15182509,          6383.475,     0.01127251459,       1.234515046,                 0,                 0,                 0,     0.03863595742,     -0.2032700283,        1.21771744,                 0,       109.5154977
        243,        0.20417589,      -6.483909416,      -3.433289788,      -3.782960497,      -1.124718441,          6383.475,     0.01225019627,       1.240798237,                 0,                 0,                 0,     0.03885254602,     -0.2033982644,       1.224074948,                 0,       101.2880291
        244,        0.20501612,      -6.469488672,      -3.407894038,      -3.758991897,      -1.099711153,          6383.475,     0.01323254301,        1.24728915,                 0,                 0,                 0,     0.03904672735,     -0.2035579769,       1.230637832,                 0,       94.25921752
        245,        0.20585635,      -6.454274195,      -3.380955732,      -3.732636735,      -1.071062599,          6383.475,     0.01421777756,       1.253972536,                 0,                 0,                 0,     0.03921785485,     -0.2037482682,       1.237390767,                 0,       88.19750702
        246,        0.20669658,      -6.442384515,      -3.359415614,      -3.712451951,      -1.049602607,          6383.475,     0.01520310408,       1.260832028,                 0,                 0,                 0,     0.03936499745,     -0.2039690493,       1.244317148,                 0,       82.93253944
        247,        0.20753681,      -6.431616108,      -3.339586354,      -3.694152272,       -1.02981832,          6383.475,     0.01618592959,       1.267851288,                 0,                 0,                 0,     0.03948752689,     -0.2042200367,       1.251400435,                 0,       78.33045858
        248,        0.20837704,      -6.422051073,      -3.321474801,      -3.677572275,      -1.011675184,          6383.475,     0.01716379029,        1.27501386,                 0,                 0,                 0,     0.03958517585,     -0.2045007995,       1.258623995,                 0,       74.28509892
        249,        0.20921727,      -6.413623412,      -3.304909239,      -3.662514967,     -0.9949885798,          6383.475,     0.01813418275,       1.282303192,                 0,                 0,                 0,     0.03965783303,     -0.2048109288,       1.265971093,                 0,       70.71193721
        250,         0.2100575,      -6.406265488,      -3.289749557,      -3.648857876,     -0.9796243894,          6383.475,     0.01909457269,       1.289702614,                 0,                 0,                 0,     0.03970544833,     -0.2051500255,       1.273424871,                 0,       67.54288956
        251,        0.21089773,      -6.399924566,       -3.27589039,      -3.636513106,     -0.9654858198,          6383.475,     0.02004238507,       1.297195295,                 0,                 0,                 0,     0.03972797582,     -0.2055177028,       1.280968307,                 0,       64.72260114
        252,        0.21173796,      -6.394567321,      -3.263256419,      -3.625412049,     -0.9525080626,          6383.475,     0.02097497611,        1.30476419,                 0,                 0,                 0,     0.03972535409,     -0.2059136048,       1.288584156,                 0,       62.20575332
        253,        0.21257819,      -6.390170706,      -3.251787123,      -3.615498409,     -0.9406404752,          6383.475,     0.02188961287,       1.312392043,                 0,                 0,                 0,     0.03969752221,     -0.2063374262,        1.29625495,                 0,       59.95501386
        254,        0.21341842,      -6.386722161,      -3.241431053,       -3.60672833,     -0.9298428107,          6383.475,     0.02278352722,       1.320061429,                 0,                 0,                 0,     0.03964446797,     -0.2067888672,       1.303963047,                 0,       57.93929165
        255,        0.21425865,      -6.384205517,      -3.232149547,      -3.599074475,     -0.9200800039,          6383.475,     0.02365389067,       1.327754854,                 0,                 0,                 0,     0.03956627799,     -0.2072676759,        1.31169073,                 0,        56.1326199
        256,        0.21509888,      -6.382615141,      -3.223895834,      -3.592500741,     -0.9113197097,          6383.475,     0.02449785731,       1.335454851,                 0,                 0,                 0,     0.03946317024,     -0.2077736215,         1.3194203,                 0,       54.51312882
        257,        0.21593911,      -6.381951195,      -3.216642456,      -3.586960206,     -0.9035353974,          6383.475,      0.0253124541,       1.343144056,                 0,                 0,                 0,     0.03933548416,     -0.2083066166,       1.327134141,                 0,       53.06257744
        258,        0.21677934,      -6.382208679,      -3.210363664,      -3.582433414,     -0.8967076067,          6383.475,     0.02609480688,       1.350805178,                 0,                 0,                 0,     0.03918364783,     -0.2088664894,       1.334814728,                 0,        51.7652874
        259,        0.21761957,      -6.383385541,      -3.205048037,      -3.578910778,     -0.8908304504,          6383.475,     0.02684207266,       1.358421028,                 0,                 0,                 0,        0.03900812,     -0.2094530548,       1.342444637,                 0,       50.60790369
        260,         0.2184598,        -6.3854867,      -3.200687724,      -3.576374604,     -0.8858984555,          6383.475,     0.02755143548,        1.36597448,                 0,                 0,                 0,     0.03880935205,      -0.210066112,       1.350006515,                 0,       49.57906753
        261,        0.21930003,      -6.388521924,      -3.197284286,      -3.574820923,     -0.8819127631,          6383.475,     0.02822012074,       1.373448471,                 0,                 0,                 0,     0.03858777812,     -0.2107054305,       1.357483075,                 0,       48.66912101
        262,        0.22014026,      -6.392503093,      -3.194839229,      -3.574252999,     -0.8788780298,          6383.475,     0.02884538312,        1.38082606,                 0,                 0,                 0,     0.03834382876,      -0.211370772,       1.364857157,                 0,       47.86991575
        263,        0.22098049,      -6.397456251,      -3.193360128,      -3.574678941,     -0.8768070353,          6383.475,      0.0294245412,       1.388090478,                 0,                 0,                 0,     0.03807797554,     -0.2120618656,       1.372111783,                 0,       47.17458358
        264,        0.22182072,      -6.403415699,      -3.192858646,      -3.576089255,     -0.8757156705,          6383.475,     0.02995500006,       1.395225222,                 0,                 0,                 0,     0.03779077261,      -0.212778401,       1.379230247,                 0,       46.57737337
        265,        0.22266095,      -6.410408855,      -3.193332958,      -3.578482845,     -0.8755986833,          6383.475,     0.03043433012,       1.402214149,                 0,                 0,                 0,     0.03748287623,     -0.2135199675,       1.386196232,                 0,       46.07343561
        266,        0.22350118,      -6.418486225,      -3.194825478,      -3.581893669,     -0.8765123712,          6383.475,     0.03086018265,       1.409041495,                 0,                 0,                 0,     0.03715505305,     -0.2142861407,       1.392993803,                 0,       45.65888382
        267,        0.22434141,      -6.427697533,      -3.197364978,      -3.586328889,     -0.8784834033,          6383.475,     0.03123036647,       1.415691955,                 0,                 0,                 0,       0.036808149,      -0.215076421,       1.399607509,                 0,       45.33062256
        268,        0.22518164,      -6.438090131,      -3.200970462,      -3.591807648,     -0.8815286932,          6383.475,     0.03154288934,       1.422150709,                 0,                 0,                 0,     0.03644306791,      -0.215890197,       1.406022409,                 0,       45.08625362
        269,        0.22602187,      -6.449753841,      -3.205689046,      -3.598421601,     -0.8857280159,          6383.475,     0.03179595534,        1.42840341,                 0,                 0,                 0,     0.03606076639,     -0.2167267457,       1.412224062,                 0,       44.92406013
        270,         0.2268621,      -6.462718088,      -3.211551949,      -3.606116553,     -0.8910709046,          6383.475,     0.03198796891,       1.434436215,                 0,                 0,                 0,     0.03566225118,      -0.217585235,       1.418198559,                 0,       44.84299142
        271,        0.22770233,      -6.477071568,      -3.218602865,       -3.61494265,     -0.8976146429,          6383.475,     0.03211754438,       1.440235849,                 0,                 0,                 0,     0.03524857561,     -0.2184647238,       1.423932583,                 0,       44.84265147
        272,        0.22854256,      -6.492911126,      -3.226891461,      -3.624940331,      -0.905413532,          6383.475,     0.03218350835,       1.445789609,                 0,                 0,                 0,     0.03482083878,     -0.2193641623,       1.429413423,                 0,       44.92330646
        273,        0.22938279,      -6.510342183,      -3.236476005,      -3.636164415,     -0.9145339608,          6383.475,     0.03218489503,       1.451085347,                 0,                 0,                 0,     0.03438018495,     -0.2202823921,       1.434628949,                 0,       45.08591208
        274,        0.23022302,       -6.52947359,      -3.247425271,      -3.648674905,      -0.925043726,          6383.475,     0.03212097717,       1.456111498,                 0,                 0,                 0,     0.03392779291,     -0.2212181207,       1.439567642,                 0,       45.33210463
        275,        0.23106325,      -6.550439911,      -3.259824341,      -3.662543953,     -0.9370323158,          6383.475,     0.03199127385,       1.460857134,                 0,                 0,                 0,      0.0334648665,     -0.2221699246,       1.444218658,                 0,       45.66423771
        276,        0.23190348,      -6.573383728,       -3.27376236,      -3.677860118,     -0.9505905461,          6383.475,     0.03179554435,       1.465312001,                 0,                 0,                 0,     0.03299263039,     -0.2231362601,       1.448571858,                 0,         46.085451
        277,        0.23274371,      -6.598470602,      -3.289346977,      -3.694728965,     -0.9658347264,          6383.475,     0.03153380248,       1.469466508,                 0,                 0,                 0,     0.03251233336,      -0.224115448,       1.452617797,                 0,       46.59972449
        278,        0.23358394,      -6.625877831,       -3.30670622,      -3.713254868,     -0.9828984025,          6383.475,     0.03120631071,       1.473311738,                 0,                 0,                 0,     0.03202524537,     -0.2251056817,       1.456347741,                 0,       47.21198067
        279,        0.23442417,      -6.655784367,      -3.325985458,      -3.733570002,      -1.001931983,          6383.475,     0.03081358766,       1.476839478,                 0,                 0,                 0,     0.03153265025,     -0.2261050241,       1.459753692,                 0,       47.92818982
        280,         0.2352644,      -6.688385576,      -3.347370914,      -3.755879315,      -1.023138473,          6383.475,     0.03035640594,        1.48004224,                 0,                 0,                 0,     0.03103583919,     -0.2271114139,       1.462828407,                 0,       48.75551614
        281,        0.23610463,      -6.723802541,      -3.371057473,      -3.780294132,      -1.046708286,          6383.475,     0.02983579011,       1.482913269,                 0,                 0,                 0,     0.03053610927,     -0.2281226695,       1.465565415,                 0,       49.70249704
        282,        0.23694486,      -6.762074667,      -3.397286762,      -3.807056495,      -1.072900193,          6383.475,     0.02925301494,       1.485446568,                 0,                 0,                 0,     0.03003476148,     -0.2291364937,        1.46795903,                 0,         50.779264
        283,        0.23778509,      -6.803028675,      -3.426354646,      -3.836432367,      -1.102027565,          6383.475,     0.02860960387,        1.48763691,                 0,                 0,                 0,     0.02953309882,     -0.2301504787,       1.470004368,                 0,       51.99781572
        284,        0.23862532,      -6.846063345,      -3.458612511,      -3.868716147,       -1.13445856,          6383.475,     0.02790731924,       1.489479847,                 0,                 0,                 0,      0.0290324207,     -0.2311621168,       1.471697357,                 0,       53.37237283
        285,        0.23946555,      -6.889793055,        -3.4944842,      -3.904253556,      -1.170643264,          6383.475,     0.02714815567,       1.490971719,                 0,                 0,                 0,     0.02853401918,     -0.2321688078,       1.473034736,                 0,       54.91981619
        286,        0.24030578,       -6.93154282,      -3.534472134,      -3.943424591,      -1.211119411,          6383.475,      0.0263343348,        1.49210966,                 0,                 0,                 0,     0.02803917694,     -0.2331678663,       1.474014071,                 0,       56.66023735
        287,        0.24114601,      -6.966988793,      -3.579168347,      -3.986639619,      -1.256526432,          6383.475,     0.02546829139,       1.492891604,                 0,                 0,                 0,     0.02754915952,     -0.2341565357,       1.474633748,                 0,       58.61765838
        288,        0.24198624,      -6.990649102,      -3.629306324,      -4.034356683,      -1.307641159,          6383.475,     0.02455266004,       1.493316294,                 0,                 0,                 0,     0.02706521185,     -0.2351320031,       1.474892988,                 0,       60.82095753
        289,        0.24282647,      -6.997613602,      -3.685745193,      -4.086990836,      -1.365370643,          6383.475,      0.0235902616,       1.493383291,                 0,                 0,                 0,     0.02658856045,     -0.2360914145,       1.474791849,                 0,       63.30507546
        290,         0.2436667,      -6.992369589,      -3.755360573,      -4.152146936,      -1.437074465,          6383.475,     0.02258401632,        1.49309367,                 0,                 0,                 0,     0.02612071644,     -0.2370320806,       1.474331896,                 0,       66.11284942
        291,        0.24450693,      -6.974610783,       -3.83837199,      -4.226702823,      -1.522847325,          6383.475,     0.02153729341,       1.492449428,                 0,                 0,                 0,     0.02566325062,       -0.23795103,        1.47351568,                 0,       69.29605313
        292,        0.24534716,      -6.939050276,      -3.920483432,       -4.29300023,      -1.612070894,          6383.475,     0.02045366873,       1.491452082,                 0,                 0,                 0,     0.02521706278,     -0.2388450047,       1.472345316,                 0,       72.91856059
        293,        0.24618739,      -6.903666577,      -4.003118514,      -4.353255547,      -1.691827957,          6383.475,     0.01933659962,       1.490104748,                 0,                 0,                 0,     0.02478336331,     -0.2397111408,       1.470824474,                 0,        77.0613643
        294,        0.24702762,      -6.873428316,      -4.073063962,      -4.400272345,      -1.768805149,          6383.475,     0.01818979742,       1.488411616,                 0,                 0,                 0,     0.02436359323,     -0.2405465112,       1.468957924,                 0,       81.82672855
        295,        0.24786785,       -6.83535154,      -4.082013222,      -4.404851541,      -1.771724628,          6383.475,     0.01701682783,       1.486376359,                 0,                 0,                 0,     0.02395831938,      -0.241348242,       1.466749903,                 0,       87.34744064
        296,        0.24870808,      -6.767690515,      -4.003918198,      -4.345895981,       -1.67158407,          6383.475,     0.01582024122,       1.484000274,                 0,                 0,                 0,     0.02356620866,     -0.2421140471,       1.464202132,                 0,       93.80389674
        297,        0.24954831,      -6.725648632,      -3.930585657,      -4.289821366,      -1.597249346,          6383.475,     0.01460411694,       1.481290854,                 0,                 0,                 0,     0.02318928661,     -0.2428412098,       1.461322696,                 0,       101.4296763
        298,        0.25038854,      -6.689077719,      -3.853637862,      -4.227206465,      -1.517803276,          6383.475,     0.01337242141,       1.478255445,                 0,                 0,                 0,     0.02282896817,     -0.2435270999,        1.45811952,                 0,       110.5450838
        299,        0.25122877,      -6.650697116,      -3.774559616,      -4.156877483,      -1.433571497,          6383.475,     0.01212852662,       1.474900636,                 0,                 0,                 0,     0.02248555181,     -0.2441695406,       1.454599677,                 0,       121.6059198
        300,          0.252069,      -6.619870186,      -3.709976706,      -4.098848061,      -1.369386747,          6383.475,     0.01087673074,       1.471235658,                 0,                 0,                 0,     0.02216051567,     -0.2447659022,       1.450773007,                 0,       135.2645104
        301,        0.25290923,      -6.588394045,      -3.651401795,      -4.042997069,      -1.313153992,          6383.475,    0.009620996643,       1.467269962,                 0,                 0,                 0,     0.02185485259,     -0.2453139229,       1.446649503,                 0,       152.5070652
        302,        0.25374946,      -6.562620896,      -3.600792485,      -3.995317458,      -1.263229676,          6383.475,     0.00836537043,       1.463013614,                 0,                 0,                 0,      0.0215694457,     -0.2458113663,       1.442239781,                 0,       174.8892803
        303,        0.25458969,      -6.539180906,      -3.555906672,      -3.952386635,      -1.219140711,          6383.475,    0.007113554999,       1.458476944,                 0,                 0,                 0,     0.02130470861,     -0.2462563793,       1.437554658,                 0,       205.0278579
        304,        0.25542992,      -6.517848134,      -3.515887192,      -3.913597779,      -1.179981371,          6383.475,    0.005869210796,       1.453670814,                 0,                 0,                 0,      0.0210609806,     -0.2466472435,       1.432605466,                 0,       247.6773905
        305,        0.25627015,      -6.490722949,       -3.47143784,      -3.866434407,      -1.133070735,          6383.475,    0.004634925915,       1.448605614,                 0,                 0,                 0,     0.02083767365,      -0.246983214,       1.427402886,                 0,       312.5412661
        306,        0.25711038,      -6.472781059,       -3.43860135,       -3.83376762,      -1.101143322,          6383.475,    0.003415175372,       1.443294336,                 0,                 0,                 0,     0.02063585889,     -0.2472621402,       1.421960491,                 0,       422.6120709
        307,        0.25795061,      -6.456332388,      -3.409107747,       -3.80427421,      -1.072636566,          6383.475,    0.002213477784,       1.437750325,                 0,                 0,                 0,     0.02045641707,     -0.2474828737,       1.416292033,                 0,       649.5435983
        308,        0.25879084,      -6.441551153,      -3.382798766,      -3.777586588,       -1.04728358,          6383.475,    0.001033129258,       1.431987557,                 0,                 0,                 0,     0.02030009566,      -0.247644596,       1.410411849,                 0,       1386.068147
        309,        0.25963107,      -6.428353113,      -3.359234373,      -3.753344567,        -1.0246341,          6383.475,  -0.0001226827493,       1.426020484,                 0,                 0,                 0,     0.02016744758,     -0.2477466773,       1.404334725,                 0,      -11623.64303
        310,         0.2604713,      -6.416640005,       -3.33807809,      -3.731313663,      -1.004373722,          6383.475,   -0.001250911456,       1.419863955,                 0,                 0,                 0,     0.02005881324,     -0.2477886957,       1.398075813,                 0,      -1135.063516
        311,        0.26131153,      -6.406331099,      -3.319084138,      -3.711302239,     -0.9862758354,          6383.475,   -0.002348683305,       1.413533168,                 0,                 0,                 0,      0.0199743355,     -0.2477704602,       1.391650578,                 0,      -601.8406846
        312,        0.26215176,      -6.397345617,      -3.302051879,      -3.693108585,     -0.9701419868,          6383.475,   -0.003413305643,       1.407043686,                 0,                 0,                 0,     0.01991404287,     -0.2476920218,       1.385074816,                 0,      -412.2231738
        313,        0.26299199,      -6.389616773,      -3.286828277,        -3.6766272,     -0.9558235165,          6383.475,   -0.004442285117,       1.400411432,                 0,                 0,                 0,     0.01987791463,     -0.2475536899,       1.378364641,                 0,      -315.2457338
        314,        0.26383222,      -6.383092767,      -3.273298214,       -3.66174214,     -0.9432013418,          6383.475,   -0.005433331988,       1.393652687,                 0,                 0,                 0,     0.01986592037,     -0.2473560368,       1.371536483,                 0,       -256.500558
        315,        0.26467245,      -6.377736265,      -3.261357006,      -3.648360242,     -0.9321697358,          6383.475,   -0.006384358278,       1.386784068,                 0,                 0,                 0,     0.01987802036,     -0.2470998918,        1.36460707,                 0,      -217.2158904
        316,        0.26551268,      -6.373512068,      -3.250912046,      -3.636403794,     -0.9226370986,          6383.475,   -0.007293465481,       1.379822495,                 0,                 0,                 0,      0.0199141455,     -0.2467863231,       1.357593394,                 0,      -189.1861281
        317,        0.26635291,      -6.370421167,      -3.241874656,      -3.625813486,     -0.9145268747,          6383.475,   -0.008158934648,       1.372785148,                 0,                 0,                 0,     0.01997416984,     -0.2464166214,       1.350512673,                 0,      -168.2554411
        318,        0.26719314,      -6.368455456,      -3.234167641,      -3.616525103,     -0.9077763393,          6383.475,    -0.00897929429,       1.365689007,                 0,                 0,                 0,     0.02005760971,     -0.2459922859,       1.343381884,                 0,      -152.0931337
        319,        0.26803337,      -6.367597385,      -3.227729261,      -3.608476727,       -0.90232154,          6383.475,    -0.00975331021,       1.358550914,                 0,                 0,                 0,     0.02016373419,      -0.245515026,       1.336217828,                 0,      -139.2912647
        320,         0.2688736,       -6.36779453,      -3.222497762,      -3.601597202,     -0.8980807269,          6383.475,    -0.01047987172,       1.351388172,                 0,                 0,                 0,     0.02029205198,     -0.2449867523,       1.329037739,                 0,      -128.9508315
        321,        0.26971383,      -6.369032197,      -3.218428107,      -3.595847659,     -0.8950053544,          6383.475,    -0.01115802962,       1.344218329,                 0,                 0,                 0,     0.02044217731,     -0.2444095774,       1.321859061,                 0,      -120.4709412
        322,        0.27055406,       -6.37130928,      -3.215504415,      -3.591220895,     -0.8930732166,          6383.475,    -0.01178697293,       1.337059177,                 0,                 0,                 0,     0.02061381679,     -0.2437857918,       1.314699457,                 0,      -113.4353311
        323,        0.27139429,      -6.374631449,      -3.213693618,      -3.587696262,      -0.892257588,          6383.475,    -0.01236603583,       1.329928657,                 0,                 0,                 0,     0.02080669118,     -0.2431178556,       1.307576712,                 0,      -107.5468869
        324,        0.27223452,       -6.37901218,      -3.212972113,      -3.585258231,     -0.8925371661,          6383.475,     -0.0128947098,       1.322844717,                 0,                 0,                 0,     0.02102045582,     -0.2424083847,       1.300508591,                 0,      -102.5881728
        325,        0.27307475,      -6.384464447,      -3.213316934,       -3.58389163,     -0.8938893293,          6383.475,    -0.01337264626,       1.315825195,                 0,                 0,                 0,     0.02125466372,      -0.241660133,       1.293512718,                 0,      -98.39676973
        326,        0.27391498,      -6.391014444,      -3.214735945,      -3.583602852,      -0.896325824,          6383.475,    -0.01379958827,       1.308887783,                 0,                 0,                 0,     0.02150877038,     -0.2408759198,       1.286606563,                 0,      -94.84977066
        327,        0.27475521,      -6.398665786,      -3.217181103,      -3.584360995,     -0.8997828157,          6383.475,    -0.01417553583,       1.302049942,                 0,                 0,                 0,     0.02178218126,     -0.2400587772,       1.279807321,                 0,      -91.85190296
        328,        0.27559544,      -6.407455391,       -3.22065963,      -3.586185157,     -0.9042782205,          6383.475,    -0.01450060761,       1.295328947,                 0,                 0,                 0,     0.02207425737,     -0.2392118219,       1.273131986,                 0,      -89.32928757
        329,        0.27643567,      -6.417418905,      -3.225184084,      -3.589083925,     -0.9098247264,          6383.475,    -0.01477505202,       1.288741792,                 0,                 0,                 0,     0.02238433476,     -0.2383382494,       1.266597247,                 0,      -87.22417966
        330,         0.2772759,      -6.428594256,      -3.230756237,      -3.593060972,     -0.9164212491,          6383.475,    -0.01499924723,       1.282305121,                 0,                 0,                 0,      0.0227117257,     -0.2374413225,       1.260219433,                 0,      -85.49129847
        331,        0.27811613,      -6.441027884,      -3.237383849,      -3.598139044,     -0.9240757104,          6383.475,      -0.015173694,       1.276035213,                 0,                 0,                 0,     0.02305571259,     -0.2365243609,       1.254014487,                 0,      -84.09522517
        332,        0.27895636,      -6.454780204,      -3.245084688,      -3.604335016,     -0.9328164894,          6383.475,    -0.01529898764,        1.26994795,                 0,                 0,                 0,     0.02341554507,     -0.2355907089,       1.247997946,                 0,      -83.00862648
        333,        0.27979659,      -6.469881644,      -3.253873135,      -3.611645811,     -0.9426068024,          6383.475,    -0.01537579723,       1.264058788,                 0,                 0,                 0,     0.02379044158,     -0.2346437093,       1.242184916,                 0,      -82.21094291
        334,        0.28063682,       -6.48645263,      -3.263789133,      -3.620165617,     -0.9535523031,          6383.475,    -0.01540486467,       1.258382717,                 0,                 0,                 0,     0.02417959341,     -0.2336866958,       1.236590029,                 0,      -81.68735943
        335,        0.28147705,       -6.50456395,      -3.274864369,       -3.62990957,     -0.9656606838,          6383.475,    -0.01538699168,       1.252934224,                 0,                 0,                 0,     0.02458216736,     -0.2327229734,       1.231227415,                 0,      -81.42814724
        336,        0.28231728,      -6.524341259,      -3.287147568,      -3.640921072,     -0.9789915653,          6383.475,    -0.01532297552,       1.247727243,                 0,                 0,                 0,     0.02499730905,      -0.231755747,       1.226110656,                 0,      -81.42852157
        337,        0.28315751,      -6.545858288,        -3.3006925,      -3.653252431,     -0.9935698394,          6383.475,    -0.01521368084,       1.242775098,                 0,                 0,                 0,     0.02542414582,     -0.2307881818,       1.221252724,                 0,      -81.68799589
        338,        0.28399774,      -6.569265208,      -3.315567413,      -3.667002307,      -1.009485777,          6383.475,    -0.01506012423,       1.238090531,                 0,                 0,                 0,     0.02586176777,     -0.2298234916,       1.216665991,                 0,       -82.2098485
        339,        0.28483797,      -6.594713851,      -3.331854841,      -3.682240011,       -1.02681751,          6383.475,    -0.01486333323,       1.233685563,                 0,                 0,                 0,     0.02630923797,     -0.2288647756,       1.212362116,                 0,      -83.00194467
        340,         0.2856782,      -6.622367144,      -3.349643112,      -3.699049065,      -1.045647118,          6383.475,     -0.0146243125,       1.229571491,                 0,                 0,                 0,     0.02676558881,      -0.227914985,       1.208352052,                 0,       -84.0772167
        341,        0.28651843,      -6.652405092,      -3.369041482,      -3.717535041,      -1.066079583,          6383.475,    -0.01434407328,       1.225758881,                 0,                 0,                 0,     0.02722981018,     -0.2269769506,       1.204646028,                 0,      -85.45403094
        342,        0.28735866,       -6.68501606,      -3.390171392,      -3.737829446,      -1.088236445,          6383.475,      -0.014023663,       1.222257378,                 0,                 0,                 0,     0.02770076148,     -0.2260533784,       1.201253359,                 0,      -87.15678479
        343,        0.28819889,      -6.720432228,      -3.413205747,      -3.760107973,      -1.112292035,          6383.475,    -0.01366406978,       1.219076274,                 0,                 0,                 0,     0.02817760998,     -0.2251468553,       1.198183026,                 0,      -89.21765576
        344,        0.28903912,       -6.75878316,      -3.438319345,      -3.784526929,      -1.138408845,          6383.475,    -0.01326630002,       1.216223809,                 0,                 0,                 0,      0.0286593148,     -0.2242598032,       1.195442968,                 0,      -91.67769516
        345,        0.28987935,      -6.800154615,      -3.465739206,      -3.811316082,      -1.166810114,          6383.475,    -0.01283136631,       1.213707343,                 0,                 0,                 0,     0.02914478692,     -0.2233944973,       1.193040258,                 0,      -94.58909626
        346,        0.29071958,      -6.844416519,      -3.495734924,      -3.840735658,      -1.197753943,          6383.475,    -0.01236027199,       1.211533374,                 0,                 0,                 0,     0.02963291986,     -0.2225530543,       1.190981122,                 0,      -98.01834261
        347,        0.29155981,      -6.891005036,      -3.528625976,       -3.87309736,      -1.231541018,          6383.475,    -0.01185401108,        1.20970752,                 0,                 0,                 0,     0.03012259553,     -0.2217374283,       1.189270917,                 0,      -102.0504799
        348,        0.29240004,       -6.93853982,      -3.564798531,      -3.908773858,      -1.268528408,          6383.475,    -0.01131356666,         1.2082345,                 0,                 0,                 0,     0.03061268799,     -0.2209494072,       1.187914122,                 0,      -106.7951898
        349,        0.29324027,       -6.98422598,      -3.604712867,      -3.948205202,      -1.309128149,          6383.475,    -0.01073991195,       1.207118134,                 0,                 0,                 0,     0.03110206104,     -0.2201906127,       1.186914331,                 0,      -112.3955336
        350,         0.2940805,      -7.006650938,      -3.630227346,      -3.966527766,      -1.335111761,          6383.475,    -0.01013458862,        1.20636319,                 0,                 0,                 0,     0.03159026344,     -0.2194633909,       1.186275969,                 0,      -119.0342534
        351,        0.29492073,      -7.004240447,      -3.650766374,      -3.976914234,      -1.357448092,          6383.475,   -0.009498221857,       1.205973118,                 0,                 0,                 0,     0.03207669394,     -0.2187689568,       1.186002328,                 0,      -126.9683038
        352,        0.29576096,      -7.005816139,      -3.702470556,      -4.029450756,      -1.407738652,          6383.475,   -0.008830431856,       1.205946725,                 0,                 0,                 0,     0.03255932464,      -0.218106729,       1.186092297,                 0,      -136.5671289
        353,        0.29660119,      -7.003690543,      -3.775306326,      -4.108459651,      -1.475978081,          6383.475,   -0.008132353918,       1.206282443,                 0,                 0,                 0,     0.03303629501,     -0.2174775532,       1.186544134,                 0,      -148.3312772
        354,        0.29744142,      -7.003067785,       -3.87270582,      -4.211782401,      -1.570492314,          6383.475,   -0.007405544998,       1.206977158,                 0,                 0,                 0,     0.03350532444,      -0.216882422,       1.187354503,                 0,      -162.9828943
        355,        0.29828165,      -6.990124411,      -3.973060577,      -4.310559056,      -1.665229352,          6383.475,   -0.006651794345,       1.208028644,                 0,                 0,                 0,     0.03396512631,     -0.2163227113,       1.188520903,                 0,      -181.6094397
        356,        0.29912188,       -6.95498124,       -4.05851839,      -4.386464285,      -1.739982788,          6383.475,   -0.005872425141,       1.209435333,                 0,                 0,                 0,     0.03441518664,     -0.2157994513,       1.190041556,                 0,      -205.9515964
        357,        0.29996211,      -6.944879129,      -4.158323982,      -4.468467261,      -1.837228995,          6383.475,   -0.005068550323,       1.211191717,                 0,                 0,                 0,      0.0348533203,     -0.2153127822,       1.191910849,                 0,      -238.9621568
        358,        0.30080234,      -6.941618602,      -4.219188744,      -4.517564039,      -1.893383035,          6383.475,   -0.004241355465,        1.21329378,                 0,                 0,                 0,     0.03527868347,     -0.2148631735,       1.194124617,                 0,      -286.0627433
        359,        0.30164257,      -6.826406207,       -4.09832972,      -4.423388388,      -1.752299432,          6383.475,   -0.003389812998,        1.21574713,                 0,                 0,                 0,     0.03569669975,     -0.2144505877,       1.196688564,                 0,       -358.647256
        360,         0.3024828,      -6.784716107,      -4.032037268,      -4.366223251,      -1.695641416,          6383.475,   -0.002515268344,       1.218542633,                 0,                 0,                 0,     0.03610395401,     -0.2140747634,       1.199593461,                 0,      -484.4583028
        361,        0.30332303,      -6.747629704,      -3.956168829,      -4.297183251,       -1.62620678,          6383.475,   -0.001618890423,       1.221672842,                 0,                 0,                 0,     0.03649859104,     -0.2137355586,        1.20283177,                 0,      -754.6359067
        362,        0.30416326,      -6.704511641,      -3.872905572,      -4.216004766,      -1.545797347,          6383.475,  -0.0007015384822,       1.225130536,                 0,                 0,                 0,     0.03687959435,     -0.2134325655,        1.20639623,                 0,      -1746.348301
        363,        0.30500349,      -6.672734679,      -3.806671381,      -4.151570828,      -1.483580772,          6383.475,   0.0002350029565,       1.228905322,                 0,                 0,                 0,     0.03724457484,      -0.213165737,       1.210276297,                 0,       5229.318559
        364,        0.30584372,       -6.64348606,      -3.747751472,      -4.093927355,      -1.427468483,          6383.475,    0.001189072929,       1.232986368,                 0,                 0,                 0,     0.03759170276,     -0.2129348277,       1.214461015,                 0,        1036.93082
        365,        0.30668395,      -6.616896803,      -3.695696777,      -4.043132943,      -1.377442522,          6383.475,     0.00215897792,       1.237362456,                 0,                 0,                 0,     0.03791968037,     -0.2127395575,       1.218939043,                 0,        573.124183
        366,        0.30752418,      -6.587877412,      -3.641394353,      -3.988053829,      -1.321789912,          6383.475,    0.003143596142,       1.242023497,                 0,                 0,                 0,     0.03822865469,      -0.212579279,       1.223700249,                 0,        395.096393
        367,        0.30836441,      -6.565874239,      -3.599127556,      -3.947295285,      -1.281357138,          6383.475,    0.004140909315,       1.246957897,                 0,                 0,                 0,     0.03851807021,     -0.2124539668,       1.228732866,                 0,       301.1314187
        368,        0.30920464,      -6.545615441,      -3.560637405,      -3.910674909,       -1.24456024,          6383.475,    0.005149368819,       1.252154466,                 0,                 0,                 0,     0.03878784133,     -0.2123632028,       1.234025604,                 0,       243.1665918
        369,        0.31004487,      -6.527046284,      -3.525663678,        -3.8775106,      -1.211003012,          6383.475,    0.006167522164,       1.257601637,                 0,                 0,                 0,     0.03903789064,     -0.2123064088,       1.239566821,                 0,       203.9071126
        370,         0.3108851,       -6.50657433,       -3.49193724,      -3.843681586,      -1.179719498,          6383.475,    0.007193843281,       1.263286979,                 0,                 0,                 0,      0.0392678684,     -0.2122829291,       1.245344009,                 0,       175.6066861
        371,        0.31172533,      -6.490870112,      -3.462785314,      -3.815955334,      -1.151264168,          6383.475,    0.008226313055,       1.269196812,                 0,                 0,                 0,     0.03947677633,     -0.2122923766,       1.251343345,                 0,       154.2850124
        372,        0.31256556,      -6.471007611,      -3.430599955,      -3.782613295,      -1.118845348,          6383.475,    0.009263471703,       1.275316965,                 0,                 0,                 0,     0.03966411549,     -0.2123337282,        1.25755062,                 0,       137.6715994
        373,        0.31340579,      -6.457828475,      -3.405886116,      -3.759184008,      -1.094370984,          6383.475,     0.01030245471,       1.281631598,                 0,                 0,                 0,     0.03982846438,     -0.2124070541,       1.263949736,                 0,       124.4006049
        374,        0.31424602,      -6.443676943,      -3.379472248,      -3.733424321,      -1.066186649,          6383.475,     0.01134130313,       1.288125093,                 0,                 0,                 0,     0.03996929405,     -0.2125115717,       1.270524975,                 0,       113.5782263
        375,        0.31508625,      -6.432808918,      -3.358460963,      -3.713875802,      -1.045235263,          6383.475,     0.01237711201,       1.294780829,                 0,                 0,                 0,     0.04008579685,     -0.2126472555,       1.277259462,                 0,       104.6109001
        376,        0.31592648,      -6.423037605,      -3.339196326,      -3.696225858,      -1.026006292,          6383.475,     0.01340720647,       1.301582279,                 0,                 0,                 0,     0.04017742452,       -0.21281387,       1.284136457,                 0,       97.08079622
        377,        0.31676671,      -6.414444016,      -3.321665119,      -3.680292077,      -1.008436592,          6383.475,     0.01442905849,       1.308512828,                 0,                 0,                 0,     0.04024395544,     -0.2130110194,       1.291139158,                 0,       90.68594662
        378,        0.31760694,      -6.406964762,      -3.305682389,      -3.665876704,     -0.9923304712,          6383.475,     0.01544010435,       1.315555779,                 0,                 0,                 0,     0.04028531143,     -0.2132383291,       1.298250676,                 0,       85.20381398
        379,        0.31844717,      -6.400535766,      -3.291101431,       -3.65287177,     -0.9775536825,          6383.475,     0.01643780152,       1.322694304,                 0,                 0,                 0,     0.04030148299,     -0.2134953812,          1.305454,                 0,       80.46661855
        380,         0.3192874,      -6.395099318,      -3.277824967,      -3.641197825,     -0.9640078381,          6383.475,     0.01741951342,       1.329911435,                 0,                 0,                 0,     0.04029246856,     -0.2137818253,       1.312731959,                 0,       76.34607255
        381,        0.32012763,      -6.390633598,       -3.26577354,      -3.630783221,     -0.9516380578,          6383.475,      0.0183825189,       1.337189957,                 0,                 0,                 0,     0.04025825392,     -0.2140973522,       1.320067128,                 0,       72.74247694
        382,        0.32096786,      -6.387106323,      -3.254891359,      -3.621556122,     -0.9403777589,          6383.475,      0.0193239449,       1.344512439,                 0,                 0,                 0,     0.04019880233,     -0.2144417642,       1.327441842,                 0,       69.57753431
        383,        0.32180809,      -6.384511778,      -3.245135518,      -3.613493025,     -0.9302014616,          6383.475,     0.02024091048,       1.351861243,                 0,                 0,                 0,     0.04011409983,     -0.2148148357,        1.33483823,                 0,       66.78855896
        384,        0.32264832,      -6.382846481,      -3.236470761,      -3.606561033,     -0.9210838804,          6383.475,     0.02113050214,       1.359218692,                 0,                 0,                 0,     0.04000422518,     -0.2152163666,       1.342238379,                 0,        64.3249594
        385,        0.32348855,      -6.382118749,      -3.228869239,      -3.600734822,     -0.9130100223,          6383.475,     0.02198981373,       1.366567217,                 0,                 0,                 0,     0.03986942545,     -0.2156461678,       1.349624481,                 0,       62.14546578
        386,        0.32432878,      -6.382336699,      -3.222301106,      -3.595985246,      -0.905959613,          6383.475,     0.02281599101,       1.373889477,                 0,                 0,                 0,     0.03971013924,     -0.2161040392,       1.356978964,                 0,       60.21607724
        387,        0.32516901,      -6.383500253,      -3.216748263,      -3.592285612,      -0.899914728,          6383.475,     0.02360623818,       1.381168386,                 0,                 0,                 0,     0.03952694677,     -0.2165897668,       1.364284515,                 0,       58.50861858
        388,        0.32600924,      -6.385603267,      -3.212198131,      -3.589631009,     -0.8948620206,          6383.475,     0.02435780561,       1.388387024,                 0,                 0,                 0,     0.03932047474,     -0.2171031207,       1.371523994,                 0,       56.99967583
        389,        0.32684947,      -6.388655556,       -3.20864929,      -3.587999111,     -0.8908006837,          6383.475,     0.02506798807,       1.395528553,                 0,                 0,                 0,     0.03909130905,     -0.2176438412,       1.378680349,                 0,       55.66974698
        390,         0.3276897,       -6.39266777,      -3.206102615,      -3.587380638,     -0.8877304493,          6383.475,     0.02573412064,       1.402576187,                 0,                 0,                 0,     0.03883996336,     -0.2182116374,       1.385736587,                 0,       54.50258848
        391,        0.32852993,      -6.397654664,      -3.204544063,      -3.587766789,     -0.8856345481,          6383.475,     0.02635365042,       1.409513247,                 0,                 0,                 0,     0.03856691348,     -0.2188061274,       1.392675837,                 0,       53.48455429
        392,        0.32937016,       -6.40366382,      -3.204023174,      -3.589191039,      -0.884580829,          6383.475,     0.02692399307,       1.416323214,                 0,                 0,                 0,     0.03827268472,      -0.219426988,       1.399481384,                 0,       52.60450076
        393,        0.33021039,       -6.41073247,      -3.204544192,      -3.591642543,     -0.8845695561,          6383.475,     0.02744270508,       1.422989929,                 0,                 0,                 0,     0.03795789171,     -0.2200738192,        1.40613689,                 0,       51.85312177
        394,        0.33105062,      -6.418895014,      -3.206115729,      -3.595139556,     -0.8856030818,          6383.475,     0.02790749321,       1.429497642,                 0,                 0,                 0,     0.03762326721,     -0.2207461448,       1.412626446,                 0,       51.22271754
        395,        0.33189085,      -6.428239953,      -3.208778997,      -3.599753993,     -0.8877797958,          6383.475,      0.0283162222,       1.435831033,                 0,                 0,                 0,     0.03726965561,     -0.2214434071,       1.418934593,                 0,       50.70701248
        396,        0.33273108,       -6.43876738,      -3.212552536,      -3.605420927,     -0.8910460276,          6383.475,     0.02866693285,       1.441975259,                 0,                 0,                 0,     0.03689798244,     -0.2221649582,       1.425046375,                 0,       50.30099546
        397,        0.33357131,      -6.450557511,      -3.217470359,      -3.612186187,      -0.895463069,          6383.475,     0.02895786599,       1.447916002,                 0,                 0,                 0,     0.03650922803,     -0.2229100441,       1.430947385,                 0,       50.00078396
        398,        0.33441154,      -6.463685978,      -3.223571513,      -3.620081414,     -0.9010755518,          6383.475,      0.0291874702,       1.453639482,                 0,                 0,                 0,     0.03610441529,     -0.2236778002,       1.436623783,                 0,       49.80354489
        399,        0.33525177,      -6.478239973,      -3.230904307,      -3.629150421,     -0.9079372829,          6383.475,     0.02935438791,       1.459132444,                 0,                 0,                 0,     0.03568460939,     -0.2244672611,        1.44206228,                 0,       49.70747299
        400,          0.336092,      -6.494306111,      -3.239523787,      -3.639437432,     -0.9161020712,          6383.475,     0.02945748055,       1.464382163,                 0,                 0,                 0,     0.03525091292,     -0.2252773388,       1.447250145,                 0,       49.71172469
        401,        0.33693223,      -6.511997936,      -3.249496459,      -3.651001722,      -0.925641111,          6383.475,     0.02949583662,       1.469376505,                 0,                 0,                 0,     0.03480445984,     -0.2261068238,       1.452175272,                 0,       49.81640371
        402,        0.33777246,      -6.531429083,      -3.260893409,      -3.663915454,     -0.9366264691,          6383.475,     0.02946876481,       1.474103956,                 0,                 0,                 0,      0.0343464121,     -0.2269543976,       1.456826202,                 0,       50.02259054
        403,        0.33861269,      -6.552742722,      -3.273800974,      -3.678254983,     -0.9491527028,          6383.475,     0.02937580486,       1.478553616,                 0,                 0,                 0,     0.03387796257,     -0.2278186207,       1.461192119,                 0,       50.33236104
        404,        0.33945292,      -6.576095999,      -3.288321311,      -3.694107597,     -0.9633258543,          6383.475,     0.02921673367,       1.482715214,                 0,                 0,                 0,     0.03340033191,     -0.2286979292,       1.465262871,                 0,       50.74883562
        405,        0.34029315,      -6.601667341,      -3.304574071,       -3.71159907,     -0.9792734118,          6383.475,     0.02899157572,       1.486579137,                 0,                 0,                 0,      0.0329147613,     -0.2295906295,       1.469028994,                 0,       51.27624489
        406,        0.34113338,      -6.629655739,       -3.32270563,      -3.730849336,     -0.9971473465,          6383.475,     0.02870060752,       1.490136452,                 0,                 0,                 0,     0.03242250632,     -0.2304948986,       1.472481739,                 0,        51.9200317
        407,        0.34197361,      -6.660253435,      -3.342864262,      -3.751970915,      -1.017097499,          6383.475,     0.02834435577,        1.49337893,                 0,                 0,                 0,     0.03192483657,     -0.2314087884,       1.475613094,                 0,       52.68699497
        408,        0.34281384,      -6.693656203,      -3.365242343,      -3.775159785,      -1.039329629,          6383.475,     0.02792360158,       1.496299062,                 0,                 0,                 0,     0.03142303336,      -0.232330226,         1.4784158,                 0,       53.58546095
        409,        0.34365407,        -6.7300285,      -3.390069615,      -3.800622151,       -1.06408484,          6383.475,     0.02743937697,       1.498890085,                 0,                 0,                 0,     0.03091838692,     -0.2332570207,       1.480883375,                 0,       54.62551454
        410,         0.3444943,      -6.769439195,      -3.417622811,      -3.828602785,      -1.091653256,          6383.475,     0.02689296507,       1.501145994,                 0,                 0,                 0,     0.03041219486,     -0.2341868658,       1.483010128,                 0,       55.81928176
        411,        0.34533453,      -6.811738953,      -3.448234714,      -3.859390221,      -1.122385648,          6383.475,     0.02628589141,       1.503061545,                 0,                 0,                 0,      0.0299057555,     -0.2351173485,        1.48479116,                 0,       57.18130389
        412,        0.34617476,      -6.856322187,        -3.4823068,       -3.89331873,      -1.156703961,          6383.475,     0.02561991993,        1.50463227,                 0,                 0,                 0,       0.029400365,      -0.236045956,       1.486222377,                 0,        58.7289997
        413,        0.34701499,       -6.90171884,      -3.520323154,      -3.930772437,      -1.195122419,          6383.475,       0.024897049,       1.505854492,                 0,                 0,                 0,     0.02889731239,     -0.2369700815,       1.487300506,                 0,       60.48325214
        414,        0.34785522,      -6.945019944,      -3.562863146,      -3.972176579,      -1.238262562,          6383.475,     0.02411949806,       1.506725328,                 0,                 0,                 0,      0.0283978746,     -0.2378870388,       1.488023092,                 0,       62.46918259
        415,        0.34869545,      -6.981426154,      -3.610615608,       -4.01797662,      -1.286861373,          6383.475,     0.02328969984,       1.507242692,                 0,                 0,                 0,     0.02790331409,     -0.2387940698,       1.488388503,                 0,       64.71713687
        416,        0.34953568,      -7.004822357,      -3.664397217,      -4.068603006,      -1.341794685,          6383.475,     0.02241028803,       1.507405308,                 0,                 0,                 0,     0.02741487799,     -0.2396883594,        1.48839594,                 0,       67.26398635
        417,        0.35037591,      -7.009924579,      -3.725129291,      -4.124378038,      -1.404021274,          6383.475,     0.02148409539,       1.507212725,                 0,                 0,                 0,     0.02693379838,     -0.2405670394,       1.488045451,                 0,       70.15481442
        418,        0.35121614,      -7.007854938,      -3.805776264,      -4.199716419,      -1.487526902,          6383.475,     0.02051401683,       1.506666655,                 0,                 0,                 0,     0.02646190252,     -0.2414275561,       1.487339224,                 0,       73.44571602
        419,        0.35205637,      -6.983790625,      -3.892174577,      -4.272940702,      -1.580748435,          6383.475,     0.01950362393,       1.505768381,                 0,                 0,                 0,      0.0260004491,     -0.2422666153,       1.486279145,                 0,       77.20454345
        420,         0.3528966,      -6.947620524,      -3.977962541,      -4.338021953,      -1.670294648,          6383.475,     0.01845636527,       1.504519713,                 0,                 0,                 0,     0.02555043972,     -0.2430811348,       1.484867592,                 0,       81.51766019
        421,        0.35373683,      -6.907094862,      -4.051339611,       -4.38695047,      -1.745083717,          6383.475,     0.01737566473,       1.502923167,                 0,                 0,                 0,     0.02511284176,     -0.2438681797,       1.483107639,                 0,       86.49586592
        422,        0.35457706,      -6.910292001,      -4.131292318,      -4.442571246,      -1.817239059,          6383.475,     0.01626581572,        1.50098608,                 0,                 0,                 0,     0.02469088073,      -0.244624796,       1.481007258,                 0,       92.27856173
        423,        0.35541729,      -6.809773585,      -4.041493741,      -4.374101744,      -1.717548558,          6383.475,      0.0151284939,        1.49870397,                 0,                 0,                 0,     0.02428024913,     -0.2453485552,       1.478562325,                 0,       99.06498161
        424,        0.35625752,      -6.762157705,      -3.968571254,      -4.319896108,      -1.635175215,          6383.475,     0.01396769423,       1.496084432,                 0,                 0,                 0,     0.02388354629,     -0.2460368416,       1.475781012,                 0,       107.1103367
        425,        0.35709775,      -6.722165967,      -3.889334268,      -4.257327975,      -1.552356337,          6383.475,     0.01278735325,        1.49313409,                 0,                 0,                 0,     0.02350232789,     -0.2466869291,       1.472670528,                 0,       116.7664692
        426,        0.35793798,      -6.680335508,      -3.805585135,      -4.184621626,      -1.462845615,          6383.475,     0.01159087967,       1.489858927,                 0,                 0,                 0,     0.02313711232,     -0.2472964995,       1.469237358,                 0,       128.5371748
        427,        0.35877821,      -6.646475355,      -3.736545135,      -4.123557173,      -1.394103648,          6383.475,     0.01038254387,       1.486267479,                 0,                 0,                 0,     0.02278951361,     -0.2478628296,       1.465490646,                 0,       143.1506091
        428,        0.35961844,      -6.612279916,      -3.674040578,      -4.064774887,      -1.333969403,          6383.475,    0.009166344327,       1.482368547,                 0,                 0,                 0,      0.0224606564,     -0.2483835098,       1.461439757,                 0,       161.7186191
        429,        0.36045867,      -6.584031607,      -3.620054718,      -4.014340893,      -1.280631036,          6383.475,    0.007946378746,         1.4781716,                 0,                 0,                 0,     0.02215154546,     -0.2488561493,       1.457094727,                 0,       186.0182667
        430,         0.3612989,       -6.55835188,      -3.572297474,      -3.968996776,      -1.233644634,          6383.475,    0.006726443562,       1.473686386,                 0,                 0,                 0,     0.02186269092,     -0.2492787016,       1.452465813,                 0,       219.0884934
        431,        0.36213913,      -6.534989692,      -3.529811769,      -3.928106981,      -1.192009818,          6383.475,    0.005510293512,       1.468923175,                 0,                 0,                 0,     0.02159448515,     -0.2496492527,       1.447563784,                 0,       266.5780274
        432,        0.36297936,      -6.505968858,      -3.483205416,      -3.879124073,      -1.142915074,          6383.475,    0.004300609605,         1.4638917,                 0,                 0,                 0,     0.02134634248,     -0.2499668524,       1.442398689,                 0,       340.3916735
        433,        0.36381959,      -6.486327369,      -3.448461779,       -3.84480566,      -1.109112778,          6383.475,    0.003101910938,       1.458604254,                 0,                 0,                 0,     0.02111930625,     -0.2502291847,       1.436983419,                 0,       470.2276383
        434,        0.36465982,      -6.468294705,       -3.41725312,      -3.813796259,      -1.078920548,          6383.475,    0.001917776835,       1.453073472,                 0,                 0,                 0,     0.02091423272,      -0.250434919,       1.431331039,                 0,       757.6864242
        435,        0.36550005,      -6.452018202,      -3.389381378,      -3.785701891,       -1.05202679,          6383.475,   0.0007515810425,       1.447312682,                 0,                 0,                 0,     0.02073188888,     -0.2505830468,        1.42545526,                 0,       1925.690777
        436,        0.36634028,      -6.437399777,      -3.364383326,      -3.760150944,       -1.02795839,          6383.475,  -0.0003933765025,       1.441335788,                 0,                 0,                 0,      0.0205729081,     -0.2506727332,       1.419370349,                 0,      -3664.010887
        437,        0.36718051,      -6.424336403,      -3.341902655,      -3.736899644,      -1.006382729,          6383.475,   -0.001513908728,       1.435157183,                 0,                 0,                 0,      0.0204377393,     -0.2507033385,       1.413091033,                 0,      -947.9813124
        438,        0.36802074,      -6.412745675,      -3.321677172,         -3.715747,     -0.9870605687,          6383.475,   -0.002606987029,       1.428791654,                 0,                 0,                 0,     0.02032662816,      -0.250674448,         1.4066324,                 0,       -548.062433
        439,        0.36886097,      -6.402546763,       -3.30349527,      -3.696507694,     -0.9697895834,          6383.475,   -0.003669754075,       1.422254379,                 0,                 0,                 0,     0.02023968305,     -0.2505858834,       1.400009893,                 0,      -387.5612235
        440,         0.3697012,      -6.393660819,      -3.287189633,      -3.679025968,       -0.95440178,          6383.475,   -0.004699546699,       1.415560913,                 0,                 0,                 0,     0.02017693877,      -0.250437723,       1.393239294,                 0,       -301.212224
        441,        0.37054143,      -6.386016447,      -3.272622252,      -3.663152906,      -0.940750327,          6383.475,    -0.00569390545,       1.408727193,                 0,                 0,                 0,     0.02013840393,     -0.2502303121,       1.386336725,                 0,      -247.4096568
        442,        0.37138166,      -6.379566987,      -3.259676481,      -3.648813748,     -0.9287230962,          6383.475,   -0.006650572768,       1.401769531,                 0,                 0,                 0,     0.02012407606,     -0.2499642601,       1.379318642,                 0,      -210.7742565
        443,        0.37222189,       -6.37427433,      -3.248264022,      -3.635935371,     -0.9182335507,          6383.475,   -0.007567480367,         1.3947046,                 0,                 0,                 0,     0.02013394483,     -0.2496404256,       1.372201824,                 0,      -184.3023745
        444,        0.37306212,      -6.370141539,       -3.23829181,      -3.624449694,     -0.9092023638,          6383.475,   -0.008442750493,        1.38754933,                 0,                 0,                 0,     0.02016791755,     -0.2492598987,       1.365003269,                 0,      -164.3480203
        445,        0.37390235,      -6.367157085,      -3.229677644,      -3.614287372,     -0.9015603748,          6383.475,    -0.00927475682,       1.380320462,                 0,                 0,                 0,     0.02022553767,     -0.2488239852,       1.357739748,                 0,      -148.8255152
        446,        0.37474258,      -6.365286637,      -3.222347069,      -3.605372572,     -0.8952269078,          6383.475,    -0.01006211163,       1.373034672,                 0,                 0,                 0,     0.02030612125,     -0.2483342143,       1.350427923,                 0,      -136.4559173
        447,        0.37558281,       -6.36447475,       -3.21624128,      -3.597638495,     -0.8901231909,          6383.475,    -0.01080354015,       1.365709157,                 0,                 0,                 0,     0.02040923562,     -0.2477923164,       1.343084951,                 0,      -126.4131144
        448,        0.37642304,      -6.364710459,      -3.211318326,      -3.591048423,     -0.8862069474,          6383.475,    -0.01149791077,       1.358361405,                 0,                 0,                 0,     0.02053453219,     -0.2472002142,       1.335728251,                 0,      -118.1398457
        449,        0.37726327,      -6.365984613,      -3.207539902,      -3.585573497,     -0.8834387162,          6383.475,    -0.01214425764,        1.35100918,                 0,                 0,                 0,     0.02068175094,     -0.2465600412,       1.328375487,                 0,      -111.2467489
        450,         0.3781035,      -6.368295302,      -3.204867162,      -3.581185344,      -0.881781993,          6383.475,    -0.01274177459,       1.343670396,                 0,                 0,                 0,      0.0208506496,     -0.2458741141,       1.321044438,                 0,      -105.4539449
        451,        0.37894373,      -6.371652607,       -3.20329013,      -3.577882155,     -0.8812222243,          6383.475,    -0.01328980351,        1.33636302,                 0,                 0,                 0,     0.02104091582,     -0.2451449046,       1.313752912,                 0,      -100.5555138
        452,        0.37978396,      -6.376067211,      -3.202778429,      -3.575643052,     -0.8817346245,          6383.475,    -0.01378785078,       1.329104974,                 0,                 0,                 0,     0.02125212806,      -0.244375039,       1.306518648,                 0,       -96.3968203
        453,        0.38062419,       -6.38155172,      -3.203313494,      -3.574454369,     -0.8833003061,          6383.475,    -0.01423558359,       1.321914066,                 0,                 0,                 0,      0.0214837696,     -0.2435672816,       1.299359238,                 0,      -92.85984357
        454,        0.38146442,      -6.388120157,       -3.20488806,      -3.574314873,     -0.8859112425,          6383.475,     -0.0146328096,        1.31480795,                 0,                 0,                 0,     0.02173526298,     -0.2427245088,       1.292292102,                 0,      -89.85341751
        455,        0.38230465,      -6.395795659,      -3.207496698,      -3.575221031,     -0.8895581931,          6383.475,    -0.01497949431,       1.307804089,                 0,                 0,                 0,     0.02200599918,      -0.241849719,       1.285334445,                 0,      -87.30629103
        456,        0.38314488,      -6.404599501,      -3.211113716,      -3.577163845,     -0.8942124026,          6383.475,    -0.01527581262,       1.300919706,                 0,                 0,                 0,     0.02229534822,      -0.240946075,       1.278503196,                 0,      -85.16206229
        457,        0.38398511,      -6.414567926,      -3.215752023,      -3.580166949,     -0.8998919388,          6383.475,     -0.0155220534,       1.294171763,                 0,                 0,                 0,     0.02260264756,     -0.2400168068,        1.27181501,                 0,      -83.37632462
        458,        0.38482534,      -6.425745004,      -3.221424558,        -3.5842335,     -0.9066097176,          6383.475,    -0.01571861222,       1.287576891,                 0,                 0,                 0,     0.02292720459,      -0.239065192,       1.265286197,                 0,      -81.91415839
        459,        0.38566557,      -6.438172205,      -3.228134426,      -3.589379814,     -0.9143661871,          6383.475,    -0.01586599211,       1.281151352,                 0,                 0,                 0,     0.02326829744,     -0.2380945496,       1.258932683,                 0,      -80.74826604
        460,         0.3865058,      -6.451906632,      -3.235899845,      -3.595634215,     -0.9231812643,          6383.475,    -0.01596478847,       1.274911019,                 0,                 0,                 0,     0.02362517397,     -0.2371082225,       1.252769999,                 0,      -79.85768313
        461,        0.38734603,      -6.467002314,      -3.244736922,      -3.602989131,     -0.9330635539,          6383.475,    -0.01601567233,       1.268871345,                 0,                 0,                 0,     0.02399705346,      -0.236109555,       1.246813245,                 0,      -79.22685469
        462,        0.38818626,      -6.483530247,      -3.254675818,      -3.611509402,     -0.9440365344,          6383.475,    -0.01601938581,       1.263047323,                 0,                 0,                 0,     0.02438312859,     -0.2351018813,       1.241077059,                 0,      -78.84492811
        463,        0.38902649,      -6.501596905,      -3.265758618,      -3.621246624,     -0.9561677003,          6383.475,    -0.01597673189,       1.257453436,                 0,                 0,                 0,     0.02478256883,     -0.2340885071,       1.235575562,                 0,      -78.70529748
        464,        0.38986672,      -6.521311267,       -3.27802338,      -3.632234818,      -0.969496945,          6383.475,    -0.01588855588,       1.252103626,                 0,                 0,                 0,     0.02519451968,     -0.2330726859,        1.23032234,                 0,      -78.80537638
        465,        0.39070695,      -6.542754035,      -3.291527847,      -3.644519527,     -0.9840540027,          6383.475,    -0.01575568673,       1.247011213,                 0,                 0,                 0,     0.02561811016,     -0.2320575472,       1.225330365,                 0,       -79.1467382
        466,        0.39154718,       -6.56606865,      -3.306336419,      -3.658187802,     -0.9999161724,          6383.475,    -0.01557909077,       1.242188913,                 0,                 0,                 0,     0.02605244037,     -0.2310462504,       1.220611991,                 0,      -79.73436516
        467,        0.39238741,      -6.591404332,      -3.322528723,      -3.673323711,      -1.017169528,          6383.475,    -0.01535980519,       1.237648775,                 0,                 0,                 0,      0.0264965784,     -0.2300419096,       1.216178907,                 0,      -80.57711405
        468,        0.39322764,      -6.618921742,      -3.340193358,       -3.69000599,      -1.035894489,          6383.475,    -0.01509885258,       1.233402103,                 0,                 0,                 0,      0.0269495667,     -0.2290474947,       1.212042066,                 0,      -81.68846583
        469,        0.39406787,      -6.648797543,      -3.359434182,      -3.708337623,      -1.056191708,          6383.475,    -0.01479723948,       1.229459474,                 0,                 0,                 0,     0.02741041698,     -0.2280658334,       1.208211709,                 0,      -83.08708363
        470,         0.3949081,      -6.681205216,      -3.380375104,      -3.728428589,      -1.078176022,          6383.475,    -0.01445598194,       1.225830668,                 0,                 0,                 0,     0.02787808193,     -0.2270996248,       1.204697291,                 0,       -84.7974682
        471,        0.39574833,      -6.716370054,      -3.403163603,      -3.750471598,      -1.102012291,          6383.475,     -0.0140761185,       1.222524627,                 0,                 0,                 0,     0.02835147014,     -0.2261514443,       1.201507439,                 0,      -86.85097576
        472,        0.39658856,      -6.754425948,      -3.427987549,      -3.774610219,      -1.127866052,          6383.475,    -0.01365862569,       1.219549809,                 0,                 0,                 0,     0.02882970989,     -0.2252237224,       1.198650312,                 0,      -89.28788568
        473,        0.39742879,      -6.795437169,      -3.455054786,      -3.801059223,       -1.15594556,          6383.475,    -0.01320450237,       1.216913609,                 0,                 0,                 0,       0.029311738,      -0.224318727,        1.19613302,                 0,       -92.1589906
        474,        0.39826902,      -6.839272923,      -3.484627945,      -3.830074613,      -1.186504636,          6383.475,    -0.01271474458,       1.214622545,                 0,                 0,                 0,     0.02979645537,     -0.2234385706,       1.193961808,                 0,      -95.52866262
        475,        0.39910925,       -6.88537381,      -3.517011616,      -3.861952695,      -1.219830627,          6383.475,    -0.01219034102,       1.212682251,                 0,                 0,                 0,     0.03028274885,     -0.2225852053,       1.192142052,                 0,      -99.47894391
        476,        0.39994948,      -6.932392135,      -3.552573534,       -3.89705114,      -1.256267086,          6383.475,    -0.01163226806,       1.211097466,                 0,                 0,                 0,     0.03076949697,     -0.2217604157,       1.190678252,                 0,      -104.1153333
        477,        0.40078971,      -6.977625849,       -3.59175162,      -3.935789456,      -1.296210972,          6383.475,    -0.01104149166,       1.209872028,                 0,                 0,                 0,     0.03125557049,     -0.2209658195,       1.189574019,                 0,      -109.5750525
        478,        0.40162994,      -7.009431854,      -3.626740006,       -3.96674504,      -1.334242287,          6383.475,    -0.01041921391,       1.209009631,                 0,                 0,                 0,     0.03174009647,     -0.2202032419,       1.188832781,                 0,      -116.0365495
        479,        0.40247017,      -7.006900784,      -3.644849148,      -3.975292571,      -1.349862209,          6383.475,   -0.009766740595,       1.208514694,                 0,                 0,                 0,     0.03222294107,     -0.2194747361,       1.188458663,                 0,      -123.7377692
        480,         0.4033104,      -7.001525414,      -3.687314817,      -4.014851749,      -1.393582757,          6383.475,   -0.009083734628,       1.208387215,                 0,                 0,                 0,     0.03270238259,       -0.21877997,       1.188451724,                 0,      -133.0275778
        481,        0.40415063,       -7.00019578,      -3.758573622,      -4.092175982,      -1.460488309,          6383.475,   -0.008370705893,       1.208624582,                 0,                 0,                 0,     0.03317623328,     -0.2181189922,       1.188809301,                 0,      -144.3874146
        482,        0.40499086,       -7.00738363,      -3.859969259,      -4.201077367,      -1.563395126,          6383.475,   -0.007629235056,       1.209223214,                 0,                 0,                 0,     0.03364198703,     -0.2174927374,       1.189527594,                 0,      -158.4986182
        483,        0.40583109,      -6.985639817,      -3.951296611,      -4.291085316,      -1.651180637,          6383.475,   -0.006861372349,       1.210181902,                 0,                 0,                 0,     0.03409887619,     -0.2169030146,       1.190605055,                 0,      -176.3760718
        484,        0.40667132,      -6.954003436,      -4.038684316,      -4.369951817,      -1.724528404,          6383.475,   -0.006068323196,       1.211498563,                 0,                 0,                 0,      0.0345460655,     -0.2163506495,       1.192039424,                 0,      -199.6430519
        485,        0.40751155,      -6.923906092,      -4.117781716,      -4.436818388,      -1.799287667,          6383.475,   -0.005251033911,       1.213169713,                 0,                 0,                 0,     0.03498248734,     -0.2158359687,       1.193827106,                 0,      -231.0344464
        486,        0.40835178,      -6.944204839,       -4.21278927,      -4.507970231,      -1.873646642,          6383.475,   -0.004411075785,       1.215186809,                 0,                 0,                 0,     0.03540466907,     -0.2153590366,       1.195959416,                 0,       -275.485362
        487,        0.40919201,      -6.840325589,      -4.118740203,      -4.440863614,      -1.785015167,          6383.475,   -0.003547657954,       1.217556389,                 0,                 0,                 0,     0.03581864224,     -0.2149202091,       1.198442927,                 0,      -343.2000503
        488,        0.41003224,      -6.784603247,      -4.040432435,      -4.373478129,      -1.703857584,          6383.475,   -0.002661519034,       1.220271748,                 0,                 0,                 0,     0.03622260483,     -0.2145190498,        1.20127091,                 0,      -458.4869513
        489,        0.41087247,      -6.745598549,      -3.962214191,      -4.302094847,       -1.62675417,          6383.475,   -0.001753850881,       1.223325106,                 0,                 0,                 0,     0.03661451885,     -0.2141553813,       1.204435496,                 0,      -697.5080486
        490,         0.4117127,       -6.70836305,      -3.884755198,      -4.228166265,      -1.554218387,          6383.475,   -0.000825830647,       1.226708367,                 0,                 0,                 0,      0.0369927785,      -0.213828957,       1.207928507,                 0,      -1485.423642
        491,        0.41255293,      -6.672999021,      -3.815812709,      -4.160359085,      -1.491936129,          6383.475,   0.0001209797954,       1.230411485,                 0,                 0,                 0,     0.03735523765,     -0.2135395702,       1.211739777,                 0,       10170.38821
        492,        0.41339316,      -6.643769727,      -3.755920314,      -4.101860656,      -1.434991811,          6383.475,    0.001084878112,       1.234423562,                 0,                 0,                 0,     0.03769996817,     -0.2132870056,       1.215858281,                 0,       1137.845393
        493,        0.41423339,      -6.617157488,       -3.70286732,      -4.050051673,      -1.384140941,          6383.475,    0.002064234473,       1.238733417,                 0,                 0,                 0,     0.03802569958,     -0.2130709263,       1.220272723,                 0,       600.0933676
        494,        0.41507362,      -6.588150902,      -3.647800658,       -3.99428133,      -1.327624588,          6383.475,    0.003057902597,       1.243330804,                 0,                 0,                 0,     0.03833249011,     -0.2128906821,       1.224972814,                 0,       406.5959474
        495,        0.41591385,      -6.566116116,      -3.604833375,      -3.952812635,      -1.286528728,          6383.475,    0.004063840397,       1.248203888,                 0,                 0,                 0,     0.03861968189,      -0.212746229,       1.229946545,                 0,        307.148846
        496,        0.41675408,      -6.545842673,      -3.565745538,      -3.915593883,      -1.249184023,          6383.475,    0.005080467055,       1.253341255,                 0,                 0,                 0,     0.03888712737,     -0.2126371415,       1.235182399,                 0,        246.698038
        497,        0.41759431,      -6.527257786,      -3.530257284,      -3.881937293,      -1.215146061,          6383.475,    0.006106312065,       1.258731157,                 0,                 0,                 0,     0.03913472707,     -0.2125628282,       1.240668553,                 0,       206.1360677
        498,        0.41843454,      -6.510166843,      -3.497920991,       -3.85123536,      -1.183903965,          6383.475,    0.007139772864,       1.264361035,                 0,                 0,                 0,       0.039362083,     -0.2125226859,       1.246392358,                 0,       177.0870109
        499,        0.41927477,      -6.491069149,      -3.466566615,      -3.819605892,      -1.154682723,          6383.475,    0.008179129267,        1.27021724,                 0,                 0,                 0,     0.03956847833,     -0.2125160391,       1.252340077,                 0,       155.2998124
        500,          0.420115,      -6.471189179,      -3.434046524,        -3.7859286,      -1.121943732,          6383.475,    0.009222636609,       1.276285477,                 0,                 0,                 0,      0.0397531932,     -0.2125421232,       1.258497327,                 0,       138.3861829
        501,        0.42095523,      -6.458001841,      -3.409037732,      -3.762211656,       -1.09720012,          6383.475,     0.01026757853,       1.282549862,                 0,                 0,                 0,     0.03991490728,     -0.2126008554,       1.264847994,                 0,       124.9125934
        502,        0.42179546,      -6.443845389,      -3.382370869,      -3.736211869,      -1.068781332,          6383.475,     0.01131202947,       1.288994749,                 0,                 0,                 0,     0.04005311981,     -0.2126914149,       1.271376336,                 0,       113.9490268
        503,        0.42263569,      -6.432977732,       -3.36113652,      -3.716450595,       -1.04763387,          6383.475,     0.01235311794,       1.295603481,                 0,                 0,                 0,     0.04016703741,     -0.2128137371,       1.278065449,                 0,       104.8806858
        504,        0.42347592,      -6.423206324,      -3.341675571,      -3.698611095,      -1.028231146,          6383.475,     0.01338819372,       1.302359462,                 0,                 0,                 0,     0.04025611163,     -0.2129675503,       1.284898531,                 0,       97.27671178
        505,        0.42431615,       -6.41461178,      -3.323971838,      -3.682508928,      -1.010507375,          6383.475,      0.0144147448,        1.30924598,                 0,                 0,                 0,     0.04032010454,     -0.2131524261,       1.291858686,                 0,       90.82685803
        506,        0.42515638,      -6.407130737,      -3.307838226,      -3.667944763,     -0.9942659063,          6383.475,     0.01543022032,       1.316246225,                 0,                 0,                 0,     0.04035891796,     -0.2133679577,       1.298928917,                 0,       85.30313873
        507,        0.42599661,      -6.400699676,      -3.293125388,      -3.654811746,     -0.9793718813,          6383.475,     0.01643209669,        1.32334326,                 0,                 0,                 0,     0.04037253178,     -0.2136136893,       1.306092106,                 0,       80.53404777
        508,        0.42683684,      -6.395261487,      -3.279733604,      -3.643025976,      -0.965724145,          6383.475,     0.01741775121,        1.33052003,                 0,                 0,                 0,     0.04036094706,     -0.2138892421,       1.313331002,                 0,        76.3887378
        509,        0.42767707,      -6.390796253,       -3.26758129,      -3.632512383,     -0.9532661515,          6383.475,     0.01838447327,       1.337759251,                 0,                 0,                 0,     0.04032416238,     -0.2141942843,       1.320628112,                 0,       72.76571003
        510,         0.4285173,      -6.387271113,      -3.256610636,      -3.623199233,     -0.9419297538,          6383.475,     0.01932941902,       1.345043431,                 0,                 0,                 0,     0.04026215688,     -0.2145285789,       1.327965717,                 0,       69.58530051
        511,        0.42935753,      -6.384680185,      -3.246778027,      -3.615061546,     -0.9316883183,          6383.475,     0.02024973296,       1.352354885,                 0,                 0,                 0,     0.04017493028,     -0.2148918674,       1.335325905,                 0,       66.78383801
        512,        0.43019776,      -6.383019771,      -3.238047182,       -3.60806516,     -0.9225155794,          6383.475,     0.02114252597,       1.359675895,                 0,                 0,                 0,     0.04006257188,     -0.2152839178,       1.342690724,                 0,       64.31000233
        513,        0.43103799,      -6.382298016,      -3.230388922,      -3.602183517,     -0.9143952635,          6383.475,     0.02200491653,        1.36698885,                 0,                 0,                 0,     0.03992533664,     -0.2157045102,       1.350042331,                 0,       62.12197386
        514,        0.43187822,      -6.382522826,      -3.223772391,      -3.597386778,      -0.907306199,          6383.475,      0.0228340738,       1.374276376,                 0,                 0,                 0,     0.03976366925,     -0.2161534154,       1.357363125,                 0,       60.18533477
        515,        0.43271845,      -6.383693986,      -3.218178419,      -3.593647152,     -0.9012294524,          6383.475,     0.02362722299,       1.381521354,                 0,                 0,                 0,     0.03957815518,     -0.2166303931,       1.364635765,                 0,       58.47159247
        516,        0.43355868,      -6.385805473,       -3.21359378,      -3.590959138,     -0.8961511181,          6383.475,      0.0243816331,       1.388706835,                 0,                 0,                 0,     0.03936942631,     -0.2171351898,       1.371843084,                 0,       56.95708852
        517,        0.43439891,      -6.388867195,      -3.210016383,      -3.589299299,     -0.8920696891,          6383.475,     0.02509461525,       1.395815952,                 0,                 0,                 0,     0.03913807348,     -0.2176675247,       1.378968005,                 0,       55.62212999
        518,        0.43523914,      -6.392889856,      -3.207446552,      -3.588658029,     -0.8889843073,          6383.475,     0.02576351915,       1.402831892,                 0,                 0,                 0,      0.0388846151,     -0.2182270883,       1.385993512,                 0,       54.45032117
        519,        0.43607937,      -6.397888365,       -3.20586983,      -3.589026163,      -0.886877893,          6383.475,     0.02638580498,       1.409737956,                 0,                 0,                 0,     0.03860953141,     -0.2188134817,       1.392902715,                 0,       53.42789264
        520,         0.4369196,      -6.403910234,      -3.205335427,      -3.590436884,     -0.8858179691,          6383.475,     0.02695890043,       1.416517604,                 0,                 0,                 0,     0.03831335158,     -0.2194263665,       1.399678883,                 0,       52.54359716
        521,        0.43775983,      -6.410992747,      -3.205847298,      -3.592879058,     -0.8858045392,          6383.475,     0.02748037271,       1.423154659,                 0,                 0,                 0,     0.03799669309,      -0.220065329,       1.406305659,                 0,       51.78804067
        522,        0.43860006,      -6.419170473,      -3.207413741,      -3.596370455,     -0.8868398453,          6383.475,     0.02794793758,       1.429633354,                 0,                 0,                 0,     0.03766029021,     -0.2207298811,        1.41276712,                 0,       51.15344737
        523,        0.43944029,      -6.428531693,      -3.210075849,      -3.600983424,     -0.8890216341,          6383.475,     0.02835946715,        1.43593835,                 0,                 0,                 0,     0.03730498747,     -0.2214194547,        1.41904779,                 0,       50.63347428
        524,        0.44028052,       -6.43907724,      -3.213852142,      -3.606652716,     -0.8922969462,          6383.475,      0.0287130071,       1.442054786,                 0,                 0,                 0,     0.03693170936,     -0.2221333936,       1.425132695,                 0,       50.22304981
        525,        0.44112075,       -6.45088714,      -3.218776562,      -3.613424006,     -0.8967266859,          6383.475,     0.02900680162,        1.44796832,                 0,                 0,                 0,     0.03654143422,     -0.2228709369,       1.431007406,                 0,        49.9182343
        526,        0.44196098,      -6.464037337,      -3.224888166,      -3.621329066,     -0.9023555275,          6383.475,     0.02923930253,       1.453665153,                 0,                 0,                 0,     0.03613518202,     -0.2236312129,       1.436658065,                 0,       49.71613641
        527,        0.44280121,      -6.478615324,      -3.232235293,      -3.630411741,     -0.9092373572,          6383.475,     0.02940915293,       1.459132005,                 0,                 0,                 0,     0.03571401432,     -0.2244132519,       1.442071357,                 0,       49.61489401
        528,        0.44364144,      -6.494707746,      -3.240873644,      -3.640716751,     -0.9174266377,          6383.475,     0.02951521354,       1.464356128,                 0,                 0,                 0,     0.03527902979,      -0.225215962,       1.447234531,                 0,        49.6136044
        529,        0.44448167,      -6.512429751,      -3.250869162,      -3.652303235,     -0.9269942984,          6383.475,     0.02955657167,       1.469325358,                 0,                 0,                 0,     0.03483135811,     -0.2260381299,       1.452135449,                 0,       49.71230677
        530,         0.4453219,      -6.531894488,      -3.262294275,      -3.665243598,     -0.9380133748,          6383.475,     0.02953253404,       1.474028153,                 0,                 0,                 0,     0.03437215642,     -0.2268784342,       1.456762624,                 0,       49.91201065
        531,        0.44616213,      -6.553246172,      -3.275235345,      -3.679615422,     -0.9505786698,          6383.475,     0.02944263834,       1.478453584,                 0,                 0,                 0,     0.03390261249,     -0.2277354321,       1.461105212,                 0,       50.21471129
        532,        0.44700236,      -6.576643021,      -3.289795401,      -3.695506242,     -0.9647971891,          6383.475,     0.02928665888,       1.482591347,                 0,                 0,                 0,     0.03342394202,      -0.228607557,       1.465153028,                 0,       50.62343756
        533,        0.44784259,      -6.602263629,      -3.306094057,      -3.713039723,     -0.9807957521,          6383.475,     0.02906461763,       1.486431798,                 0,                 0,                 0,     0.03293738147,     -0.2294931122,       1.468896577,                 0,       51.14231391
        534,        0.44868282,      -6.630309861,      -3.324280582,      -3.732344403,     -0.9987309814,          6383.475,     0.02877678861,       1.489965974,                 0,                 0,                 0,     0.03244418172,     -0.2303902717,        1.47232708,                 0,       51.77665912
        535,        0.44952305,      -6.660975113,      -3.344503468,      -3.753527536,      -1.018751579,          6383.475,      0.0284236964,       1.493185611,                 0,                 0,                 0,     0.03194560817,     -0.2312970837,        1.47543649,                 0,       52.53312553
        536,        0.45036328,      -6.694457199,      -3.366956993,      -3.776788101,      -1.041065406,          6383.475,     0.02800612039,        1.49608317,                 0,                 0,                 0,      0.0314429382,     -0.2322114717,       1.478217517,                 0,       53.41986501
        537,        0.45120351,      -6.730922937,      -3.391872997,      -3.802333951,      -1.065915986,          6383.475,     0.02752509153,       1.498651857,                 0,                 0,                 0,     0.03093745852,     -0.2331312403,       1.480663649,                 0,       54.44675288
        538,        0.45204374,      -6.770443393,      -3.419530739,      -3.830412507,      -1.093596182,          6383.475,     0.02698189185,       1.500885634,                 0,                 0,                 0,     0.03043046358,     -0.2340540789,       1.482769165,                 0,       55.62566341
        539,        0.45288397,      -6.812870065,      -3.450266566,      -3.861314801,       -1.12446043,          6383.475,     0.02637804681,       1.502779231,                 0,                 0,                 0,     0.02992324903,     -0.2349775698,       1.484529137,                 0,       56.97083037
        540,         0.4537242,      -6.857595717,      -3.484486482,      -3.895378328,      -1.158935339,          6383.475,     0.02571532079,       1.504328153,                 0,                 0,                 0,     0.02941710919,     -0.2358991952,       1.485939447,                 0,       58.49929565
        541,        0.45456443,       -6.90313981,      -3.522679934,      -3.932990498,      -1.197540788,          6383.475,      0.0249957129,       1.505528701,                 0,                 0,                 0,     0.02891333166,     -0.2368163435,       1.486996797,                 0,       60.23147678
        542,        0.45540466,      -6.946567358,      -3.565433186,      -3.974580698,      -1.240905487,          6383.475,     0.02422144391,       1.506377969,                 0,                 0,                 0,     0.02841319189,     -0.2377263235,       1.487698712,                 0,       62.19191451
        543,        0.45624489,      -6.983028362,      -3.613442955,      -4.020595867,      -1.289774107,          6383.475,     0.02339494844,       1.506873854,                 0,                 0,                 0,     0.02791795209,     -0.2386263721,       1.488043544,                 0,       64.41022334
        544,        0.45708512,       -7.00634737,      -3.667532872,       -4.07146431,      -1.345029351,          6383.475,     0.02251886194,       1.507015066,                 0,                 0,                 0,        0.02742886,     -0.2395136701,        1.48803048,                 0,       66.92234581
        545,        0.45792535,       -7.00096209,      -3.720789993,      -4.116202271,      -1.401420773,          6383.475,     0.02159614932,       1.506800315,                 0,                 0,                 0,     0.02694681033,     -0.2403850735,       1.487658764,                 0,       69.77171221
        546,        0.45876558,      -7.008531831,      -3.809335247,      -4.202692589,      -1.491041237,          6383.475,     0.02062927998,       1.506232949,                 0,                 0,                 0,     0.02647431376,      -0.241238732,       1.486932123,                 0,       73.01432484
        547,        0.45960581,      -6.984111406,      -3.896086657,      -4.276035125,      -1.584725219,          6383.475,     0.01962221702,       1.505313345,                 0,                 0,                 0,     0.02601227698,     -0.2420708077,       1.485851615,                 0,       76.71474347
        548,        0.46044604,      -6.947747242,      -3.982001379,      -4.340820975,      -1.674325034,          6383.475,     0.01857835888,       1.504043429,                 0,                 0,                 0,     0.02556172107,     -0.2428782888,       1.484419728,                 0,       80.95674322
        549,        0.46128627,      -6.907091408,      -4.054416688,      -4.388755555,      -1.747837115,          6383.475,     0.01750111402,       1.502425727,                 0,                 0,                 0,     0.02512361032,     -0.2436582568,       1.482639541,                 0,       85.84743379
        550,         0.4621265,      -6.910205193,      -4.131910015,      -4.442832136,      -1.817183699,          6383.475,     0.01639478506,        1.50046757,                 0,                 0,                 0,     0.02470117318,     -0.2444077478,       1.480519021,                 0,       91.52102724
        551,        0.46296673,      -6.809645327,      -4.039770985,      -4.372835277,      -1.715048179,          6383.475,     0.01526100719,       1.498164479,                 0,                 0,                 0,     0.02429008518,     -0.2451243734,        1.47805404,                 0,       98.16943671
        552,        0.46380696,      -6.762003359,      -3.965617649,      -4.317670272,      -1.631737163,          6383.475,     0.01410378412,       1.495524018,                 0,                 0,                 0,     0.02389293229,     -0.2458055044,       1.475252744,                 0,       106.0370752
        553,        0.46464719,      -6.722001546,      -3.886090364,      -4.254774031,      -1.548881136,          6383.475,     0.01292704077,       1.492552792,                 0,                 0,                 0,     0.02351125893,     -0.2464484225,       1.472122319,                 0,        115.459742
        554,        0.46548742,       -6.68016233,      -3.802466585,      -4.182038948,      -1.459690709,          6383.475,     0.01173417111,       1.489256785,                 0,                 0,                 0,     0.02314558204,     -0.2470508242,       1.468669246,                 0,       126.9162322
        555,        0.46632765,      -6.646295128,      -3.733653742,      -4.121069681,      -1.391251426,          6383.475,     0.01052945146,       1.485644552,                 0,                 0,                 0,     0.02279752664,     -0.2476099837,       1.464902693,                 0,        141.094202
        556,        0.46716788,      -6.612088081,      -3.671394441,      -4.062403585,      -1.331382983,          6383.475,    0.009316876575,        1.48172494,                 0,                 0,                 0,     0.02246824226,     -0.2481235033,       1.460832067,                 0,       159.0366608
        557,        0.46800811,      -6.583827297,      -3.617655023,      -4.012108803,      -1.278296448,          6383.475,    0.008100553829,       1.477507486,                 0,                 0,                 0,     0.02215876718,     -0.2485889942,       1.456467474,                 0,       182.3958605
        558,        0.46884834,      -6.558141158,      -3.570132511,       -3.96691752,      -1.231537042,          6383.475,    0.006884288995,       1.473002011,                 0,                 0,                 0,     0.02186963942,     -0.2490044138,       1.451819245,                 0,       213.9657432
        559,        0.46968857,      -6.534784018,       -3.52786206,      -3.926193931,        -1.1901112,          6383.475,    0.005671837572,       1.468218836,                 0,                 0,                 0,     0.02160125562,     -0.2493678557,       1.446898197,                 0,       258.8612275
        560,         0.4705288,      -6.505775993,      -3.481439508,      -3.877369973,      -1.141209073,          6383.475,    0.004465865076,       1.463167693,                 0,                 0,                 0,      0.0213530026,      -0.249678385,       1.441714377,                 0,        327.633654
        561,        0.47136903,      -6.486154818,      -3.446855723,      -3.843205062,      -1.107573336,          6383.475,    0.003270874909,       1.457860841,                 0,                 0,                 0,     0.02112588176,     -0.2499336954,       1.436280641,                 0,       445.7097509
        562,        0.47220926,      -6.468141932,      -3.415781567,      -3.812326974,      -1.077524456,          6383.475,    0.002090423609,       1.452310879,                 0,                 0,                 0,     0.02092071261,     -0.2501324722,       1.430610012,                 0,       694.7447746
        563,        0.47304949,      -6.451881012,      -3.388024981,      -3.784341534,      -1.050752815,          6383.475,   0.0009278662606,       1.446531118,                 0,                 0,                 0,     0.02073824826,     -0.2502737228,       1.424716183,                 0,       1558.986656
        564,        0.47388972,      -6.437274698,      -3.363128641,      -3.758884082,      -1.026790605,          6383.475,  -0.0002135118946,        1.44053547,                 0,                 0,                 0,     0.02057912682,     -0.2503566274,       1.418613423,                 0,       -6746.86285
        565,        0.47472995,      -6.424222362,      -3.340739531,      -3.735716335,      -1.005309822,          6383.475,   -0.001330534814,       1.434338343,                 0,                 0,                 0,     0.02044381069,     -0.2503805604,       1.412316475,                 0,      -1078.016395
        566,        0.47557018,      -6.412642711,      -3.320596629,      -3.714640271,     -0.9860735963,          6383.475,   -0.002420182868,       1.427954542,                 0,                 0,                 0,     0.02033255421,     -0.2503451188,       1.405840443,                 0,      -590.0192752
        567,        0.47641041,      -6.402455082,      -3.302488989,      -3.695471076,     -0.9688806954,          6383.475,   -0.003479605536,       1.421399255,                 0,                 0,                 0,     0.02024546559,     -0.2502501329,       1.399200779,                 0,      -408.4943653
        568,        0.47725064,      -6.402596865,      -3.290442347,      -3.671817068,     -0.9535715883,          6383.475,   -0.004507136957,       1.414685027,                 0,                 0,                 0,     0.02018097217,     -0.2500961404,       1.392410127,                 0,      -313.8766451
        569,        0.47809087,      -6.395236938,       -3.27549966,      -3.655395666,     -0.9394797383,          6383.475,   -0.005499213655,       1.407830096,                 0,                 0,                 0,     0.02014026318,     -0.2498827988,       1.385487065,                 0,      -256.0057099
        570,         0.4789311,      -6.389116468,      -3.262197988,      -3.640754616,     -0.9271168844,          6383.475,   -0.006453680406,       1.400851281,                 0,                 0,                 0,     0.02012370569,     -0.2496109066,       1.378448532,                 0,      -217.0623881
        571,        0.47977133,      -6.384087155,      -3.250553922,      -3.627758312,     -0.9164689553,          6383.475,   -0.007368494331,       1.393765487,                 0,                 0,                 0,     0.02013152566,     -0.2492813873,       1.371311532,                 0,      -189.1520064
        572,        0.48061156,      -6.380166318,      -3.240404231,      -3.616203612,     -0.9073443685,          6383.475,   -0.008241730162,       1.386589816,                 0,                 0,                 0,     0.02016375079,     -0.2488953145,        1.36409324,                 0,      -168.2401375
        573,        0.48145179,      -6.377362731,      -3.231626889,      -3.605977981,     -0.8996234839,          6383.475,   -0.009071710571,       1.379341122,                 0,                 0,                 0,     0.02021991828,      -0.248453963,       1.356810545,                 0,      -152.0486253
        574,        0.48229202,      -6.365678806,      -3.221019651,      -3.603807102,     -0.8937686834,          6383.475,   -0.009856002178,       1.372038696,                 0,                 0,                 0,     0.02030064383,     -0.2479582866,       1.349482868,                 0,      -139.2084408
        575,        0.48313225,      -6.364780015,      -3.215201651,      -3.596633128,     -0.8891190477,          6383.475,    -0.01059458314,       1.364697634,                 0,                 0,                 0,     0.02040434019,     -0.2474108848,        1.34212508,                 0,      -128.8108853
        576,        0.48397248,      -6.364885447,      -3.210540047,      -3.590335008,     -0.8855456531,          6383.475,    -0.01128620262,       1.357334937,                 0,                 0,                 0,     0.02053022201,     -0.2468134781,       1.334754141,                 0,      -120.2649804
        577,        0.48481271,      -6.366110549,      -3.206880511,       -3.58494222,     -0.8829170587,          6383.475,    -0.01192988716,       1.349968131,                 0,                 0,                 0,     0.02067777825,     -0.2461681512,       1.327387479,                 0,      -113.1584996
        578,        0.48565294,      -6.368430587,      -3.204261993,      -3.580576892,     -0.8813111916,          6383.475,    -0.01252487807,       1.342615094,                 0,                 0,                 0,     0.02084676498,     -0.2454772613,       1.320042831,                 0,      -107.1958614
        579,        0.48649317,      -6.371831677,      -3.202721615,      -3.577290644,     -0.8807800842,          6383.475,    -0.01307053069,       1.335293971,                 0,                 0,                 0,     0.02103708465,     -0.2447433246,       1.312738181,                 0,      -102.1606545
        580,         0.4873334,      -6.376298692,      -3.202246498,      -3.575075481,     -0.8813208665,          6383.475,    -0.01356632165,       1.328022989,                 0,                 0,                 0,     0.02124861009,     -0.2439689907,       1.305491569,                 0,      -97.89116188
        581,        0.48817363,      -6.381817794,      -3.202820703,      -3.573919657,     -0.8829213973,          6383.475,    -0.01401187545,       1.320820213,                 0,                 0,                 0,       0.021481025,     -0.2431570265,       1.298320849,                 0,      -94.26434152
        582,        0.48901386,      -6.388386718,      -3.204437622,      -3.573820367,     -0.8855780233,          6383.475,    -0.01440696901,       1.313703362,                 0,                 0,                 0,     0.02173374643,     -0.2423102895,       1.291243512,                 0,      -91.18527019
        583,        0.48985409,      -6.396024717,      -3.207078891,      -3.574762562,      -0.889268132,          6383.475,    -0.01475159951,       1.306689705,                 0,                 0,                 0,     0.02200595288,     -0.2414317756,       1.284276564,                 0,      -88.57952684
        584,        0.49069432,       -6.40476897,      -3.210723265,      -3.576736589,     -0.8939682766,          6383.475,    -0.01504599517,       1.299796066,                 0,                 0,                 0,      0.0222966731,     -0.2405246309,       1.277436534,                 0,      -86.38817514
        585,        0.49153455,      -6.414671179,      -3.215383648,      -3.579761447,     -0.8996895569,          6383.475,    -0.01529052941,       1.293038902,                 0,                 0,                 0,     0.02260490348,     -0.2395920809,       1.270739563,                 0,      -84.56469147
        586,        0.49237478,      -6.425791888,      -3.221074738,      -3.583839597,      -0.906439993,          6383.475,    -0.01548568488,       1.286434392,                 0,                 0,                 0,      0.0229297299,     -0.2386374104,       1.264201502,                 0,      -83.07248931
        587,        0.49321501,      -6.438186345,      -3.227804327,      -3.588998725,       -0.91422176,          6383.475,    -0.01563202101,       1.279998556,                 0,                 0,                 0,     0.02327040706,     -0.2376639522,        1.25783803,                 0,      -81.88311383
        588,        0.49405524,      -6.451916865,      -3.235592878,      -3.595272758,     -0.9230585427,          6383.475,    -0.01573013078,       1.273747312,                 0,                 0,                 0,     0.02362635947,     -0.2366750542,       1.251664719,                 0,      -80.97499823
        589,        0.49489547,      -6.467025694,      -3.244452464,      -3.602647743,     -0.9329534758,          6383.475,    -0.01578062492,       1.267696398,                 0,                 0,                 0,     0.02399709896,     -0.2356740512,       1.245696965,                 0,      -80.33245862
        590,         0.4957357,      -6.483580244,      -3.254412715,      -3.611201601,     -0.9439502927,          6383.475,    -0.01578415497,       1.261861193,                 0,                 0,                 0,     0.02438209648,     -0.2346642548,       1.239949796,                 0,       -79.9448051
        591,        0.49657593,      -6.501661144,       -3.26550917,      -3.620963281,     -0.9560961165,          6383.475,    -0.01574143237,       1.256256511,                 0,                 0,                 0,     0.02478068167,     -0.2336489385,       1.234437681,                 0,      -79.80573065
        592,        0.49741616,      -6.521380382,      -3.277780341,      -3.631965306,     -0.9694363982,          6383.475,    -0.01565322239,       1.250896493,                 0,                 0,                 0,      0.0251920202,     -0.2326313112,       1.229174411,                 0,        -79.913034
        593,        0.49825639,      -6.542816523,      -3.291287514,       -3.64425731,     -0.9839996267,          6383.475,    -0.01552032493,       1.245794527,                 0,                 0,                 0,     0.02561517234,     -0.2316144856,       1.224173032,                 0,      -80.26858537
        594,        0.49909662,      -6.566123562,      -3.306095293,      -3.657929682,     -0.9998672037,          6383.475,    -0.01534371445,        1.24096333,                 0,                 0,                 0,     0.02604914964,     -0.2306016297,         1.2194459,                 0,      -80.87763455
        595,        0.49993685,      -6.591454663,      -3.322289423,       -3.67306989,      -1.017126868,          6383.475,    -0.01512443896,       1.236414905,                 0,                 0,                 0,      0.0264929607,     -0.2295958598,       1.215004653,                 0,      -81.74947239
        596,        0.50077708,      -6.618969893,      -3.339956748,      -3.689758025,      -1.035858892,          6383.475,    -0.01486354153,       1.232160498,                 0,                 0,                 0,     0.02694562186,      -0.228600156,       1.210860184,                 0,      -82.89817707
        597,        0.50161731,      -6.648844556,      -3.359201648,      -3.708098411,      -1.056165485,          6383.475,    -0.01456205822,       1.228210625,                 0,                 0,                 0,     0.02740613847,     -0.2276173647,       1.207022671,                 0,       -84.3432025
        598,        0.50245754,      -6.681251616,      -3.380147057,      -3.728201148,      -1.078160957,          6383.475,     -0.0142210265,       1.224575015,                 0,                 0,                 0,     0.02787346949,     -0.2266501969,       1.203501513,                 0,      -86.11017036
        599,        0.50329777,       -6.71641073,      -3.402939628,      -3.750252495,      -1.102006879,          6383.475,    -0.01384149704,       1.221262542,                 0,                 0,                 0,      0.0283465116,     -0.2257012285,       1.200305269,                 0,      -88.23196934
        600,          0.504138,       -6.75446158,      -3.427766364,       -3.77440073,      -1.127871429,          6383.475,    -0.01342444131,       1.218281654,                 0,                 0,                 0,     0.02882440033,     -0.2247728831,       1.197442089,                 0,      -90.75101346
        601,        0.50497823,      -6.795464929,       -3.45483569,      -3.800859368,       -1.15595942,          6383.475,    -0.01297084499,       1.215639748,                 0,                 0,                 0,     0.02930607595,     -0.2238674157,       1.194919085,                 0,      -93.72093719
        602,        0.50581846,      -6.839290397,      -3.484408197,      -3.829881521,      -1.186525132,          6383.475,     -0.0124816911,       1.213343351,                 0,                 0,                 0,     0.02979044251,      -0.222986928,       1.192742516,                 0,      -97.20985255
        603,        0.50665869,       -6.88537742,      -3.516788486,       -3.86176492,      -1.219855914,          6383.475,    -0.01195795793,       1.211398108,                 0,                 0,                 0,     0.03027638977,     -0.2221333636,       1.190917771,                 0,      -101.3047641
        604,        0.50749892,      -6.932377521,      -3.552344195,      -3.896866575,      -1.256295053,          6383.475,      -0.011400616,       1.209808763,                 0,                 0,                 0,     0.03076279799,     -0.2213085021,       1.189449354,                 0,      -106.1178416
        605,        0.50833915,      -6.977588408,      -3.591512976,      -3.935607098,      -1.296239628,          6383.475,    -0.01081062653,       1.208579156,                 0,                 0,                 0,     0.03124853793,     -0.2205139568,       1.188340877,                 0,      -111.7954776
        606,        0.50917938,      -7.009372302,      -3.626481454,      -3.966561035,      -1.334269599,          6383.475,    -0.01018918846,       1.207712974,                 0,                 0,                 0,     0.03173273607,     -0.2197515488,       1.187595766,                 0,      -118.5288679
        607,        0.51001961,      -7.006849267,      -3.644555505,      -3.975104172,      -1.349885514,          6383.475,   -0.009537602775,       1.207214629,                 0,                 0,                 0,     0.03221525826,     -0.2190233255,       1.187218139,                 0,      -126.5742197
        608,        0.51085984,      -7.001478423,      -3.686990892,      -4.014657364,      -1.393600736,          6383.475,   -0.008855529627,       1.207084109,                 0,                 0,                 0,     0.03269438127,       -0.21832895,       1.187208042,                 0,      -136.3085168
        609,        0.51170007,      -7.000145518,      -3.758225492,      -4.091965547,       -1.46047951,          6383.475,   -0.008143475667,       1.207318788,                 0,                 0,                 0,     0.03316791473,     -0.2176684653,       1.187562803,                 0,      -148.2559581
        610,         0.5125403,      -7.007335988,      -3.859584248,       -4.20082977,       -1.56334161,          6383.475,   -0.007403017571,       1.207915072,                 0,                 0,                 0,     0.03363335117,     -0.2170428001,       1.188278607,                 0,       -163.165231
        611,        0.51338053,      -6.985614366,      -3.950834175,      -4.290777137,      -1.651051267,          6383.475,   -0.006636201382,       1.208871743,                 0,                 0,                 0,     0.03408992274,     -0.2164537578,       1.189353901,                 0,      -182.1632096
        612,        0.51422076,      -6.954001485,      -4.038122523,       -4.36956119,      -1.724287014,          6383.475,   -0.005844227847,       1.210186712,                 0,                 0,                 0,     0.03453679486,     -0.2159021581,       1.190786417,                 0,      -207.0738417
        613,        0.51506099,      -6.923926426,      -4.117131866,      -4.436337659,      -1.798939309,          6383.475,   -0.005028038866,       1.211856485,                 0,                 0,                 0,     0.03497290072,     -0.2153883219,       1.192572553,                 0,      -241.0197132
        614,        0.51590122,      -6.944237689,      -4.212147274,      -4.507427373,       -1.87317953,          6383.475,   -0.004189202197,       1.213872509,                 0,                 0,                 0,     0.03539476574,     -0.2149123078,        1.19470361,                 0,      -289.7622152
        615,        0.51674145,      -6.840376112,      -4.118219801,      -4.440357688,      -1.784663038,          6383.475,   -0.003326919613,       1.216241327,                 0,                 0,                 0,     0.03580843025,     -0.2144744662,       1.197186174,                 0,      -365.5758083
        616,        0.51758168,      -6.784663762,      -4.040075903,      -4.373059507,      -1.703616611,          6383.475,   -0.002441926069,       1.218956229,                 0,                 0,                 0,     0.03621209233,     -0.2140743556,       1.200013509,                 0,      -499.1781875
        617,        0.51842191,      -6.745665513,      -3.961978847,      -4.301757979,      -1.626592262,          6383.475,   -0.001535409455,       1.222009428,                 0,                 0,                 0,     0.03660371386,     -0.2137117934,       1.203177738,                 0,      -795.8850483
        618,        0.51926214,      -6.708433741,      -3.884595034,      -4.227892749,      -1.554124064,          6383.475,  -0.0006085428045,       1.225392823,                 0,                 0,                 0,     0.03698168982,     -0.2133865283,        1.20667068,                 0,      -2013.650994
        619,        0.52010237,      -6.673074009,      -3.815700975,      -4.160133648,      -1.491897992,          6383.475,   0.0003371156586,        1.22909636,                 0,                 0,                 0,      0.0373438746,     -0.2130983489,       1.210482164,                 0,       3645.918925
        620,         0.5209426,      -6.643847652,      -3.755839182,      -4.101668254,      -1.434989298,          6383.475,      0.0012998672,       1.233109137,                 0,                 0,                 0,     0.03768834072,     -0.2128470352,       1.214601158,                 0,       948.6423976
        621,        0.52178283,      -6.617237828,      -3.702806486,      -4.049883132,      -1.384165361,          6383.475,    0.002278084791,       1.237419968,                 0,                 0,                 0,     0.03801381862,     -0.2126322468,       1.219016363,                 0,        543.184333
        622,        0.52262306,      -6.588230919,      -3.647748771,      -3.994125706,      -1.327663369,          6383.475,    0.003270625194,       1.242018601,                 0,                 0,                 0,     0.03832036786,     -0.2124533297,       1.223717486,                 0,       379.7495977
        623,        0.52346329,      -6.566198099,      -3.604791207,      -3.952670338,       -1.28658421,          6383.475,    0.004275449157,       1.246893197,                 0,                 0,                 0,      0.0386073302,     -0.2123102359,       1.228692512,                 0,       291.6402818
        624,        0.52430352,      -6.545927468,      -3.565711605,      -3.915464401,      -1.249256325,          6383.475,    0.005290977478,       1.252032332,                 0,                 0,                 0,     0.03887455824,     -0.2122025371,       1.233929916,                 0,       236.6353546
        625,        0.52514375,      -6.527344006,      -3.530229621,      -3.881815767,       -1.21522882,          6383.475,    0.006315742729,       1.257424256,                 0,                 0,                 0,     0.03912195216,     -0.2121296382,       1.239417873,                 0,       199.0936474
        626,        0.52598398,      -6.510254807,      -3.497897558,      -3.851120097,      -1.183995544,          6383.475,    0.007348143339,       1.263056402,                 0,                 0,                 0,     0.03934911509,     -0.2120909339,       1.245143729,                 0,       171.8878285
        627,        0.52682421,      -6.491157467,      -3.466545267,      -3.819495763,      -1.154782467,          6383.475,    0.008386461024,       1.268915118,                 0,                 0,                 0,     0.03955533094,      -0.212085746,        1.25109374,                 0,       151.3051947
        628,        0.52766444,      -6.471277256,       -3.43402495,       -3.78581999,      -1.122047276,          6383.475,    0.009428952655,       1.274986103,                 0,                 0,                 0,     0.03973988059,     -0.2121133076,       1.257253519,                 0,       135.2203314
        629,        0.52850467,      -6.458090768,      -3.409018439,      -3.762106078,      -1.097308372,          6383.475,     0.01047290349,       1.281253469,                 0,                 0,                 0,     0.03990144311,     -0.2121735335,       1.263606951,                 0,       122.3398526
        630,         0.5293449,      -6.443935019,      -3.382351838,      -3.736106739,      -1.068891213,          6383.475,     0.01151638775,       1.287701567,                 0,                 0,                 0,     0.04003951789,     -0.2122656026,       1.270138287,                 0,       111.8147109
        631,        0.53018513,      -6.433068378,      -3.361119374,      -3.716347364,      -1.047747339,          6383.475,      0.0125565354,       1.294313731,                 0,                 0,                 0,     0.04015331095,     -0.2123894472,       1.276830616,                 0,       103.0788899
        632,        0.53102536,      -6.423297667,      -3.341659514,      -3.698508638,      -1.028346648,          6383.475,     0.01359069597,        1.30107336,                 0,                 0,                 0,     0.04024227328,     -0.2125447952,       1.283667132,                 0,       95.73265139
        633,        0.53186559,      -6.414703751,      -3.323956514,      -3.682406565,      -1.010624322,          6383.475,     0.01461635867,       1.307963736,                 0,                 0,                 0,     0.04030616633,     -0.2127312159,       1.290630932,                 0,       89.48629177
        634,        0.53270582,      -6.407222729,      -3.307823343,      -3.667843156,     -0.9943836888,          6383.475,      0.0156309724,       1.314968044,                 0,                 0,                 0,     0.04034489168,     -0.2129483017,       1.297705014,                 0,       84.12579909
        635,        0.53354605,      -6.400792321,      -3.293110961,      -3.654705584,     -0.9794892437,          6383.475,     0.01663199646,       1.322069346,                 0,                 0,                 0,     0.04035842703,     -0.2131956137,       1.304872258,                 0,       79.48951585
        636,        0.53438628,      -6.395356085,      -3.279719373,      -3.642915596,     -0.9658418525,          6383.475,     0.01761681809,       1.329250573,                 0,                 0,                 0,      0.0403467741,     -0.2134727606,       1.312115398,                 0,       75.45349939
        637,        0.53522651,      -6.390892106,       -3.26756668,       -3.63240146,     -0.9533845583,          6383.475,     0.01858275036,       1.336494436,                 0,                 0,                 0,     0.04030993089,     -0.2137793867,       1.319416944,                 0,       71.92123936
        638,        0.53606674,      -6.387368262,      -3.256596538,      -3.623084249,     -0.9420487517,          6383.475,      0.0195269319,       1.343783447,                 0,                 0,                 0,     0.04024787636,     -0.2141152727,       1.326759173,                 0,       68.81692698
        639,        0.53690697,      -6.384778089,      -3.246763435,      -3.614942625,     -0.9318054684,          6383.475,     0.02044650348,       1.351099911,                 0,                 0,                 0,     0.04016061049,     -0.2144801623,       1.334124166,                 0,       66.07975355
        640,         0.5377472,       -6.38311833,      -3.238030397,      -3.607939974,     -0.9226290908,          6383.475,     0.02133857743,       1.358426105,                 0,                 0,                 0,     0.04004822143,     -0.2148738212,       1.341493966,                 0,       63.66057485
        641,        0.53858743,      -6.382396927,      -3.230369689,      -3.602052686,     -0.9145050304,          6383.475,     0.02220026932,       1.365744414,                 0,                 0,                 0,      0.0399109626,     -0.2152960312,       1.348850723,                 0,       61.51927232
        642,        0.53942766,      -6.382622079,      -3.223750082,      -3.597248369,     -0.9074117726,          6383.475,     0.02302874525,       1.373037455,                 0,                 0,                 0,     0.03974927694,      -0.215746565,        1.35617683,                 0,        59.6227645
        643,        0.54026789,      -6.383793368,      -3.218151948,      -3.593501364,     -0.9013293363,          6383.475,     0.02382123023,       1.380288101,                 0,                 0,                 0,     0.03956374918,     -0.2162251812,       1.363454937,                 0,       57.94361112
        644,        0.54110812,      -6.385904972,      -3.213562314,      -3.590802946,     -0.8962446234,          6383.475,     0.02457499142,       1.387479401,                 0,                 0,                 0,      0.0393550102,     -0.2167316274,       1.370667874,                 0,       56.45899838
        645,        0.54194835,      -6.388965897,      -3.209978697,       -3.58913437,     -0.8921553513,          6383.475,     0.02528733835,       1.394594483,                 0,                 0,                 0,     0.03912365022,     -0.2172656237,        1.37779856,                 0,       55.14991193
        646,        0.54278858,      -6.392987462,      -3.207402158,      -3.588483534,     -0.8890617445,          6383.475,     0.02595561774,       1.401616532,                 0,                 0,                 0,     0.03887018726,     -0.2178268629,       1.384829973,                 0,       54.00050756
        647,        0.54362881,      -6.397986015,      -3.205820141,      -3.588842197,     -0.8869493167,          6383.475,     0.02657728182,       1.408528841,                 0,                 0,                 0,     0.03859510094,     -0.2184149532,        1.39174522,                 0,       52.99747546
        648,        0.54446904,      -6.404005167,      -3.205274274,      -3.590240445,     -0.8858760722,          6383.475,     0.02714976914,       1.415314875,                 0,                 0,                 0,     0.03829891838,     -0.2190295457,        1.39852757,                 0,       52.12990459
        649,        0.54530927,      -6.411084894,      -3.205775337,         -3.592671,     -0.8858508029,          6383.475,     0.02767064078,       1.421958446,                 0,                 0,                 0,     0.03798225756,     -0.2196702312,       1.405160658,                 0,       51.38870678
        650,         0.5461495,      -6.419261612,      -3.207330389,      -3.596144941,     -0.8868785394,          6383.475,     0.02813760772,       1.428443784,                 0,                 0,                 0,     0.03764585234,     -0.2203365257,       1.411628557,                 0,       50.76635506
        651,        0.54698973,      -6.428614821,      -3.209978825,      -3.600742664,     -0.8890381371,          6383.475,     0.02854854001,       1.434755551,                 0,                 0,                 0,     0.03729054604,     -0.2210278633,       1.417915793,                 0,       50.25670492
        652,        0.54782996,      -6.439157545,      -3.213741209,      -3.606399074,     -0.8923003643,          6383.475,     0.02890148061,       1.440878884,                 0,                 0,                 0,     0.03691726245,     -0.2217435902,       1.424007385,                 0,       49.85484665
        653,        0.54867019,      -6.450962656,      -3.218650545,       -3.61315632,      -0.896714899,          6383.475,     0.02919467015,       1.446799435,                 0,                 0,                 0,     0.03652697982,     -0.2224829478,       1.429888902,                 0,       49.55697145
        654,        0.54951042,      -6.464106415,      -3.224745479,      -3.621045119,     -0.9023257721,          6383.475,     0.02942656148,       1.452503405,                 0,                 0,                 0,      0.0361207175,     -0.2232450635,       1.435546484,                 0,        49.3602831
        655,        0.55035065,      -6.478677487,      -3.232074478,      -3.630110427,     -0.9091886831,          6383.475,     0.02959579452,        1.45797752,                 0,                 0,                 0,     0.03569953707,     -0.2240289715,       1.440966821,                 0,       49.26299642
        656,        0.55119088,      -6.494762203,      -3.240693328,      -3.640397454,      -0.917358237,          6383.475,     0.02970122672,        1.46320903,                 0,                 0,                 0,     0.03526453806,     -0.2248335833,       1.446137161,                 0,       49.26426251
        657,        0.55203111,      -6.512474867,      -3.250665954,      -3.651962058,       -0.92690229,          6383.475,      0.0297419431,       1.468185771,                 0,                 0,                 0,     0.03481685088,     -0.2256576874,       1.451045364,                 0,       49.36415103
        658,        0.55287134,      -6.531928769,      -3.262066824,      -3.664876933,     -0.9378958978,          6383.475,     0.02971724748,         1.4728962,                 0,                 0,                 0,     0.03435763285,     -0.2264999654,       1.455679943,                 0,       49.56368189
        659,        0.55371157,      -6.553267614,      -3.274980489,      -3.679222776,     -0.9504325536,          6383.475,     0.02962667633,       1.477329392,                 0,                 0,                 0,     0.03388807142,     -0.2273589762,       1.460030057,                 0,        49.8648372
        660,         0.5545518,      -6.576649554,      -3.289510092,      -3.695084358,      -0.964619329,          6383.475,     0.02947000138,       1.481475046,                 0,                 0,                 0,     0.03340938237,     -0.2282331561,       1.464085523,                 0,       50.27061339
        661,        0.55539203,      -6.602245806,      -3.305772563,      -3.712570374,     -0.9805753856,          6383.475,     0.02924724229,       1.485323519,                 0,                 0,                 0,      0.0329228027,     -0.2291208113,       1.467836847,                 0,        50.7850793
        662,        0.55623226,      -6.630274872,      -3.323920966,      -3.731849951,     -0.9984750523,          6383.475,     0.02895867035,        1.48886585,                 0,                 0,                 0,     0.03242958379,     -0.2300201186,       1.471275253,                 0,       51.41347418
        663,        0.55707249,      -6.660914451,      -3.344100946,      -3.752992939,      -1.018450354,          6383.475,     0.02860480806,        1.49209378,                 0,                 0,                 0,     0.03193099113,     -0.2309291291,       1.474392696,                 0,       52.16234196
        664,        0.55791272,      -6.694366793,      -3.366505902,      -3.776206649,      -1.040713003,          6383.475,     0.02818643203,        1.49499977,                 0,                 0,                 0,     0.03142830196,     -0.2318457689,       1.477181887,                 0,       53.03969544
        665,        0.55875295,      -6.730797227,      -3.391366461,      -3.801698671,      -1.065504436,          6383.475,     0.02770457062,       1.497577027,                 0,                 0,                 0,     0.03092280275,     -0.2327678456,       1.479636315,                 0,       54.05523324
        666,        0.55959318,      -6.770275442,      -3.418959916,      -3.829715178,       -1.09311558,          6383.475,     0.02716050294,       1.499819515,                 0,                 0,                 0,     0.03041578757,     -0.2336930517,       1.481750258,                 0,       55.22060906
        667,        0.56043341,      -6.812652404,      -3.449621248,      -3.860546417,      -1.123899696,          6383.475,     0.02655575234,       1.501721966,                 0,                 0,                 0,     0.02990855166,     -0.2346189719,       1.483518793,                 0,        56.5497805
        668,        0.56127364,      -6.857323136,      -3.483754513,      -3.894527574,      -1.158280496,          6383.475,     0.02589208038,       1.503279887,                 0,                 0,                 0,       0.029402389,     -0.2355430914,         1.4849378,                 0,       58.05944772
        669,        0.56211387,      -6.902811586,      -3.521845977,      -3.932044248,      -1.196774187,          6383.475,     0.02517148348,       1.504489578,                 0,                 0,                 0,     0.02889858681,     -0.2364628014,       1.486003983,                 0,       59.76960313
        670,         0.5629541,      -6.946194179,       -3.56447844,      -3.973524158,      -1.240005169,          6383.475,      0.0243961802,       1.505348133,                 0,                 0,                 0,     0.02839842029,     -0.2373754127,       1.486714865,                 0,       61.70425539
        671,        0.56379433,        -6.9826415,      -3.612344876,       -4.01941384,       -1.28871344,          6383.475,      0.0235686029,       1.505853451,                 0,                 0,                 0,     0.02790315105,     -0.2382781648,       1.487068799,                 0,       63.89235109
        672,        0.56463456,      -7.006001057,      -3.666265628,      -4.070142855,      -1.343776623,          6383.475,     0.02269138467,       1.506004242,                 0,                 0,                 0,     0.02741402613,     -0.2391682406,       1.487064971,                 0,       66.36898823
        673,        0.56547479,      -7.000717867,      -3.719332472,      -4.114720509,      -1.399938415,          6383.475,     0.02176748103,       1.505799215,                 0,                 0,                 0,      0.0269319407,     -0.2400425055,       1.486702625,                 0,       69.17654885
        674,        0.56631502,      -7.008436759,      -3.807657779,      -4.201125892,      -1.489308095,          6383.475,     0.02079936558,       1.505241717,                 0,                 0,                 0,     0.02645940156,     -0.2408991047,       1.485985485,                 0,       72.36959759
        675,        0.56715525,      -6.984170256,      -3.894238429,      -4.274473754,      -1.582755039,          6383.475,     0.01979100435,       1.504332127,                 0,                 0,                 0,     0.02599731604,      -0.241734198,       1.484914614,                 0,       76.01090377
        676,        0.56799548,      -6.947928428,      -3.980214992,      -4.339517584,      -1.672392063,          6383.475,     0.01874579027,       1.503072368,                 0,                 0,                 0,     0.02554670524,     -0.2425447779,       1.483492493,                 0,       80.18186195
        677,        0.56883571,      -6.907352933,      -4.053283172,      -4.388106869,      -1.746635517,          6383.475,     0.01766713051,        1.50146496,                 0,                 0,                 0,     0.02510853588,     -0.2433279271,       1.481722199,                 0,       84.98635134
        678,        0.56967594,      -6.910526133,      -4.132229278,       -4.44316123,        -1.8176253,          6383.475,     0.01655931788,       1.499517236,                 0,                 0,                 0,     0.02468603068,     -0.2440806908,       1.479611695,                 0,       90.55428773
        679,        0.57051617,      -6.809984959,      -4.041415178,       -4.37410772,      -1.716895399,          6383.475,     0.01542400822,       1.497224715,                 0,                 0,                 0,     0.02427487266,     -0.2448006604,       1.477156858,                 0,       97.07105269
        680,         0.5713564,      -6.762359961,      -3.967897708,      -4.319524922,      -1.634168558,          6383.475,     0.01426519167,        1.49459496,                 0,                 0,                 0,     0.02387764523,     -0.2454852198,       1.474365829,                 0,       104.7721611
        681,        0.57219663,      -6.722367242,      -3.888467161,      -4.256813864,      -1.551374722,          6383.475,     0.01308679058,       1.491634572,                 0,                 0,                 0,     0.02349589186,     -0.2461316523,       1.471245788,                 0,       113.9801667
        682,        0.57303686,      -6.680533596,      -3.804714264,      -4.184062814,      -1.462020757,          6383.475,     0.01189220343,       1.488349529,                 0,                 0,                 0,     0.02313012953,     -0.2467376493,       1.467803215,                 0,       125.1533863
        683,        0.57387709,      -6.646666269,      -3.735728367,      -4.122988208,      -1.393411446,          6383.475,     0.01068570574,       1.484748383,                 0,                 0,                 0,     0.02278198256,     -0.2473004852,       1.464047273,                 0,       138.9471524
        684,        0.57471732,      -6.612454685,      -3.673296816,      -4.064200291,      -1.333379242,          6383.475,    0.009471285283,       1.480839978,                 0,                 0,                 0,     0.02245260167,     -0.2478177684,       1.459987363,                 0,       156.3504777
        685,        0.57555755,      -6.584189502,      -3.619406605,      -4.013783776,      -1.280144475,          6383.475,    0.008253050799,       1.476633849,                 0,                 0,                 0,     0.02214302605,     -0.2482871086,        1.45563359,                 0,       178.9197577
        686,        0.57639778,      -6.558498505,       -3.57175622,      -3.968483015,      -1.233259281,          6383.475,    0.007034812732,       1.472139817,                 0,                 0,                 0,     0.02185379383,     -0.2487064583,       1.450996288,                 0,       209.2649617
        687,        0.57723801,      -6.535136488,      -3.529377094,      -3.927663201,      -1.191726507,          6383.475,    0.005820327878,       1.467368197,                 0,                 0,                 0,     0.02158530158,     -0.2490739094,       1.446086266,                 0,       252.1109168
        688,        0.57807824,      -6.506126623,      -3.482861057,      -3.878757138,      -1.142729402,          6383.475,    0.004612265545,       1.462328714,                 0,                 0,                 0,     0.02133693634,     -0.2493885215,       1.440913567,                 0,       317.0521515
        689,        0.57891847,      -6.486501273,      -3.448196804,      -3.844518003,      -1.109015623,          6383.475,    0.003415125623,       1.457033616,                 0,                 0,                 0,     0.02110969636,     -0.2496479901,       1.435491032,                 0,       426.6412944
        690,         0.5797587,      -6.468483617,      -3.417052183,      -3.813573855,      -1.078898096,          6383.475,    0.002232465117,       1.451495491,                 0,                 0,                 0,     0.02090439761,     -0.2498509979,       1.429831676,                 0,       650.1761124
        691,        0.58059893,      -6.452217158,      -3.389233658,      -3.785529262,      -1.052065708,          6383.475,    0.001067639502,       1.445727637,                 0,                 0,                 0,     0.02072179044,     -0.2499965499,       1.423949179,                 0,       1354.134645
        692,        0.58143916,      -6.437604611,      -3.364283091,      -3.760018918,       -1.02804957,          6383.475,  -7.606301715e-05,       1.439743962,                 0,                 0,                 0,     0.02056251479,     -0.2500838227,       1.417857808,                 0,      -18928.30466
        693,        0.58227939,      -6.424545475,      -3.341846262,      -3.736803357,      -1.006520422,          6383.475,   -0.001195463107,       1.433558871,                 0,                 0,                 0,     0.02042703735,     -0.2501121869,       1.411572301,                 0,      -1199.166133
        694,        0.58311962,      -6.412958936,       -3.32166127,      -3.715684745,     -0.9872409997,          6383.475,   -0.002287537029,       1.427187169,                 0,                 0,                 0,     0.02031561754,     -0.2500812352,       1.405107762,                 0,      -623.8968597
        695,        0.58395985,      -6.402764542,      -3.303516387,       -3.69647782,     -0.9700094591,          6383.475,   -0.003349430358,       1.420644042,                 0,                 0,                 0,      0.0202283672,      -0.249990794,       1.398479644,                 0,       -424.144971
        696,        0.58480008,      -6.402884001,      -3.291448423,      -3.672796177,     -0.9546739736,          6383.475,   -0.004379470631,       1.413942034,                 0,                 0,                 0,      0.0201637165,     -0.2498413941,        1.39170059,                 0,      -322.8568366
        697,        0.58564031,      -6.395517373,      -3.276475137,      -3.656341346,     -0.9405497417,          6383.475,   -0.005374094707,       1.407099375,                 0,                 0,                 0,     0.02012285363,     -0.2496326924,       1.384789172,                 0,      -261.8300294
        698,        0.58648054,      -6.389391447,      -3.263147302,      -3.641674615,     -0.9281595638,          6383.475,   -0.006331143443,        1.40013288,                 0,                 0,                 0,     0.02010614454,     -0.2493654822,       1.377762324,                 0,      -221.1500801
        699,        0.58732077,      -6.384358722,      -3.251479842,      -3.628655797,     -0.9174878423,          6383.475,    -0.00724857299,       1.393059427,                 0,                 0,                 0,     0.02011380275,     -0.2490406818,       1.370637023,                 0,      -192.1839553
        700,          0.588161,      -6.380431158,      -3.241308497,      -3.617078707,     -0.9083391953,          6383.475,   -0.008124452523,       1.385896133,                 0,                 0,                 0,     0.02014587253,     -0.2486593618,        1.36343046,                 0,       -170.583326
        701,        0.58900123,      -6.377621215,      -3.232511803,      -3.606833049,     -0.9005969302,          6383.475,    -0.00895709907,       1.378659854,                 0,                 0,                 0,     0.02020189755,     -0.2482227918,       1.356159529,                 0,      -153.9181205
        702,        0.58984146,      -6.365946239,      -3.221877317,      -3.604640593,     -0.8947152483,          6383.475,    -0.00974407753,       1.371369879,                 0,                 0,                 0,     0.02028249584,     -0.2477319235,       1.348843648,                 0,      -140.7388103
        703,        0.59068169,      -6.365042424,      -3.216043567,      -3.597451084,     -0.8900479753,          6383.475,      -0.010485361,       1.364041287,                 0,                 0,                 0,     0.02038607272,     -0.2471893486,       1.341497671,                 0,      -130.0900643
        704,        0.59152192,      -6.365143558,      -3.211367928,      -3.591139136,     -0.8864590774,          6383.475,    -0.01117969506,       1.356691076,                 0,                 0,                 0,     0.02051184307,     -0.2465967833,       1.334138556,                 0,      -121.3531378
        705,        0.59236215,      -6.366365473,      -3.207695305,      -3.585733988,     -0.8838170465,          6383.475,     -0.0118261044,       1.349336762,                 0,                 0,                 0,      0.0206592965,     -0.2459563092,       1.326783724,                 0,      -114.0981609
        706,        0.59320238,      -6.368680147,      -3.205066223,      -3.581357539,     -0.8821972981,          6383.475,    -0.01242382685,       1.341996216,                 0,                 0,                 0,     0.02082818936,     -0.2452702784,       1.319450904,                 0,      -108.0179427
        707,        0.59404261,      -6.372077325,      -3.203516234,      -3.578061919,     -0.8816548021,          6383.475,    -0.01297221409,       1.334687578,                 0,                 0,                 0,     0.02101842384,     -0.2445412028,       1.312158074,                 0,      -102.8881862
        708,        0.59488284,      -6.376540733,      -3.203032897,      -3.575838713,     -0.8821856037,          6383.475,    -0.01347074023,       1.327429069,                 0,                 0,                 0,     0.02122987333,     -0.2437717282,       1.304923269,                 0,      -98.54165743
        709,        0.59572307,      -6.382056335,      -3.203599931,      -3.574676002,     -0.8837771578,          6383.475,    -0.01391902738,       1.320238744,                 0,                 0,                 0,     0.02146222298,     -0.2429646181,       1.297764338,                 0,      -94.85136483
        710,         0.5965633,      -6.388622886,      -3.205212288,      -3.574571892,     -0.8864278597,          6383.475,     -0.0143168454,       1.313134322,                 0,                 0,                 0,     0.02171489134,     -0.2421227224,       1.290698767,                 0,      -91.71952939
        711,        0.59740353,       -6.39625754,      -3.207847674,      -3.575508898,     -0.8901097241,          6383.475,    -0.01466419424,       1.306133064,                 0,                 0,                 0,     0.02198705922,     -0.2412490385,       1.283743557,                 0,      -89.06954189
        712,        0.59824376,      -6.404999508,      -3.211488067,      -3.577480106,     -0.8948043432,          6383.475,    -0.01496129663,       1.299251791,                 0,                 0,                 0,     0.02227775578,     -0.2403467068,       1.276915235,                 0,      -86.84085502
        713,        0.59908399,       -6.41489984,      -3.216146129,      -3.580503462,     -0.9005217588,          6383.475,     -0.0152085218,       1.292506956,                 0,                 0,                 0,      0.0225859779,     -0.2394189478,       1.270229939,                 0,      -84.98570559
        714,        0.59992422,      -6.426019066,      -3.221835784,      -3.584580142,     -0.9072691611,          6383.475,    -0.01540634944,       1.285914732,                 0,                 0,                 0,     0.02291081154,     -0.2384690421,       1.263703513,                 0,      -83.46654322
        715,        0.60076445,        -6.4384125,      -3.228565133,      -3.589739841,     -0.9150491732,          6383.475,    -0.01555533715,       1.279491131,                 0,                 0,                 0,     0.02325151096,     -0.2375003199,        1.25735163,                 0,      -82.25415618
        716,        0.60160468,      -6.452142489,      -3.236354901,      -3.596016065,     -0.9238858112,          6383.475,    -0.01565607581,       1.273252066,                 0,                 0,                 0,     0.02360750003,     -0.2365161258,       1.251189857,                 0,      -81.32638606
        717,        0.60244491,      -6.467249673,      -3.245216415,      -3.603391764,     -0.9337792165,          6383.475,    -0.01570917384,       1.267213269,                 0,                 0,                 0,     0.02397828999,     -0.2355197911,       1.245233583,                 0,      -80.66708551
        718,        0.60328514,      -6.483806336,      -3.255180949,      -3.611952029,     -0.9447808793,          6383.475,    -0.01571528105,       1.261390112,                 0,                 0,                 0,     0.02436335163,     -0.2345146249,       1.239497832,                 0,      -80.26519591
        719,        0.60412537,      -6.501888264,      -3.266282714,      -3.621719944,     -0.9569306573,          6383.475,     -0.0156751071,       1.255797405,                 0,                 0,                 0,     0.02476201467,     -0.2335038979,       1.233997067,                 0,      -80.11411959
        720,         0.6049656,      -6.521610864,      -3.278561398,      -3.632729601,     -0.9702775047,          6383.475,    -0.01558941079,        1.25044928,                 0,                 0,                 0,     0.02517344526,     -0.2324908114,       1.228745073,                 0,      -80.21145231
        721,        0.60580583,      -6.543050743,       -3.29207771,      -3.645031109,      -0.984848595,          6383.475,    -0.01545899384,       1.245359123,                 0,                 0,                 0,     0.02559670403,     -0.2314784792,       1.223754894,                 0,       -80.5588731
        722,        0.60664606,      -6.566362611,      -3.306897162,      -3.658716493,       -1.00072706,          6383.475,    -0.01528483437,       1.240539648,                 0,                 0,                 0,     0.02603080166,     -0.2304700726,        1.21903888,                 0,      -81.16147146
        723,        0.60748629,      -6.591700232,      -3.323105423,       -3.67387132,      -1.017999843,          6383.475,    -0.01506797733,        1.23600285,                 0,                 0,                 0,     0.02647474645,     -0.2294687034,       1.214608662,                 0,      -82.02845166
        724,        0.60832652,      -6.619223662,      -3.340789352,      -3.690576181,      -1.036747263,          6383.475,     -0.0148094623,        1.23175997,                 0,                 0,                 0,     0.02692755392,     -0.2284773473,       1.210475132,                 0,      -83.17384821
        725,        0.60916675,      -6.649108766,      -3.360053884,      -3.708936184,      -1.057072239,          6383.475,    -0.01451032405,       1.227821521,                 0,                 0,                 0,     0.02738822868,     -0.2274988492,       1.206648462,                 0,      -84.61709858
        726,        0.61000698,      -6.681526263,       -3.38102189,      -3.729058684,      -1.079087893,          6383.475,    -0.01417160084,       1.224197215,                 0,                 0,                 0,     0.02785572085,     -0.2265359179,       1.203138036,                 0,      -86.38383402
        727,        0.61084721,      -6.716705495,      -3.403842207,      -3.751140417,      -1.102961314,          6383.475,    -0.01379433958,       1.220895952,                 0,                 0,                 0,       0.028328947,     -0.2255911297,       1.199952437,                 0,      -88.50702456
        728,        0.61168744,      -6.754778017,      -3.428701056,      -3.775319962,      -1.128856389,          6383.475,    -0.01337951148,       1.217926161,                 0,                 0,                 0,       0.028807032,      -0.224666905,       1.197099798,                 0,      -91.02919506
        729,        0.61252767,      -6.795809076,      -3.455808502,      -3.801815621,      -1.156980898,          6383.475,    -0.01292810261,       1.215295233,                 0,                 0,                 0,     0.02928891309,     -0.2237654981,       1.194587226,                 0,      -94.00414499
        730,         0.6133679,      -6.839668983,      -3.485425753,      -3.830880933,      -1.187589208,          6383.475,    -0.01244109591,       1.213009692,                 0,                 0,                 0,     0.02977349382,     -0.2228890101,       1.192420975,                 0,      -97.50022832
        731,        0.61420813,      -6.885798142,      -3.517858946,      -3.862815241,      -1.220970232,          6383.475,    -0.01191946922,       1.211075179,                 0,                 0,                 0,     0.03025966356,     -0.2220393836,       1.190606432,                 0,       -101.604791
        732,        0.61504836,      -6.932847445,      -3.553477534,       -3.89797697,      -1.257468658,          6383.475,    -0.01136419293,       1.209496438,                 0,                 0,                 0,     0.03074630235,     -0.2212183977,       1.189148098,                 0,      -106.4304738
        733,        0.61588859,      -6.978109795,      -3.592721309,      -3.936788868,      -1.297483164,          6383.475,    -0.01077622825,       1.208277305,                 0,                 0,                 0,     0.03123228031,     -0.2204276652,       1.188049585,                 0,      -112.1243237
        734,        0.61672882,      -7.000444756,      -3.617398297,      -3.954341784,      -1.322779214,          6383.475,    -0.01015712851,       1.207422591,                 0,                 0,                 0,     0.03171715437,     -0.2196695515,       1.187315362,                 0,      -118.8744033
        735,        0.61756905,       -7.00662875,       -3.64542255,      -3.975741366,      -1.350439058,          6383.475,   -0.009507274364,       1.206934953,                 0,                 0,                 0,     0.03220002472,     -0.2189448926,       1.186947978,                 0,      -126.9485771
        736,        0.61840928,      -7.001225763,      -3.687806863,      -4.015675958,      -1.394294317,          6383.475,   -0.008826900513,       1.206814747,                 0,                 0,                 0,     0.03267945548,     -0.2182539817,       1.186947744,                 0,       -136.720103
        737,        0.61924951,      -7.000183152,      -3.759459642,      -4.093395101,      -1.461655135,          6383.475,   -0.008116592389,       1.207059537,                 0,                 0,                 0,     0.03315328674,      -0.217596972,       1.187312159,                 0,      -148.7150615
        738,        0.62008974,      -7.007517472,      -3.861222068,      -4.202460467,      -1.564877692,          6383.475,   -0.007377905711,       1.207665704,                 0,                 0,                 0,     0.03361899102,     -0.2169747675,       1.188037389,                 0,      -163.6867902
        739,        0.62092997,      -6.985846238,      -3.952796551,      -4.292504575,      -1.652777991,          6383.475,   -0.006612867602,       1.208632023,                 0,                 0,                 0,     0.03407580165,     -0.2163891516,       1.189121875,                 0,      -182.7697296
        740,         0.6217702,      -6.954250228,      -4.040287291,      -4.371266701,      -1.725988798,          6383.475,   -0.005822659715,        1.20995646,                 0,                 0,                 0,     0.03452291718,     -0.2158409348,       1.190563409,                 0,      -207.8013347
        741,        0.62261043,      -6.924185804,      -4.119157583,      -4.437852843,      -1.800402214,          6383.475,   -0.005008200091,       1.211635612,                 0,                 0,                 0,     0.03495931776,     -0.2153304302,       1.192358479,                 0,      -241.9303521
        742,        0.62345066,      -6.944062512,      -4.217245052,      -4.514878194,      -1.893963236,          6383.475,   -0.004170984113,       1.213661382,                 0,                 0,                 0,     0.03538178343,     -0.2148577048,       1.194498855,                 0,      -290.9772248
        743,        0.62429089,      -6.840568444,      -4.118046837,      -4.440583799,      -1.784553133,          6383.475,   -0.003310263892,         1.2160398,                 0,                 0,                 0,      0.0357960069,     -0.2144230689,       1.196990602,                 0,      -367.3543379
        744,        0.62513112,      -6.784730708,      -4.038815718,      -4.372387998,       -1.70276048,          6383.475,   -0.002426792538,       1.218764113,                 0,                 0,                 0,     0.03620016353,     -0.2140260914,        1.19982694,                 0,       -502.211909
        745,        0.62597135,      -6.745686457,      -3.960315582,      -4.300576612,      -1.625382178,          6383.475,   -0.001521756696,       1.221826601,                 0,                 0,                 0,     0.03659225161,     -0.2136666005,       1.203000059,                 0,      -802.9053554
        746,        0.62681158,      -6.704915818,      -3.881161368,      -4.223721809,      -1.553450534,          6383.475,  -0.0005963174305,       1.225219125,                 0,                 0,                 0,     0.03697066455,     -0.2133443263,       1.206501744,                 0,      -2054.642481
        747,        0.62765181,       -6.67299364,      -3.814187442,      -4.158642018,      -1.490514554,          6383.475,   0.0003478213698,       1.228931281,                 0,                 0,                 0,     0.03733300799,     -0.2130591402,       1.210321452,                 0,       3533.225349
        748,        0.62849204,      -6.643750905,      -3.754576798,      -4.100322595,      -1.433743363,          6383.475,    0.001309076542,       1.232952322,                 0,                 0,                 0,     0.03767753096,     -0.2128107351,       1.214448324,                 0,       941.8489154
        749,        0.62933227,      -6.617155123,      -3.701775394,      -4.048757017,      -1.383112822,          6383.475,    0.002285783268,       1.237271039,                 0,                 0,                 0,     0.03800295973,     -0.2125988041,       1.218871034,                 0,       541.2897433
        750,         0.6301725,      -6.588178611,       -3.64688441,      -3.993204915,      -1.326795955,          6383.475,    0.003276823107,       1.241877318,                 0,                 0,                 0,     0.03830945597,     -0.2124226923,       1.223579425,                 0,       378.9882081
        751,        0.63101273,      -6.566176408,      -3.604034813,      -3.951901795,      -1.285853983,          6383.475,     0.00428018586,       1.246759471,                 0,                 0,                 0,     0.03859645526,     -0.2122823499,        1.22856164,                 0,       291.2862927
        752,        0.63185296,      -6.545920975,      -3.565023698,      -3.914787785,      -1.248611516,          6383.475,    0.005294313801,       1.251906181,                 0,                 0,                 0,     0.03886385134,     -0.2121773456,       1.233806261,                 0,       236.4624062
        753,        0.63269319,      -6.527340101,      -3.529593501,      -3.881195782,      -1.214638523,          6383.475,    0.006317748573,        1.25730573,                 0,                 0,                 0,     0.03911152658,      -0.212107081,       1.239301496,                 0,       199.0116757
        754,        0.63353342,      -6.510245132,      -3.497307272,      -3.850539817,      -1.183443584,          6383.475,    0.007348885969,       1.262945523,                 0,                 0,                 0,     0.03933903037,     -0.2120709487,       1.245034664,                 0,       171.8553708
        755,        0.63437365,      -6.491141742,      -3.465996937,      -3.818951985,      -1.154264341,          6383.475,    0.008386000303,       1.268811864,                 0,                 0,                 0,      0.0395455965,     -0.2120682698,       1.250991974,                 0,       151.3011946
        756,        0.63521388,       -6.47125815,      -3.433514111,      -3.785311083,      -1.121562541,          6383.475,     0.00942733831,       1.274890413,                 0,                 0,                 0,     0.03973047883,     -0.2120982811,       1.257159003,                 0,       135.2333364
        757,        0.63605411,      -6.458070314,      -3.408540651,       -3.76162999,      -1.096853666,          6383.475,     0.01047017375,       1.281165261,                 0,                 0,                 0,     0.03989235313,     -0.2121609046,       1.263519608,                 0,       122.3633238
        758,        0.63689434,       -6.44391309,      -3.381901465,      -3.735658265,      -1.068462736,          6383.475,     0.01151257089,       1.287620744,                 0,                 0,                 0,     0.04003072697,     -0.2122553266,       1.270058028,                 0,       111.8447613
        759,        0.63773457,        -6.4330438,      -3.360692354,      -3.715922353,      -1.047340309,          6383.475,     0.01255165162,       1.294240187,                 0,                 0,                 0,     0.04014481486,     -0.2123814861,       1.276757342,                 0,       103.1131381
        760,         0.6385748,      -6.423269465,      -3.341252639,      -3.698103438,      -1.027957686,          6383.475,     0.01358476263,       1.301006987,                 0,                 0,                 0,     0.04023407159,     -0.2125391128,       1.283600737,                 0,       95.76957818
        761,        0.63941503,      -6.414671676,      -3.323567541,      -3.682018795,      -1.010251237,          6383.475,     0.01460939516,       1.307904426,                 0,                 0,                 0,     0.04029825905,     -0.2127277746,       1.290571314,                 0,       89.52488535
        762,        0.64025526,      -6.407186989,      -3.307450424,      -3.667471078,     -0.9940248247,          6383.475,     0.01562300243,       1.314915697,                 0,                 0,                 0,     0.04033727764,     -0.2129470607,       1.297652079,                 0,        84.1653647
        763,        0.64109549,      -6.400753265,      -3.292752378,      -3.654347549,     -0.9791430839,          6383.475,     0.01662304735,       1.322023873,                 0,                 0,                 0,     0.04035110404,     -0.2131965306,       1.304825922,                 0,       79.52957396
        764,        0.64193572,      -6.395313878,      -3.279373422,      -3.642570062,     -0.9655068945,          6383.475,     0.01760691902,       1.329211891,                 0,                 0,                 0,     0.04033973953,     -0.2134757923,       1.312075585,                 0,       75.49372437
        765,        0.64277595,      -6.390846655,      -3.267231704,      -3.632066983,     -0.9530592833,          6383.475,      0.0185719306,       1.336462468,                 0,                 0,                 0,     0.04030318212,     -0.2137844909,       1.319383582,                 0,       71.96141842
        766,        0.64361618,       -6.38731935,      -3.256271036,      -3.622759338,     -0.9417317028,          6383.475,     0.01951521853,       1.343758117,                 0,                 0,                 0,     0.04024141063,     -0.2141224097,       1.326732194,                 0,       68.85693413
        767,        0.64445641,      -6.384725472,      -3.246446048,      -3.614625896,     -0.9314953066,          6383.475,      0.0204339217,       1.351081145,                 0,                 0,                 0,     0.04015442457,     -0.2144892941,         1.3341035,                 0,       66.11952246
