NDIME= 2
NELEM= 11482
5 3769 1 5216 0
5 2514 2525 3118 1
5 3172 1683 4674 2
5 3849 3910 3988 3
5 3914 3861 3915 4
5 4269 1725 5051 5
5 3844 3914 4042 6
5 1338 1334 1339 7
5 2602 4892 4985 8
5 3135 2223 3708 9
5 3943 3859 3944 10
5 3284 2659 3374 11
5 3910 3864 3911 12
5 3911 3913 3936 13
5 2934 3606 3738 14
5 1871 4728 5822 15
5 3508 2461 4690 16
5 1970 3187 3223 17
5 1717 3095 3446 18
5 4843 1174 4844 19
5 2335 2744 5278 20
5 4533 4532 6127 21
5 3166 1656 4280 22
5 4721 2833 5724 23
5 2984 2375 3349 24
5 3891 3905 3906 25
5 2665 3016 3018 26
5 2722 2436 4712 27
5 3203 1356 3482 28
5 3031 2600 3115 29
5 3412 2621 5417 30
5 3965 4326 4419 31
5 2935 3721 3722 32
5 5097 2865 5099 33
5 2443 1779 4491 34
5 3945 3944 3946 35
5 5 3770 5565 36
5 3094 3696 3698 37
5 1470 3424 3628 38
5 3587 2460 4897 39
5 3993 4014 4050 40
5 2745 2193 5255 41
5 5 408 3770 42
5 1438 2801 5282 43
5 2224 2482 3008 44
5 1130 3238 3362 45
5 3257 1738 4240 46
5 4410 4409 5826 47
5 2904 1920 5448 48
5 9 4581 5890 49
5 3090 979 6006 50
5 1813 1040 3332 51
5 5432 3902 5711 52
5 3327 1812 5076 53
5 3578 3280 5170 54
5 2766 2767 4804 55
5 2513 3281 5089 56
5 5041 4369 5758 57
5 2858 2576 4949 58
5 3082 2335 5278 59
5 1784 2984 5886 60
5 3811 4416 5310 61
5 3201 1356 3203 62
5 4945 4393 4953 63
5 4503 1453 5028 64
5 3260 3421 4643 65
5 1661 3034 4220 66
5 2906 2382 4825 67
5 2080 1931 3053 68
5 5090 3281 5091 69
5 2993 2459 5275 70
5 1409 3162 3638 71
5 2151 2265 3286 72
5 4439 4436 4879 73
5 2303 2304 2975 74
5 3200 3508 4680 75
5 5044 2551 5048 76
5 3164 2753 5732 77
5 4774 3223 6009 78
5 979 3090 3460 79
5 3175 1637 3735 80
5 4084 1558 5647 81
5 2513 2504 3281 82
5 1873 2039 3097 83
5 1735 1801 2461 84
5 2718 2709 2719 85
5 3181 4837 4857 86
5 2079 2057 4081 87
5 2303 2202 2304 88
5 1034 3284 3374 89
5 1545 3622 5340 90
5 2375 2984 3336 91
5 2050 2758 4443 92
5 3421 3043 4643 93
5 4066 4065 5255 94
5 3154 2302 5234 95
5 2828 2313 2829 96
5 1831 1834 3156 97
5 2178 2179 3000 98
5 5130 5114 5488 99
5 4407 4188 4978 100
5 3891 3978 5754 101
5 3802 3939 4215 102
5 2265 3269 3286 103
5 3358 3359 4238 104
5 2169 3015 3039 105
5 3382 4278 4332 106
5 3162 1409 3615 107
5 4136 4061 5383 108
5 2188 2702 4887 109
5 4213 4209 4413 110
5 1767 1773 2775 111
5 3942 3824 5591 112
5 2127 2763 3561 113
5 3837 3838 3856 114
5 3110 1417 4145 115
5 3847 4043 4479 116
5 2380 3232 3555 117
5 2272 2151 3286 118
5 2223 3378 3708 119
5 4019 3908 4451 120
5 2601 2770 2781 121
5 1140 3239 4331 122
5 2694 3502 5054 123
5 2652 2114 4907 124
5 4 407 3770 125
5 1998 2996 2999 126
5 4318 1337 4430 127
5 4433 4432 4434 128
5 2697 2063 2698 129
5 2461 1801 5691 130
5 1745 1747 1749 131
5 1530 1513 6177 132
5 4623 2648 6138 133
5 2133 2132 2480 134
5 1861 1860 1972 135
5 1779 1864 4491 136
5 1757 1762 1763 137
5 2956 1318 3471 138
5 5181 5062 5182 139
5 3103 1339 4889 140
5 1750 1754 1759 141
5 884 2914 4678 142
5 3194 1090 3531 143
5 3086 2138 5644 144
5 1749 1747 4842 145
5 5116 2496 5263 146
5 3003 2671 5254 147
5 3980 2775 3983 148
5 2755 1937 4986 149
5 4066 2778 5506 150
5 5163 2589 5179 151
5 1845 1804 3434 152
5 2832 2828 5786 153
5 1747 1750 2782 154
5 3322 2902 3517 155
5 5126 5103 5501 156
5 1747 2782 4842 157
5 3281 3282 5091 158
5 1809 419 4567 159
5 1516 2979 5755 160
5 2698 2699 2766 161
5 1331 1334 1338 162
5 4875 4751 5673 163
5 2529 5082 6039 164
5 3247 1691 4735 165
5 2307 1749 2308 166
5 2050 2049 2758 167
5 2118 2653 5637 168
5 2256 3194 3531 169
5 3435 2294 3546 170
5 1972 1973 2063 171
5 962 979 3460 172
5 3754 3752 5213 173
5 2828 2829 5786 174
5 2697 2840 5293 175
5 2198 2202 2303 176
5 1831 3156 3706 177
5 2492 2508 3054 178
5 4011 2085 4015 179
5 3109 1452 3602 180
5 3756 2239 4473 181
5 1904 3990 3992 182
5 1518 2957 5784 183
5 1482 3056 3494 184
5 5089 3281 5090 185
5 2465 3358 4238 186
5 3502 2694 4878 187
5 4886 1193 4932 188
5 3348 2574 4677 189
5 1130 3362 3613 190
5 3610 1772 4846 191
5 3690 3692 5722 192
5 1566 3264 3707 193
5 3005 2742 5253 194
5 1935 1937 2755 195
5 2302 3239 5234 196
5 5771 3930 5932 197
5 2898 1582 5307 198
5 2303 2975 2976 199
5 3006 2368 5470 200
5 2224 2133 2482 201
5 2387 2389 3728 202
5 2524 3204 3387 203
5 2334 2805 5740 204
5 3023 3020 3026 205
5 3882 3885 3931 206
5 2778 2198 5833 207
5 1001 4075 4221 208
5 3395 1814 4054 209
5 1754 2476 6105 210
5 5247 5421 5686 211
5 903 2811 5054 212
5 3824 3837 5591 213
5 3880 4679 4738 214
5 1396 1393 1516 215
5 4852 1894 4980 216
5 3820 3821 3825 217
5 3198 2263 4925 218
5 1920 1919 1934 219
5 3064 4649 6104 220
5 2705 2706 6063 221
5 1919 1915 5996 222
5 3827 4210 4212 223
5 1716 1717 1860 224
5 2914 884 5387 225
5 2433 3081 5068 226
5 1996 2060 5669 227
5 4709 4710 4733 228
5 4837 2725 4857 229
5 2655 3306 4402 230
5 1738 3257 3330 231
5 2152 2272 3224 232
5 2502 4779 4786 233
5 3406 2069 5579 234
5 1493 1491 2011 235
5 2392 2896 5350 236
5 2702 2274 2703 237
5 4501 4667 4720 238
5 5187 1986 5228 239
5 5107 5109 5110 240
5 2998 2997 6099 241
5 2188 2191 2702 242
5 3145 3250 4727 243
5 2191 2193 2274 244
5 1936 2051 3277 245
5 5106 5107 5113 246
5 4625 1999 5576 247
5 3495 2961 3537 248
5 3056 1482 3493 249
5 4369 5041 5463 250
5 3111 1642 4131 251
5 4197 2310 4379 252
5 4890 5033 5248 253
5 3968 4038 5711 254
5 1000 3352 3734 255
5 4227 4225 4998 256
5 4937 3765 5211 257
5 1988 1813 3332 258
5 2811 903 4994 259
5 3276 3046 4959 260
5 1569 3159 3436 261
5 2076 5274 5611 262
5 3097 2039 3305 263
5 804 3566 5640 264
5 3700 3702 5931 265
5 2491 2622 5105 266
5 2768 3429 4780 267
5 805 804 5640 268
5 1180 4019 4451 269
5 4032 1765 4517 270
5 1336 1745 2306 271
5 2859 2568 2860 272
5 2710 2709 2718 273
5 1904 3992 4752 274
5 878 3564 3599 275
5 3387 3204 3579 276
5 1220 3367 4629 277
5 2005 3293 3294 278
5 1707 1708 3031 279
5 2116 2114 2652 280
5 3550 1875 4723 281
5 1413 2780 5229 282
5 3943 3944 3945 283
5 2909 2908 2928 284
5 1396 1516 2297 285
5 3085 2706 5267 286
5 2185 2187 2628 287
5 5434 1799 6084 288
5 2945 3449 5053 289
5 3645 5425 5483 290
5 1657 3166 4280 291
5 3442 1512 3517 292
5 3849 3855 3910 293
5 2382 2605 4825 294
5 3844 3846 3914 295
5 4826 5555 5634 296
5 2868 1419 5622 297
5 4317 4386 4450 298
5 3691 3690 5722 299
5 2723 2248 2863 300
5 2726 2426 2815 301
5 2179 2181 2462 302
5 2304 2777 2974 303
5 3769 5021 5566 304
5 2263 3198 5543 305
5 1495 5148 5149 306
5 2349 3104 5418 307
5 2740 1941 5992 308
5 3645 1399 5425 309
5 3118 2502 4786 310
5 3445 2910 3557 311
5 3910 3911 3912 312
5 3869 3876 3881 313
5 2058 2938 3310 314
5 2673 2781 3481 315
5 1477 1475 1480 316
5 2781 2673 5296 317
5 2721 2436 2722 318
5 3921 3923 5728 319
5 3318 2533 3461 320
5 3865 3867 3891 321
5 3829 3967 5220 322
5 4232 2991 4234 323
5 2349 3419 5194 324
5 893 870 3549 325
5 3685 2319 5445 326
5 5105 2622 5106 327
5 3035 2387 3728 328
5 2596 2784 5590 329
5 3787 3790 3831 330
5 2138 2861 5644 331
5 3911 3936 3938 332
5 4075 3375 4221 333
5 1970 1100 3183 334
5 2161 3009 3518 335
5 3168 1977 3170 336
5 1936 1935 2049 337
5 3013 2442 3014 338
5 3990 1904 4495 339
5 1457 3311 3607 340
5 802 5811 5812 341
5 5095 2506 5243 342
5 2156 2736 2737 343
5 1263 2994 4831 344
5 5122 2488 5548 345
5 2666 3052 3096 346
5 3161 1655 4258 347
5 2500 5117 5118 348
5 3023 3026 3027 349
5 3931 3885 3941 350
5 4546 4543 4577 351
5 4872 1928 6017 352
5 2196 2198 2778 353
5 5192 4594 5381 354
5 3624 1546 5324 355
5 2712 2710 2714 356
5 2576 2573 4949 357
5 5089 2530 5998 358
5 2644 3419 5193 359
5 2628 2187 2629 360
5 1555 1556 1817 361
5 4537 4534 4540 362
5 2758 2756 2797 363
5 1413 1411 2780 364
5 4543 4539 4552 365
5 5526 4118 5590 366
5 1045 3105 3106 367
5 3892 3896 3969 368
5 4890 2680 5033 369
5 2049 2755 2756 370
5 3882 3931 4998 371
5 2095 2740 2741 372
5 3906 3905 3907 373
5 1531 1530 1555 374
5 1817 1818 1935 375
5 2903 1629 3351 376
5 1656 3166 3413 377
5 3767 2342 5904 378
5 2258 2754 2800 379
5 3367 2855 4629 380
5 3889 3892 3966 381
5 2054 2723 4699 382
5 2219 2278 2959 383
5 1709 1707 1884 384
5 2133 2480 2482 385
5 4503 5028 5299 386
5 1514 1513 1530 387
5 2092 2909 4707 388
5 4539 4537 4541 389
5 1544 1543 1707 390
5 3920 3882 4998 391
5 1889 5011 5374 392
5 3239 3240 4331 393
5 1510 1509 1513 394
5 3767 2764 3768 395
5 1934 1919 6141 396
5 3077 3435 3546 397
5 5564 5 5565 398
5 3087 936 3408 399
5 1525 1523 1543 400
5 1488 1486 1509 401
5 2239 3758 4236 402
5 1759 1754 6105 403
5 2633 2634 2787 404
5 3043 1890 4643 405
5 4267 4268 4893 406
5 3984 3983 5375 407
5 2801 1438 5339 408
5 2139 3058 5706 409
5 3945 3946 3947 410
5 1116 3134 4320 411
5 2392 2391 2896 412
5 4099 5207 5707 413
5 2127 4859 5294 414
5 2106 1976 2132 415
5 2317 2828 3164 416
5 3269 2265 5871 417
5 3891 3906 3909 418
5 2818 3396 5009 419
5 1517 1485 3301 420
5 3015 2169 3234 421
5 3416 1166 4948 422
5 1338 1339 6147 423
5 2788 2636 2907 424
5 2377 2940 2941 425
5 2780 1454 2808 426
5 3494 3060 5608 427
5 3352 3241 3734 428
5 3747 2217 3748 429
5 4026 4602 4603 430
5 3307 1005 3535 431
5 1786 1702 3231 432
5 3165 3164 5732 433
5 2736 1945 3616 434
5 3223 3187 6009 435
5 2985 5043 5044 436
5 2117 2120 2470 437
5 1513 1515 2821 438
5 2092 2090 2909 439
5 3515 1561 5359 440
5 2551 5047 5048 441
5 3840 3844 3859 442
5 2607 4623 5950 443
5 2602 4148 4892 444
5 2596 2772 2783 445
5 2462 2181 2464 446
5 2951 2952 3485 447
5 2064 2177 2178 448
5 1890 3043 4644 449
5 5218 4770 6073 450
5 3870 3825 4658 451
5 3846 3849 3861 452
5 1854 1852 1969 453
5 3936 3913 3937 454
5 4002 4006 4013 455
5 2334 2332 2805 456
5 162 565 5151 457
5 1308 1306 3469 458
5 1976 1972 5987 459
5 1803 1805 4859 460
5 2237 1450 2947 461
5 3709 1124 5378 462
5 3855 3863 3864 463
5 3078 1516 5755 464
5 2503 2865 5097 465
5 2297 1516 3078 466
5 3151 2552 4686 467
5 3396 1259 5009 468
5 1807 5564 5565 469
5 1393 1385 2344 470
5 3067 1198 4983 471
5 3911 3864 3913 472
5 1331 1333 1334 473
5 2965 2417 3034 474
5 2136 3202 3203 475
5 2754 2175 4090 476
5 2994 1263 4521 477
5 1481 1485 1486 478
5 2368 2771 5470 479
5 1729 1733 1740 480
5 4514 4513 5167 481
5 1045 1011 3105 482
5 1717 1721 3095 483
5 1934 2665 3431 484
5 4390 4389 5661 485
5 2773 2593 2790 486
5 3383 3167 5759 487
5 2391 2894 2895 488
5 3160 3161 6011 489
5 2012 5155 5156 490
5 4050 3994 4641 491
5 2106 2132 2133 492
5 4571 1808 5890 493
5 2229 2225 2814 494
5 4622 4773 5331 495
5 1463 1462 1481 496
5 2981 1899 5305 497
5 2552 3159 4686 498
5 2926 4504 4768 499
5 2107 2081 5485 500
5 1762 1767 6152 501
5 1969 1852 6005 502
5 4077 2349 5194 503
5 3303 4328 5486 504
5 3912 3911 5847 505
5 3855 3864 3910 506
5 1539 3369 3424 507
5 3681 3679 4904 508
5 1763 1762 6152 509
5 3846 3861 3914 510
5 2982 2347 5693 511
5 2708 2145 2709 512
5 2054 2052 2723 513
5 3052 2295 3092 514
5 3160 2547 3161 515
5 3840 3859 3943 516
5 2985 5044 5674 517
5 1540 3608 5887 518
5 3091 901 4895 519
5 2936 2152 3224 520
5 1861 1972 1976 521
5 3775 3777 5481 522
5 4530 4578 4597 523
5 2135 2165 4261 524
5 1919 2664 6141 525
5 2094 2092 2279 526
5 1521 1522 1523 527
5 2193 2196 5255 528
5 3433 2660 3559 529
5 3449 1303 5053 530
5 3324 3322 3517 531
5 3771 2765 4971 532
5 3891 3867 3905 533
5 2142 2472 3373 534
5 1771 4037 4666 535
5 1862 3270 3533 536
5 1039 967 3142 537
5 3787 3831 5932 538
5 2436 2431 4712 539
5 3941 3964 4354 540
5 1735 1737 1801 541
5 2621 1797 5417 542
5 3792 3795 3830 543
5 1683 3172 4694 544
5 2011 1491 3262 545
5 2671 1191 2826 546
5 4951 4520 5735 547
5 5162 2589 5163 548
5 2179 2462 5393 549
5 2935 2409 5425 550
5 1998 2999 6144 551
5 4567 4566 4572 552
5 2648 4620 5633 553
5 4486 4418 5789 554
5 1857 1773 6166 555
5 1745 1746 1747 556
5 1320 1329 1331 557
5 1598 2967 3081 558
5 2902 3442 3517 559
5 1972 2063 2697 560
5 2363 3082 3083 561
5 3782 3783 5792 562
5 1318 2956 4051 563
5 1696 3341 4807 564
5 3000 2179 5393 565
5 4380 4178 4968 566
5 1716 1860 1861 567
5 5686 5421 5718 568
5 1460 1459 1462 569
5 2138 3086 5866 570
5 1922 1920 2904 571
5 1702 2604 3231 572
5 2760 3381 3463 573
5 4381 1889 5374 574
5 2147 3152 3153 575
5 1860 1717 3446 576
5 2307 2308 6132 577
5 2342 3759 5904 578
5 368 771 4239 579
5 3159 1569 4686 580
5 4382 5374 6154 581
5 3824 3836 3837 582
5 887 3445 3557 583
5 3759 2342 3763 584
5 2698 2766 2839 585
5 4930 1289 5419 586
5 2894 2386 5338 587
5 2295 3052 3579 588
5 960 962 3460 589
5 3170 1977 3219 590
5 3026 3020 3030 591
5 1637 3175 3481 592
5 4154 4102 4893 593
5 3357 1718 4138 594
5 2090 2067 2908 595
5 954 935 5984 596
5 1729 1740 2823 597
5 2712 2714 2715 598
5 3058 2139 5627 599
5 3820 3825 6098 600
5 2378 2377 2942 601
5 2165 5041 5758 602
5 4368 1461 4755 603
5 2332 2329 2806 604
5 2409 3079 5425 605
5 3034 1661 5601 606
5 900 3587 4897 607
5 2742 3005 4986 608
5 2407 3042 5495 609
5 2580 2773 4672 610
5 1082 3441 5954 611
5 3837 3856 6120 612
5 5041 2937 5463 613
5 2067 2054 2296 614
5 5007 5719 5919 615
5 1939 1941 2740 616
5 2966 1497 5584 617
5 2976 2975 5241 618
5 2178 2177 2179 619
5 2733 4852 4980 620
5 3505 2464 4851 621
5 2988 5434 6084 622
5 1767 1768 1773 623
5 1539 3424 4056 624
5 3797 3799 3827 625
5 3087 2400 3108 626
5 3881 3876 6130 627
5 2480 2481 3048 628
5 1834 1838 3156 629
5 3683 3681 4753 630
5 1943 1945 2736 631
5 3946 3950 3981 632
5 2601 2599 2770 633
5 3520 3008 4875 634
5 3068 1328 3573 635
5 1452 3109 3603 636
5 3582 3366 4521 637
5 1747 1748 1750 638
5 1379 1377 1538 639
5 3274 1463 4767 640
5 4613 4700 4919 641
5 978 4267 4893 642
5 3123 997 3167 643
5 897 3062 3524 644
5 1779 1780 1864 645
5 3381 2760 4665 646
5 1767 2775 5040 647
5 3661 4788 6007 648
5 2610 2142 3373 649
5 2318 3417 4334 650
5 3228 3227 3229 651
5 3969 3896 6066 652
5 2709 2145 2713 653
5 4645 4626 4799 654
5 1538 3085 4961 655
5 1773 1774 1779 656
5 2012 5156 6080 657
5 3933 5903 6090 658
5 1263 3582 4521 659
5 2459 2993 5776 660
5 2052 2050 2248 661
5 2021 2125 3235 662
5 2619 3345 3454 663
5 1039 3142 3333 664
5 3508 3200 4256 665
5 3193 2872 5190 666
5 3149 4869 5729 667
5 2759 3328 4665 668
5 2941 2940 2995 669
5 5347 4822 5348 670
5 1340 1338 6147 671
5 3946 3944 3950 672
5 2714 2710 2718 673
5 3752 3763 5213 674
5 2774 2592 2986 675
5 1411 1406 1454 676
5 995 1038 3167 677
5 1984 2175 2754 678
5 3931 3941 4020 679
5 3038 5461 5541 680
5 1822 3280 3578 681
5 1256 1254 3237 682
5 1228 3403 3477 683
5 3027 3026 3512 684
5 1629 1631 1716 685
5 4316 3895 4894 686
5 3407 4930 5419 687
5 2063 1973 2064 688
5 4543 4685 5724 689
5 3914 3915 6149 690
5 4193 2311 5880 691
5 1995 1996 5669 692
5 2443 5365 6166 693
5 2935 3722 5772 694
5 2766 2699 2767 695
5 2363 2337 3082 696
5 2698 2063 2699 697
5 3077 1233 3435 698
5 2434 3280 5070 699
5 837 904 3320 700
5 3100 2558 3110 701
5 4802 5079 5237 702
5 2718 2719 3622 703
5 1812 5069 5076 704
5 3127 3000 3128 705
5 1783 4604 4606 706
5 1750 1753 1754 707
5 3933 3827 4212 708
5 1602 2803 5399 709
5 3322 2820 3323 710
5 1328 3068 3296 711
5 3802 3807 3822 712
5 2780 2808 2827 713
5 1773 1779 6166 714
5 2934 3738 3739 715
5 4609 4607 5521 716
5 3944 3859 3961 717
5 3297 1349 3298 718
5 2997 2998 4733 719
5 1535 1533 1699 720
5 2351 4907 5990 721
5 32 435 4600 722
5 5270 2314 6132 723
5 4776 5050 5205 724
5 1875 3550 5329 725
5 3403 2854 3477 726
5 2775 1773 5375 727
5 2347 2982 4499 728
5 1913 1560 1914 729
5 4003 4271 4640 730
5 936 3087 5473 731
5 931 928 3150 732
5 3564 878 5696 733
5 1972 1860 1973 734
5 2671 2826 5254 735
5 3306 2655 4676 736
5 2178 3000 3127 737
5 3864 3865 5754 738
5 1937 1939 2095 739
5 1164 3295 4468 740
5 2771 2367 3010 741
5 4044 4696 5200 742
5 4447 4293 4940 743
5 2732 3450 4126 744
5 2723 2863 2864 745
5 3967 3829 4038 746
5 1754 1755 1757 747
5 3970 3768 5021 748
5 2781 2770 4109 749
5 2080 3053 5199 750
5 1320 1331 3040 751
5 2274 2193 6160 752
5 1411 1454 2780 753
5 3890 3888 4045 754
5 5182 5062 5655 755
5 3792 3830 6046 756
5 2313 2307 6132 757
5 3415 5780 5839 758
5 5809 3766 5810 759
5 2909 2928 2929 760
5 2814 2225 5394 761
5 2638 2640 2934 762
5 1419 1418 5622 763
5 4789 2687 5593 764
5 5124 2505 5587 765
5 2135 4261 5315 766
5 1627 1629 2903 767
5 1941 1943 2156 768
5 2772 2586 5014 769
5 4316 4314 6129 770
5 5186 1986 5187 771
5 4300 3187 5466 772
5 146 549 4624 773
5 1624 1627 1799 774
5 2763 2127 4973 775
5 3622 3623 5340 776
5 1377 1374 2685 777
5 2378 2942 5383 778
5 3668 3666 3675 779
5 2005 3294 5426 780
5 2685 1374 2686 781
5 2599 2597 2769 782
5 3883 4397 5309 783
5 2081 2080 5485 784
5 2136 3203 3266 785
5 4391 4390 5661 786
5 2223 3135 6151 787
5 1817 1936 3277 788
5 1945 1984 2258 789
5 1757 1758 1762 790
5 4206 4205 4207 791
5 3915 3861 6175 792
5 4696 3853 5200 793
5 2580 2578 2773 794
5 2588 2586 2772 795
5 4643 1625 4787 796
5 1336 2306 4889 797
5 1196 1194 1248 798
5 1175 4610 4730 799
5 3864 3863 3865 800
5 3826 3820 6098 801
5 3909 3906 4019 802
5 1580 1582 2898 803
5 1418 1413 1450 804
5 2767 3127 3429 805
5 2940 2372 5508 806
5 2943 2338 5318 807
5 1527 2824 5289 808
5 1125 1122 2944 809
5 2665 3018 3019 810
5 2368 2367 2771 811
5 3359 3357 4138 812
5 838 837 3320 813
5 2584 2582 2774 814
5 3797 3827 6090 815
5 1523 1524 2893 816
5 2765 2763 4973 817
5 3876 3882 6130 818
5 1865 1902 6002 819
5 1847 1497 6075 820
5 3481 2781 5061 821
5 892 3580 4141 822
5 2175 2632 2633 823
5 3861 3849 3988 824
5 2584 2774 5024 825
5 2951 3485 5961 826
5 2306 1749 2307 827
5 1505 1529 3180 828
5 1926 1924 6044 829
5 2708 2709 2710 830
5 2605 4061 4825 831
5 3111 2556 3644 832
5 1363 1256 3237 833
5 3031 1708 6000 834
5 2090 2908 2909 835
5 2304 2776 2777 836
5 2758 2797 2799 837
5 2058 3310 5745 838
5 3006 3544 5424 839
5 4013 4006 4667 840
5 1738 3330 4246 841
5 1013 1045 3269 842
5 3859 3844 4042 843
5 3947 4134 4391 844
5 407 3 3769 845
5 497 93 4047 846
5 2777 3093 3094 847
5 2742 2741 3060 848
5 961 959 3143 849
5 1985 3193 5190 850
5 2628 2629 3257 851
5 5461 1365 5541 852
5 2379 2370 3006 853
5 2696 3314 4983 854
5 2118 2116 2653 855
5 2782 1750 5410 856
5 1167 1169 4273 857
5 1475 1472 2834 858
5 2737 2736 2739 859
5 1100 1089 3183 860
5 3450 2732 3451 861
5 2934 2640 5378 862
5 1524 1527 1547 863
5 2895 2894 2897 864
5 1194 1191 2671 865
5 3947 3946 4040 866
5 3802 3822 6119 867
5 3103 2317 3165 868
5 1168 1166 3416 869
5 2820 2819 3323 870
5 4272 3230 4273 871
5 1620 1622 1797 872
5 3224 2272 3630 873
5 1544 1707 1709 874
5 2319 4432 4433 875
5 3298 1349 5935 876
5 1525 1543 1544 877
5 1573 1574 2931 878
5 2429 2426 2726 879
5 3429 2768 3492 880
5 2156 2737 2738 881
5 2490 5146 5609 882
5 1565 3325 4052 883
5 1431 1426 1449 884
5 3696 3094 3699 885
5 3340 1663 4401 886
5 4424 3930 4428 887
5 1936 2049 2050 888
5 2652 4906 4909 889
5 2337 2335 3082 890
5 3903 3921 4493 891
5 1817 1935 1936 892
5 1574 1576 1711 893
5 1174 4023 4844 894
5 1620 1797 2621 895
5 2570 2568 2859 896
5 2600 3031 3252 897
5 2634 2636 2788 898
5 1602 1604 2803 899
5 2367 2364 3011 900
5 2928 2908 2930 901
5 1053 1057 3487 902
5 1527 1537 2824 903
5 5088 5095 5243 904
5 3162 2721 3638 905
5 2984 1615 5306 906
5 2608 2271 5332 907
5 4207 4205 4941 908
5 2709 2713 5283 909
5 2586 2584 2590 910
5 3089 3090 6006 911
5 4209 4213 6087 912
5 3935 4542 4545 913
5 2049 2756 2758 914
5 1598 1600 2967 915
5 2582 2580 2592 916
5 3128 4507 4508 917
5 4830 1440 5025 918
5 2595 2588 2596 919
5 935 3138 5984 920
5 1438 1431 2948 921
5 4465 3801 4941 922
5 2370 2368 3006 923
5 3906 3907 4032 924
5 4023 1174 4049 925
5 1449 2868 2869 926
5 3799 3802 4215 927
5 2317 2313 2828 928
5 2862 2537 4990 929
5 2633 2787 2789 930
5 1521 1523 1525 931
5 3966 3892 5196 932
5 3783 3782 6121 933
5 1555 1530 1556 934
5 2496 5116 5117 935
5 3938 3936 4044 936
5 2697 2698 2840 937
5 1576 1578 2871 938
5 2578 2576 2593 939
5 2377 2374 2940 940
5 3949 3947 4391 941
5 1915 1914 5996 942
5 3230 3522 4273 943
5 2797 2756 2798 944
5 3123 3167 3383 945
5 2560 2558 3100 946
5 2384 2382 2906 947
5 2419 2417 2965 948
5 2052 2248 2723 949
5 1979 3216 3217 950
5 2311 4193 4978 951
5 1613 1615 2984 952
5 2021 3235 3455 953
5 1418 1450 2237 954
5 5085 5087 5093 955
5 2178 3428 6050 956
5 2289 3173 3441 957
5 2402 2400 3087 958
5 5051 1725 5241 959
5 1449 2869 2870 960
5 1957 1995 6083 961
5 2899 1212 2900 962
5 2374 2372 2940 963
5 1869 1956 6165 964
5 2049 1935 2755 965
5 1488 1509 1510 966
5 1615 1618 1694 967
5 2615 2613 5459 968
5 2388 2386 2894 969
5 5087 5088 5124 970
5 2438 2436 2721 971
5 2446 3344 4223 972
5 1485 1462 3301 973
5 4622 5331 5633 974
5 1233 3077 5716 975
5 1510 1513 1514 976
5 1817 1556 1818 977
5 1610 1613 1784 978
5 4879 2108 4922 979
5 2549 2547 3160 980
5 4674 1388 5277 981
5 1578 1580 1798 982
5 4318 4430 5825 983
5 1514 1530 1531 984
5 2787 2634 2788 985
5 1695 3652 4836 986
5 2770 2769 3163 987
5 3228 3229 4653 988
5 1629 1716 3351 989
5 1537 1572 1573 990
5 2721 2722 3638 991
5 2462 2464 3254 992
5 2630 3330 3382 993
5 1757 1763 4080 994
5 3114 5156 5157 995
5 1935 1818 1937 996
5 2777 3094 5219 997
5 1038 993 3195 998
5 1481 1486 1488 999
5 1426 1419 2868 1000
5 2480 2132 2481 1001
5 1137 4789 5593 1002
5 4021 1776 4429 1003
5 1576 2871 5322 1004
5 3666 3663 3672 1005
5 1518 1520 1521 1006
5 2258 2800 3205 1007
5 1723 1816 6169 1008
5 2237 2947 3043 1009
5 3238 1130 4092 1010
5 2095 1939 2740 1011
5 2596 2783 2784 1012
5 1505 3180 4947 1013
5 2613 3712 5459 1014
5 1257 924 3178 1015
5 3514 3026 3515 1016
5 3314 3610 4846 1017
5 3149 3148 4869 1018
5 2783 2772 2785 1019
5 4061 2605 5383 1020
5 4019 1180 4046 1021
5 2147 1840 3152 1022
5 3916 3985 4042 1023
5 2096 3054 3055 1024
5 2539 2537 2862 1025
5 1582 1584 1814 1026
5 2535 2442 3013 1027
5 1543 1523 6051 1028
5 1600 1602 1819 1029
5 1814 1584 4054 1030
5 3084 1290 4715 1031
5 2466 3126 3552 1032
5 4038 2477 5711 1033
5 2095 2741 2742 1034
5 3389 1590 5165 1035
5 3026 3030 3515 1036
5 1594 1596 1812 1037
5 3908 4019 4848 1038
5 14 1806 5039 1039
5 2572 2570 2856 1040
5 1590 1592 1822 1041
5 1604 1606 1791 1042
5 2823 1740 3199 1043
5 3936 3937 4043 1044
5 1513 1509 1515 1045
5 1099 1101 3125 1046
5 4272 1185 4653 1047
5 2156 1943 2736 1048
5 3419 1467 5193 1049
5 1481 1462 1485 1050
5 2748 3211 3656 1051
5 1586 1588 1800 1052
5 3250 3145 5921 1053
5 2597 2596 5590 1054
5 4728 4729 5822 1055
5 4536 4534 4537 1056
5 4418 4419 5789 1057
5 1691 3247 4781 1058
5 5082 2678 6153 1059
5 3245 1799 5434 1060
5 2545 2543 2991 1061
5 2599 2769 2770 1062
5 2395 2392 2396 1063
5 2773 2790 2946 1064
5 1402 1396 6102 1065
5 2790 2593 2804 1066
5 157 560 5244 1067
5 1203 1205 1209 1068
5 4010 4016 4023 1069
5 2259 3680 3682 1070
5 4102 978 4893 1071
5 2193 2745 6160 1072
5 4487 1141 4655 1073
5 2624 3013 3117 1074
5 4010 4015 4016 1075
5 3213 3214 3422 1076
5 1458 1448 1459 1077
5 2136 1842 3202 1078
5 1716 1631 1717 1079
5 3139 1004 3140 1080
5 3186 3192 3220 1081
5 3376 2649 4081 1082
5 3441 3173 5954 1083
5 3996 3999 4014 1084
5 2422 2419 2964 1085
5 3775 3774 3777 1086
5 5212 5214 5806 1087
5 3310 2938 4668 1088
5 3999 4001 4039 1089
5 2621 3412 3730 1090
5 4229 4020 4950 1091
5 1606 1608 3120 1092
5 3700 3701 3702 1093
5 2258 1984 2754 1094
5 3651 5226 5502 1095
5 2393 2384 2906 1096
5 2391 2388 2894 1097
5 3417 2293 4334 1098
5 3227 2171 3229 1099
5 3837 3836 3838 1100
5 2407 2404 3042 1101
5 3062 897 3523 1102
5 1884 1707 3031 1103
5 4071 3199 5067 1104
5 4708 3879 4838 1105
5 3512 3026 3514 1106
5 3858 3837 6120 1107
5 1549 3627 4222 1108
5 3818 3820 6174 1109
5 3104 2349 4077 1110
5 1707 1543 1708 1111
5 2411 2409 2935 1112
5 1655 3161 4233 1113
5 2488 5122 5488 1114
5 2714 2718 5621 1115
5 3777 3877 5481 1116
5 1531 1555 2958 1117
5 2872 3193 5723 1118
5 3933 4212 4797 1119
5 2386 2393 5338 1120
5 2203 2206 5370 1121
5 4729 4730 4731 1122
5 2901 2900 2902 1123
5 1201 2992 5437 1124
5 1516 2344 2979 1125
5 2063 2064 6050 1126
5 1028 3559 5682 1127
5 3009 2161 3531 1128
5 1152 1150 1212 1129
5 2720 2721 3162 1130
5 2658 3439 4095 1131
5 3054 2096 5332 1132
5 2633 2632 2634 1133
5 3194 2256 5446 1134
5 2431 2429 2645 1135
5 2821 1515 2822 1136
5 4631 4632 4709 1137
5 1469 1465 2609 1138
5 1103 1102 1104 1139
5 2800 2754 3242 1140
5 2715 2714 3369 1141
5 3226 1710 3360 1142
5 3019 3018 3020 1143
5 1321 1232 3191 1144
5 1105 1104 1110 1145
5 1146 1144 1148 1146
5 4009 4010 6155 1147
5 1102 1970 3223 1148
5 1371 1284 3197 1149
5 1642 3111 5561 1150
5 2543 2542 3134 1151
5 1535 1699 2459 1152
5 1336 1744 1745 1153
5 1990 1927 6156 1154
5 2440 2438 2720 1155
5 3950 3962 4363 1156
5 3928 3787 5932 1157
5 3623 3624 5324 1158
5 1463 1481 4767 1159
5 2799 2797 4659 1160
5 1477 1480 5390 1161
5 5143 3113 5157 1162
5 3702 3703 5931 1163
5 2335 2334 2744 1164
5 3370 1540 5887 1165
5 4294 3933 5442 1166
5 2807 2619 3454 1167
5 3640 3639 5632 1168
5 1101 1100 1102 1169
5 5115 5080 5605 1170
5 2645 2429 2726 1171
5 4636 4634 4709 1172
5 1371 3197 3198 1173
5 2829 2313 5421 1174
5 3041 3408 4870 1175
5 3058 3059 5706 1176
5 3674 3670 3677 1177
5 2185 2628 3358 1178
5 1784 3035 5549 1179
5 2674 3318 3461 1180
5 1486 1485 1487 1181
5 1799 1627 2903 1182
5 3559 1028 5797 1183
5 4044 3852 4696 1184
5 3565 876 5032 1185
5 2191 2274 2702 1186
5 1417 3110 5680 1187
5 2596 2588 2772 1188
5 4256 1740 6125 1189
5 2973 1855 5258 1190
5 1538 1377 2685 1191
5 2541 2539 2542 1192
5 1125 2944 5790 1193
5 2537 2535 2624 1194
5 4065 2745 5255 1195
5 4982 2889 5336 1196
5 2649 2079 4081 1197
5 3939 3802 6119 1198
5 1057 1062 3487 1199
5 3422 3214 3652 1200
5 901 3612 4895 1201
5 3080 850 4504 1202
5 2404 2402 3041 1203
5 3932 3797 6090 1204
5 5149 5137 5152 1205
5 2751 3125 5329 1206
5 4542 4539 4543 1207
5 2980 2981 5305 1208
5 4178 4380 5688 1209
5 1154 1152 2899 1210
5 2333 2332 2334 1211
5 1122 1120 1141 1212
5 3007 4994 5346 1213
5 1604 1791 2803 1214
5 3746 3749 4475 1215
5 3056 3005 5253 1216
5 1798 1580 2898 1217
5 4985 2933 5197 1218
5 2482 2480 3341 1219
5 3999 4000 4001 1220
5 1632 4139 5414 1221
5 1776 4021 4041 1222
5 3581 3539 5429 1223
5 3257 4240 5668 1224
5 1915 1919 1920 1225
5 2390 2388 2391 1226
5 3120 2389 4818 1227
5 3010 3011 5583 1228
5 5102 5103 5128 1229
5 4710 4731 4733 1230
5 3125 1101 4829 1231
5 1318 1280 3471 1232
5 2582 2592 2774 1233
5 859 3088 3523 1234
5 3801 4452 4941 1235
5 2578 2593 2773 1236
5 2382 2378 2605 1237
5 2239 3756 3758 1238
5 2489 5500 5548 1239
5 2720 2438 2721 1240
5 5079 1504 5237 1241
5 1431 1449 5857 1242
5 3187 4300 6009 1243
5 1533 1531 2958 1244
5 2657 5437 5743 1245
5 1523 1522 1524 1246
5 3596 1438 5282 1247
5 2703 2274 4395 1248
5 4205 4202 6122 1249
5 1248 1194 2671 1250
5 4765 3926 5410 1251
5 3923 3951 4670 1252
5 2595 2596 2597 1253
5 2076 5273 5274 1254
5 2856 2570 2859 1255
5 2472 3300 3373 1256
5 4293 4447 5938 1257
5 3591 3420 4715 1258
5 5129 5114 5130 1259
5 2173 3495 3537 1260
5 3344 1262 4223 1261
5 4538 4537 4539 1262
5 4502 2802 5571 1263
5 3283 2793 3410 1264
5 2640 3116 5378 1265
5 1460 1462 1463 1266
5 1445 3642 4101 1267
5 4618 4617 4619 1268
5 1880 3279 3335 1269
5 3081 2433 5069 1270
5 2726 2815 3307 1271
5 1122 1141 2944 1272
5 4322 3677 5823 1273
5 1205 3346 5796 1274
5 4775 2771 5471 1275
5 1524 1547 2893 1276
5 1444 1440 4830 1277
5 1754 1757 5453 1278
5 3831 4988 5771 1279
5 2542 2539 2862 1280
5 2459 1699 5275 1281
5 2207 2209 5856 1282
5 4782 1382 5077 1283
5 1313 1308 3469 1284
5 1588 1590 3389 1285
5 1573 1572 1574 1286
5 1465 1463 3274 1287
5 2624 2535 3013 1288
5 2393 2906 3157 1289
5 2703 4152 4278 1290
5 4412 3247 4735 1291
5 4006 4008 4009 1292
5 4796 2809 5945 1293
5 4668 2938 5276 1294
5 3297 3404 3737 1295
5 3757 3756 4473 1296
5 1970 3183 3184 1297
5 5064 2705 6063 1298
5 2472 3272 3300 1299
5 2613 2222 5377 1300
5 5108 2622 5751 1301
5 2009 3288 3289 1302
5 4545 4543 4546 1303
5 2338 3245 5434 1304
5 3081 2967 5868 1305
5 2833 4577 5724 1306
5 2744 2334 3172 1307
5 2467 2892 3398 1308
5 3514 3515 5359 1309
5 3555 3232 5424 1310
5 1207 1319 1320 1311
5 2386 2384 2393 1312
5 110 513 4492 1313
5 2248 2050 4443 1314
5 1913 1914 1915 1315
5 2964 2419 2965 1316
5 4650 4652 5506 1317
5 999 997 3123 1318
5 2461 3508 4256 1319
5 2542 2862 3166 1320
5 850 3080 5925 1321
5 3902 5052 5711 1322
5 3330 2630 4246 1323
5 2005 2006 3293 1324
5 1321 3191 5560 1325
5 5227 3448 5228 1326
5 1784 1613 2984 1327
5 1600 1819 2967 1328
5 2494 5128 5690 1329
5 4061 1654 4135 1330
5 1035 1027 3130 1331
5 2366 2364 2367 1332
5 4427 4422 4428 1333
5 3173 2289 3440 1334
5 2774 2986 2987 1335
5 3143 959 3221 1336
5 1290 3084 4876 1337
5 3439 1039 4095 1338
5 1537 1573 2824 1339
5 3533 3270 4494 1340
5 2160 1823 3296 1341
5 1156 1154 1215 1342
5 2741 2740 3102 1343
5 1686 4706 5659 1344
5 3850 4048 5443 1345
5 1653 4129 5168 1346
5 3513 4368 4755 1347
5 1289 3538 5419 1348
5 4593 3938 5200 1349
5 2952 3405 3485 1350
5 3264 1566 5974 1351
5 3916 3914 6149 1352
5 3656 3211 5472 1353
5 2109 2107 5445 1354
5 1339 1334 4889 1355
5 3245 2338 5319 1356
5 2556 2554 3644 1357
5 3258 2286 3273 1358
5 1909 1786 3231 1359
5 2372 2370 2379 1360
5 3199 3200 5643 1361
5 1864 1865 6002 1362
5 2806 2329 5055 1363
5 2810 1139 5545 1364
5 2082 2820 3180 1365
5 3580 892 3620 1366
5 2572 2856 2857 1367
5 414 1808 4827 1368
5 2391 2895 2896 1369
5 4139 4140 5414 1370
5 5130 5110 5233 1371
5 3331 1988 3332 1372
5 5111 5233 5609 1373
5 3451 2732 4329 1374
5 1394 1393 1396 1375
5 3269 1045 3286 1376
5 4671 1788 5728 1377
5 1521 1520 1522 1378
5 4550 4548 4738 1379
5 2307 2317 3103 1380
5 5211 3765 5212 1381
5 4667 4501 5431 1382
5 3052 3092 3096 1383
5 2363 3083 4130 1384
5 4185 4387 5427 1385
5 5810 3766 5981 1386
5 1152 1212 2899 1387
5 1127 1125 1187 1388
5 3166 1657 4938 1389
5 4181 4177 4192 1390
5 3167 1038 3306 1391
5 5274 2958 5611 1392
5 2376 2374 2377 1393
5 3443 3279 5016 1394
5 3085 1538 6063 1395
5 4994 809 5346 1396
5 1487 1518 5784 1397
5 963 1004 3139 1398
5 3088 859 6065 1399
5 5199 2259 5485 1400
5 1574 1711 2931 1401
5 2257 3179 4957 1402
5 2674 2024 3213 1403
5 1874 3433 3705 1404
5 2085 4330 5669 1405
5 1765 4032 6020 1406
5 2991 4232 4233 1407
5 3116 3709 5378 1408
5 3994 4050 6004 1409
5 2379 3006 3232 1410
5 1474 1472 1475 1411
5 2465 4851 5888 1412
5 4564 4560 5971 1413
5 3265 3086 5644 1414
5 1057 1056 1059 1415
5 3020 3018 5913 1416
5 1392 1385 1393 1417
5 3436 3160 5175 1418
5 1216 1170 2873 1419
5 1578 1798 2871 1420
5 3820 3818 3821 1421
5 1855 4369 5463 1422
5 4030 5432 5711 1423
5 2409 2407 3079 1424
5 5185 4566 5971 1425
5 4851 2464 5888 1426
5 1101 1102 1103 1427
5 2327 2326 2728 1428
5 2310 4197 4380 1429
5 4248 3045 6027 1430
5 1099 1089 1100 1431
5 4556 4554 4575 1432
5 3896 3899 3982 1433
5 3993 3996 4014 1434
5 2734 2069 3406 1435
5 1099 1100 1101 1436
5 1154 2899 5598 1437
5 4479 4043 4480 1438
5 2198 2199 2202 1439
5 1911 2171 3227 1440
5 3445 895 5644 1441
5 5173 1790 5736 1442
5 3951 3959 4702 1443
5 2997 2647 6099 1444
5 1941 2156 5992 1445
5 2060 3690 3691 1446
5 4360 2697 5293 1447
5 1458 1459 1460 1448
5 3114 5157 5158 1449
5 5228 3448 5458 1450
5 3271 1318 3444 1451
5 3301 3406 5579 1452
5 3311 1457 5303 1453
5 8 411 5891 1454
5 4328 882 5486 1455
5 876 3565 5849 1456
5 4309 4312 4318 1457
5 1758 1761 3012 1458
5 4220 3034 5652 1459
5 2395 2396 2397 1460
5 1257 3178 3251 1461
5 2787 2788 4939 1462
5 1286 3196 3197 1463
5 406 2 3769 1464
5 4792 3540 5454 1465
5 2120 2285 2470 1466
5 1783 4606 4608 1467
5 3203 3482 5342 1468
5 2700 3433 3559 1469
5 2296 2054 4699 1470
5 3110 4145 5284 1471
5 3232 2380 5607 1472
5 1857 5365 5382 1473
5 1994 3689 6156 1474
5 1060 1059 1065 1475
5 4585 1993 5823 1476
5 2320 3430 3542 1477
5 1495 5149 5667 1478
5 2640 2642 3116 1479
5 3783 4536 4538 1480
5 5365 1857 6166 1481
5 1103 1104 1105 1482
5 4933 3315 5017 1483
5 2738 2737 3264 1484
5 230 633 3727 1485
5 1854 1969 3052 1486
5 2112 2109 5445 1487
5 2864 2863 4084 1488
5 2979 3085 5267 1489
5 1695 4836 5435 1490
5 4738 4679 5287 1491
5 2574 3348 5075 1492
5 2460 3575 4897 1493
5 3466 3360 4159 1494
5 870 869 3549 1495
5 4312 4315 4416 1496
5 3764 3970 5214 1497
5 1812 1596 5069 1498
5 3415 3278 5780 1499
5 1480 2834 2835 1500
5 2756 2755 3005 1501
5 2783 2785 4596 1502
5 3652 3214 4836 1503
5 2176 3446 4810 1504
5 4317 4450 5310 1505
5 3021 3512 3514 1506
5 3879 4722 4785 1507
5 1518 1521 2957 1508
5 2411 3098 5993 1509
5 4314 3858 6129 1510
5 2929 2928 5037 1511
5 1486 1487 5783 1512
5 895 865 3265 1513
5 2362 2337 2363 1514
5 2601 2781 5296 1515
5 1945 2258 3616 1516
5 3539 3581 5828 1517
5 1671 1673 3654 1518
5 2828 2832 5928 1519
5 3178 3179 3251 1520
5 2808 1454 2809 1521
5 3152 2302 3154 1522
5 1956 1957 6083 1523
5 1791 1606 3120 1524
5 2020 1931 2080 1525
5 2377 2941 2942 1526
5 4590 3989 4591 1527
5 2942 2941 4140 1528
5 1689 3241 3249 1529
5 4592 3989 5450 1530
5 1079 1220 3218 1531
5 4002 4005 4006 1532
5 3646 2750 4725 1533
5 2404 3041 3042 1534
5 3171 5342 5551 1535
5 2771 3010 5471 1536
5 1654 4136 4247 1537
5 4747 6072 6097 1538
5 2541 2542 2543 1539
5 2175 2633 4090 1540
5 3990 4495 5617 1541
5 5116 2501 5151 1542
5 3977 4842 5391 1543
5 4604 4602 4605 1544
5 4204 4202 4205 1545
5 3008 3520 5394 1546
5 2797 2798 4928 1547
5 5311 2343 5531 1548
5 1970 3184 3187 1549
5 4006 4009 4037 1550
5 4344 4812 5872 1551
5 3280 1592 5767 1552
5 4577 2833 4722 1553
5 3041 4870 5799 1554
5 4574 3776 5709 1555
5 4326 4036 4419 1556
5 5207 3758 5707 1557
5 3051 2483 5504 1558
5 3011 4128 5583 1559
5 3642 1445 4900 1560
5 3537 2961 5412 1561
5 1290 3591 4715 1562
5 4029 4028 5786 1563
5 1178 1170 1216 1564
5 4344 4340 4812 1565
5 2839 2766 4805 1566
5 3531 1090 5008 1567
5 1529 2082 3180 1568
5 1150 1146 3447 1569
5 3060 3494 5253 1570
5 2609 3511 5513 1571
5 2196 2197 2198 1572
5 2344 1385 4961 1573
5 3057 2471 5008 1574
5 1709 1884 5452 1575
5 5603 5604 5685 1576
5 3548 893 3549 1577
5 3447 1146 5620 1578
5 3619 4300 5466 1579
5 5382 3901 5892 1580
5 5560 3191 6151 1581
5 1729 2823 5741 1582
5 4859 5416 5692 1583
5 4037 1771 4667 1584
5 2728 2326 3247 1585
5 3861 3957 6175 1586
5 1198 1196 3385 1587
5 2702 2703 3329 1588
5 4040 2479 4133 1589
5 3142 3139 3263 1590
5 2974 2777 3206 1591
5 939 954 3176 1592
5 1132 1129 1186 1593
5 5087 2530 5088 1594
5 1714 3492 4361 1595
5 2134 2133 2224 1596
5 3041 2402 3087 1597
5 1494 5130 5233 1598
5 3335 5288 6154 1599
5 3013 3014 3380 1600
5 4183 4181 4197 1601
5 2737 2739 3325 1602
5 1509 1486 2837 1603
5 4620 2648 4623 1604
5 2693 2254 3212 1605
5 3433 2456 3705 1606
5 1459 1448 3406 1607
5 3540 1161 3590 1608
5 1645 3279 3443 1609
5 1406 1403 5559 1610
5 1422 4157 5467 1611
5 2077 2078 5553 1612
5 3030 3020 5913 1613
5 5342 1051 5551 1614
5 3416 2348 4884 1615
5 5528 2964 5552 1616
5 3115 2672 3379 1617
5 5419 3538 5592 1618
5 3332 1040 5516 1619
5 5288 4382 6154 1620
5 1697 3401 4766 1621
5 2778 4066 5255 1622
5 4490 3141 5462 1623
5 3774 3775 5994 1624
5 1794 1898 3190 1625
5 2593 2576 2858 1626
5 1198 3385 4983 1627
5 895 3265 5644 1628
5 4939 2788 5654 1629
5 5233 5110 5609 1630
5 3478 1451 3479 1631
5 1205 1207 3346 1632
5 1378 1384 4866 1633
5 1794 3190 3315 1634
5 2902 2900 3104 1635
5 2592 2580 4672 1636
5 989 1090 3194 1637
5 2471 3057 5937 1638
5 5662 1065 6058 1639
5 865 864 3265 1640
5 1788 4642 5728 1641
5 1899 2981 3551 1642
5 1990 5533 5936 1643
5 1954 1736 5756 1644
5 2563 2560 3099 1645
5 2645 2726 3535 1646
5 3104 3182 5418 1647
5 1184 1167 4273 1648
5 3134 2542 4938 1649
5 4377 3372 5791 1650
5 2863 2248 3343 1651
5 5175 3160 6011 1652
5 3430 1301 3542 1653
5 3042 3041 5799 1654
5 1937 2095 4986 1655
5 4577 4543 5724 1656
5 4706 1687 5569 1657
5 4032 4517 4848 1658
5 2132 1976 4360 1659
5 3748 3750 3751 1660
5 5113 5130 5488 1661
5 1863 1311 3208 1662
5 2193 2194 2196 1663
5 3048 2481 3049 1664
5 2078 3772 5553 1665
5 2784 2783 3338 1666
5 2191 2192 2193 1667
5 1347 2136 3219 1668
5 2799 4659 5441 1669
5 2982 2983 4499 1670
5 5257 2859 5619 1671
5 1855 2973 4369 1672
5 5183 1422 5467 1673
5 1408 4111 5249 1674
5 1198 3067 3463 1675
5 3120 1608 3728 1676
5 928 926 3150 1677
5 2642 2673 3175 1678
5 3938 4593 5847 1679
5 1778 5232 5522 1680
5 2784 5526 5590 1681
5 1397 1396 1402 1682
5 1461 4453 4755 1683
5 2390 2391 2392 1684
5 1170 1168 2873 1685
5 3865 3891 5754 1686
5 1816 3276 4959 1687
5 2317 3164 3165 1688
5 2820 3322 3324 1689
5 2530 5086 5998 1690
5 3232 3006 5424 1691
5 1433 3617 4113 1692
5 3527 1680 5509 1693
5 5226 2964 5502 1694
5 1680 3527 5036 1695
5 3706 3156 5438 1696
5 1109 3181 4857 1697
5 2206 2207 5856 1698
5 3417 2318 5979 1699
5 3712 2613 5377 1700
5 2986 2592 3309 1701
5 4366 2929 5694 1702
5 4436 4434 4882 1703
5 2312 4213 4413 1704
5 2870 2869 3259 1705
5 2813 2229 2814 1706
5 3834 5246 5247 1707
5 3444 1318 4051 1708
5 2788 2907 4976 1709
5 2898 5044 5048 1710
5 3192 1065 3220 1711
5 3068 2160 3296 1712
5 3313 3314 4846 1713
5 935 933 3138 1714
5 3295 3556 4468 1715
5 3575 828 4897 1716
5 2411 2935 3098 1717
5 3641 2929 4366 1718
5 4195 4199 4448 1719
5 2931 3348 4677 1720
5 1778 5040 5232 1721
5 3405 2952 5363 1722
5 4649 4650 6104 1723
5 2733 1671 3654 1724
5 4218 4447 4940 1725
5 924 921 3178 1726
5 4836 3394 5435 1727
5 4548 4546 4708 1728
5 975 1034 3300 1729
5 3266 3203 5342 1730
5 3150 3308 3536 1731
5 2731 2717 3311 1732
5 3126 2466 3398 1733
5 3183 1086 3185 1734
5 2859 2860 5298 1735
5 4579 4564 5971 1736
5 1356 3201 3567 1737
5 1110 1688 3181 1738
5 2533 3318 5841 1739
5 905 3107 3468 1740
5 1339 3103 5927 1741
5 2857 3350 4949 1742
5 2937 5041 5045 1743
5 4187 4183 4198 1744
5 1927 1926 6156 1745
5 2389 3120 3728 1746
5 4295 3830 6048 1747
5 2202 2203 2776 1748
5 2483 3051 5486 1749
5 3512 3021 6053 1750
5 3289 3290 3291 1751
5 930 931 3136 1752
5 3314 2696 3610 1753
5 3948 3947 3949 1754
5 2415 2413 3122 1755
5 997 995 3167 1756
5 1375 1374 1377 1757
5 2331 2329 2332 1758
5 2506 5095 5172 1759
5 1383 1378 4866 1760
5 4184 4183 4187 1761
5 1211 1292 3315 1762
5 1407 1406 1411 1763
5 2183 2185 4996 1764
5 3372 4377 5547 1765
5 4666 4037 6045 1766
5 2947 1450 3316 1767
5 1449 1426 2868 1768
5 2509 2504 2513 1769
5 2991 2543 3134 1770
5 3343 2799 3631 1771
5 1808 4571 4827 1772
5 3505 1107 4734 1773
5 1144 1139 2810 1774
5 2253 2693 3209 1775
5 2775 3980 5040 1776
5 2210 2211 6013 1777
5 2877 3466 5917 1778
5 3873 4533 6127 1779
5 3887 3889 6170 1780
5 3398 2892 3399 1781
5 1699 1533 5290 1782
5 1476 1475 1477 1783
5 4129 1653 4276 1784
5 2941 2995 5414 1785
5 3193 1985 5187 1786
5 4182 4181 4183 1787
5 1201 1203 2992 1788
5 3282 2503 5097 1789
5 3293 3292 3294 1790
5 1077 1079 3218 1791
5 3831 5771 5932 1792
5 2928 2930 5058 1793
5 2458 2126 3321 1794
5 3136 931 3137 1795
5 2920 3002 3233 1796
5 3385 2696 4983 1797
5 3305 2039 4783 1798
5 2931 1711 3348 1799
5 1549 3625 3627 1800
5 2552 2549 3159 1801
5 5437 2992 5743 1802
5 2537 2624 4990 1803
5 3130 1027 5980 1804
5 4156 1563 4962 1805
5 1999 4625 4626 1806
5 3002 3304 5777 1807
5 2554 2552 3151 1808
5 4438 2351 4442 1809
5 4782 5077 5997 1810
5 325 728 3605 1811
5 828 3575 5816 1812
5 4318 4312 4417 1813
5 4504 894 4768 1814
5 1995 1957 1996 1815
5 2495 2752 5101 1816
5 2309 4198 4387 1817
5 1286 1288 3196 1818
5 3134 1116 5787 1819
5 2824 5163 5179 1820
5 1011 1008 3105 1821
5 1005 3307 5035 1822
5 2105 1976 2106 1823
5 1045 3106 6056 1824
5 2586 2590 5014 1825
5 1523 2893 6051 1826
5 1186 3376 4081 1827
5 1516 1393 2344 1828
5 5154 2119 5717 1829
5 855 3124 5387 1830
5 4027 3691 5782 1831
5 3190 2802 4502 1832
5 2726 3307 3535 1833
5 4499 2983 5013 1834
5 3917 5951 6046 1835
5 4474 1731 4475 1836
5 1867 1869 6165 1837
5 3959 3971 5201 1838
5 3288 3287 3290 1839
5 4001 4002 4013 1840
5 2326 2230 6074 1841
5 3235 2125 4974 1842
5 2502 3118 3386 1843
5 2959 2278 3506 1844
5 2630 3382 4332 1845
5 3099 2560 3100 1846
5 1053 1037 1056 1847
5 3525 3117 4249 1848
5 1624 1799 3245 1849
5 4032 4033 6020 1850
5 1201 1202 1203 1851
5 878 3599 4856 1852
5 2899 2900 2901 1853
5 3280 2434 5170 1854
5 2856 2859 5257 1855
5 2183 2184 2185 1856
5 4507 3128 5878 1857
5 2590 2584 5024 1858
5 1110 1200 1201 1859
5 1379 1538 4961 1860
5 1110 1201 1688 1861
5 3060 2741 3101 1862
5 1513 2821 6177 1863
5 3124 855 5415 1864
5 3205 2800 3402 1865
5 3045 4248 5941 1866
5 3373 1034 3374 1867
5 3306 1038 4402 1868
5 3374 2659 3521 1869
5 2523 4623 6138 1870
5 3986 4410 5826 1871
5 2169 3039 5864 1872
5 1088 1086 1089 1873
5 3985 3916 5353 1874
5 2996 1998 3528 1875
5 3229 2171 3230 1876
5 2739 3205 3617 1877
5 1799 2903 5490 1878
5 4042 3985 5875 1879
5 2179 2180 2181 1880
5 3735 1638 5539 1881
5 4227 1171 4228 1882
5 4081 2057 4965 1883
5 4190 4187 4407 1884
5 931 3150 3536 1885
5 3289 3292 3293 1886
5 2203 2205 2206 1887
5 3008 2482 3401 1888
5 1928 4753 6017 1889
5 1690 3519 4763 1890
5 3107 905 3600 1891
5 4593 4592 5847 1892
5 3962 3986 4899 1893
5 1688 1201 5437 1894
5 1842 1952 3202 1895
5 1867 3033 5815 1896
5 1341 3165 5732 1897
5 1563 4158 4962 1898
5 3889 3966 4036 1899
5 1349 3297 3737 1900
5 2243 3227 3228 1901
5 3198 3197 5543 1902
5 3827 3933 6090 1903
5 3012 1761 3305 1904
5 3011 2364 5404 1905
5 1089 1086 3183 1906
5 1136 1134 2038 1907
5 3002 2923 3298 1908
5 2671 3003 4964 1909
5 2185 2186 2187 1910
5 1232 1250 3191 1911
5 2147 3153 3155 1912
5 4568 4556 4575 1913
5 4170 4169 4854 1914
5 3201 2794 3567 1915
5 3502 903 5054 1916
5 1337 4318 4417 1917
5 1405 1403 1406 1918
5 4035 3881 5978 1919
5 4651 4650 5506 1920
5 1540 3370 3727 1921
5 2279 3640 5632 1922
5 895 3445 5656 1923
5 1416 5175 6011 1924
5 4176 4172 4854 1925
5 818 881 3636 1926
5 967 965 3142 1927
5 2181 2182 2183 1928
5 1493 2011 5584 1929
5 3267 1015 3269 1930
5 1863 3038 5541 1931
5 2948 3334 5339 1932
5 3969 4945 4953 1933
5 1037 1035 3129 1934
5 1049 3267 3268 1935
5 2789 2787 3530 1936
5 1767 1762 1768 1937
5 1331 1329 1333 1938
5 5156 3114 6081 1939
5 1844 1741 3411 1940
5 2024 2022 3213 1941
5 1533 2958 5290 1942
5 4189 4187 4190 1943
5 3672 3661 6007 1944
5 1884 3031 5420 1945
5 3666 3672 4637 1946
5 1508 1669 3361 1947
5 2724 4487 4655 1948
5 3255 898 3256 1949
5 2094 2279 5632 1950
5 2751 2750 3646 1951
5 1791 3120 5248 1952
5 1719 368 4239 1953
5 1996 1998 6144 1954
5 1038 3195 4402 1955
5 2250 1274 3271 1956
5 963 961 1004 1957
5 1284 1286 3197 1958
5 3748 2217 3750 1959
5 5357 1148 6035 1960
5 2376 2377 2378 1961
5 5080 5081 5605 1962
5 3882 3884 3885 1963
5 3237 1254 3437 1964
5 3328 2088 4665 1965
5 3391 3025 4919 1966
5 3207 941 6118 1967
5 5889 5890 5891 1968
5 3369 1539 6082 1969
5 5007 1978 5719 1970
5 2228 2225 2229 1971
5 1105 1110 3181 1972
5 1412 1411 1413 1973
5 1120 1117 4655 1974
5 3002 5777 6116 1975
5 3153 3152 3154 1976
5 4146 1548 5714 1977
5 3007 2811 4994 1978
5 3950 3961 3962 1979
5 3103 3165 5927 1980
5 3252 3031 6000 1981
5 1065 1059 1218 1982
5 2487 2486 5751 1983
5 1924 1926 1927 1984
5 1118 1117 1120 1985
5 3289 3288 3290 1986
5 2032 2890 3356 1987
5 1023 3466 4159 1988
5 3813 4370 4446 1989
5 3926 5391 5410 1990
5 2009 2010 3288 1991
5 4442 2351 5990 1992
5 3021 3514 5747 1993
5 2805 2332 2806 1994
5 5425 3079 5483 1995
5 3923 3924 3951 1996
5 1745 1744 1746 1997
5 1969 3387 3579 1998
5 1745 1749 2306 1999
5 3595 5484 5799 2000
5 1924 1922 6044 2001
5 1713 4811 5801 2002
5 2822 5187 5228 2003
5 2366 2367 2368 2004
5 1851 1850 5818 2005
5 1656 3413 4260 2006
5 4892 2893 4985 2007
5 1491 1489 4869 2008
5 3016 2665 5317 2009
5 3328 2759 5292 2010
5 3951 3952 3959 2011
5 4312 4314 4315 2012
5 1056 1037 3129 2013
5 1889 4381 5049 2014
5 2477 4038 4765 2015
5 2805 2806 3248 2016
5 4842 3977 6079 2017
5 1129 1127 3376 2018
5 901 3091 5402 2019
5 2716 2715 2717 2020
5 1723 1729 5741 2021
5 1373 1343 1374 2022
5 2958 1555 5611 2023
5 3315 4502 5017 2024
5 3341 1696 5376 2025
5 971 3439 5752 2026
5 1979 3217 5948 2027
5 3313 3067 3314 2028
5 3114 5158 5855 2029
5 2339 3491 5964 2030
5 3217 2853 3353 2031
5 2883 2885 4058 2032
5 3218 1220 4629 2033
5 5040 1778 6152 2034
5 1207 1320 3346 2035
5 3787 3928 5538 2036
5 3996 3998 3999 2037
5 4602 4026 4605 2038
5 5212 3765 5214 2039
5 1801 1802 6014 2040
5 1747 1746 1748 2041
5 1562 3451 4329 2042
5 1555 1817 3277 2043
5 3984 1857 5382 2044
5 1117 1112 4857 2045
5 3921 3922 3923 2046
5 3882 3920 6130 2047
5 1512 3442 5861 2048
5 4181 4192 4380 2049
5 3707 3264 4946 2050
5 4346 3917 4813 2051
5 1098 1089 1099 2052
5 3181 1688 4837 2053
5 3129 1035 3130 2054
5 3877 3777 5202 2055
5 4016 4017 4024 2056
5 3343 3631 5478 2057
5 1880 3335 4997 2058
5 1480 1475 2834 2059
5 941 3176 6118 2060
5 3885 3886 3887 2061
5 3881 4035 5956 2062
5 4320 3134 4938 2063
5 3125 2751 3646 2064
5 1334 1333 1336 2065
5 3887 3888 3889 2066
5 4416 4315 5310 2067
5 4422 4424 4428 2068
5 2797 4928 5498 2069
5 3892 3893 3896 2070
5 1171 4229 4950 2071
5 3959 3960 3971 2072
5 3962 3985 3986 2073
5 1497 2966 6075 2074
5 3628 3424 5621 2075
5 2800 3242 3425 2076
5 2082 2819 2820 2077
5 1203 1204 1205 2078
5 3364 1246 3365 2079
5 3017 2731 3450 2080
5 2827 2808 4383 2081
5 4999 4915 5568 2082
5 1320 1319 1329 2083
5 3780 3782 5792 2084
5 3889 3890 3892 2085
5 1643 3380 4111 2086
5 4262 2826 5264 2087
5 939 935 954 2088
5 3159 2549 3160 2089
5 1085 1069 1086 2090
5 3290 3287 5697 2091
5 4067 4150 4151 2092
5 3035 1784 5191 2093
5 2243 2004 3227 2094
5 4020 4397 4950 2095
5 4410 3986 4867 2096
5 1452 3603 3648 2097
5 1049 1017 3267 2098
5 1121 1120 1122 2099
5 3172 4674 5277 2100
5 969 967 1039 2101
5 1224 1327 3367 2102
5 3124 2914 5387 2103
5 2319 3685 4431 2104
5 4225 3920 4998 2105
5 3284 971 5752 2106
5 1117 4857 5670 2107
5 2058 2247 2938 2108
5 3199 1740 3200 2109
5 2901 2902 3322 2110
5 1654 4061 4136 2111
5 2666 1854 3052 2112
5 5089 5090 5092 2113
5 3580 2953 4141 2114
5 1721 1723 6169 2115
5 3002 3298 3304 2116
5 1139 1136 5545 2117
5 3289 3291 3292 2118
5 1410 3525 4249 2119
5 4441 4820 4880 2120
5 1823 1241 3296 2121
5 2279 2092 4707 2122
5 965 963 3139 2123
5 1008 1006 1715 2124
5 1134 1132 3363 2125
5 4591 3989 4592 2126
5 2964 2965 5552 2127
5 4255 5411 5509 2128
5 4016 4015 4017 2129
5 1209 1205 5796 2130
5 4271 4003 5218 2131
5 2287 3070 3273 2132
5 1015 1013 3269 2133
5 2929 3641 4707 2134
5 3146 3049 5293 2135
5 3721 2935 5425 2136
5 2674 3213 3422 2137
5 3456 1442 5285 2138
5 1313 3469 6116 2139
5 3137 931 3536 2140
5 3896 3897 3899 2141
5 3251 2458 3308 2142
5 1218 3145 4727 2143
5 2717 2715 5887 2144
5 930 928 931 2145
5 2343 2968 5531 2146
5 2987 2986 4871 2147
5 2675 4810 4959 2148
5 3083 3082 3340 2149
5 1025 3526 5748 2150
5 2397 2396 6042 2151
5 3286 1045 6056 2152
5 3746 3748 3749 2153
5 4305 4308 4798 2154
5 2730 2717 2731 2155
5 3229 4272 4653 2156
5 4309 4311 4312 2157
5 879 3502 4878 2158
5 3513 3512 6053 2159
5 4001 4013 4271 2160
5 3885 3887 5982 2161
5 3892 3969 5196 2162
5 3903 3904 3921 2163
5 4535 4532 4578 2164
5 3698 2201 5763 2165
5 4226 4403 4404 2166
5 4158 4596 4962 2167
5 3133 3132 3509 2168
5 989 987 1090 2169
5 2857 2856 3473 2170
5 1462 1459 3301 2171
5 1450 1413 5229 2172
5 3242 2789 4091 2173
5 1480 2835 4762 2174
5 3689 1990 6156 2175
5 2372 2379 5508 2176
5 1143 1139 1144 2177
5 3204 2524 5581 2178
5 2060 1996 6144 2179
5 2209 2210 6013 2180
5 5101 2752 5102 2181
5 3918 4342 4813 2182
5 1750 1748 1753 2183
5 2912 2913 3326 2184
5 1956 1869 1957 2185
5 3714 3715 5250 2186
5 3241 1689 3734 2187
5 3507 3508 4690 2188
5 3129 3130 3131 2189
5 2181 2183 5888 2190
5 3606 2934 5378 2191
5 3041 3087 3408 2192
5 4111 3380 5249 2193
5 3825 3870 6098 2194
5 2609 1465 3274 2195
5 3099 4143 5573 2196
5 1430 1426 1431 2197
5 2871 1798 3488 2198
5 1053 1056 1057 2199
5 2188 2190 2191 2200
5 2873 1168 3416 2201
5 3052 1969 3579 2202
5 945 943 1028 2203
5 3279 1880 5016 2204
5 4608 4609 5521 2205
5 4807 3341 5077 2206
5 1767 5040 6152 2207
5 2961 2960 3377 2208
5 5330 2083 5795 2209
5 3329 2703 5985 2210
5 1134 3363 5642 2211
5 2198 2303 5833 2212
5 3424 1470 4056 2213
5 1215 1154 5598 2214
5 1274 1275 3271 2215
5 1013 1011 1045 2216
5 1978 4491 6002 2217
5 1637 3481 4082 2218
5 3680 3679 3681 2219
5 3776 4574 4575 2220
5 2085 4011 4330 2221
5 2064 2176 2177 2222
5 3016 2731 3017 2223
5 3031 3115 5420 2224
5 1123 1122 1125 2225
5 4547 4546 4548 2226
5 1008 1715 3105 2227
5 2157 4958 5840 2228
5 965 3139 3142 2229
5 1414 1413 1418 2230
5 3022 3020 3023 2231
5 2831 32 4600 2232
5 5719 3973 5919 2233
5 4152 4277 4278 2234
5 5951 3792 6046 2235
5 4466 4465 4941 2236
5 3520 4875 5673 2237
5 5044 1814 5674 2238
5 2752 2491 5105 2239
5 3127 2767 3428 2240
5 1797 2943 5417 2241
5 3131 3132 3133 2242
5 2268 1363 3237 2243
5 2802 2936 3244 2244
5 1114 1112 1117 2245
5 1006 999 3123 2246
5 3732 3697 3733 2247
5 2895 2897 5028 2248
5 3251 3179 4995 2249
5 2480 3048 5077 2250
5 1779 1774 1780 2251
5 2307 2313 2317 2252
5 5210 5212 5813 2253
5 3159 3160 3436 2254
5 1820 1709 1821 2255
5 1592 1594 5767 2256
5 2243 3228 5240 2257
5 4315 4316 4317 2258
5 4607 4609 4610 2259
5 1773 1768 1774 2260
5 3139 3140 3263 2261
5 1057 1059 1060 2262
5 2362 2363 2364 2263
5 3831 3790 4814 2264
5 2665 1934 6141 2265
5 1754 1753 1755 2266
5 1145 1144 1146 2267
5 1482 3494 3741 2268
5 2883 4058 6016 2269
5 3888 3894 4045 2270
5 2946 2790 5183 2271
5 1803 1804 1805 2272
5 3473 1640 4266 2273
5 2230 2229 6074 2274
5 4623 2523 5950 2275
5 4618 4619 5358 2276
5 4558 4559 5185 2277
5 1555 3277 5611 2278
5 5106 2622 5107 2279
5 4210 3827 4215 2280
5 2881 3226 3360 2281
5 941 939 3176 2282
5 5086 2530 5087 2283
5 987 985 3057 2284
5 1435 1431 1438 2285
5 5095 1499 5392 2286
5 2863 3343 4094 2287
5 3210 3453 5693 2288
5 3676 4586 5720 2289
5 3526 1677 5291 2290
5 3025 3023 5901 2291
5 2164 3497 5474 2292
5 926 1257 3150 2293
5 4420 1141 4487 2294
5 3116 2642 5539 2295
5 3879 4708 4722 2296
5 2264 2099 3392 2297
5 1864 1780 1865 2298
5 933 3136 3138 2299
5 3339 2877 5917 2300
5 5119 2512 5337 2301
5 2006 2009 3293 2302
5 3233 3002 6116 2303
5 4580 4571 5890 2304
5 5138 5140 5141 2305
5 1248 2671 4964 2306
5 3180 2820 5922 2307
5 3852 4044 4481 2308
5 991 989 3194 2309
5 1838 1840 2147 2310
5 2399 3710 6055 2311
5 1065 1218 6058 2312
5 3155 3153 3275 2313
5 2009 3289 3293 2314
5 3809 3818 6174 2315
5 3118 2525 3386 2316
5 2237 3043 3421 2317
5 1020 3527 4628 2318
5 1990 3689 5734 2319
5 3267 3269 5871 2320
5 2896 2895 3478 2321
5 3785 3787 5538 2322
5 2704 1845 3434 2323
5 1719 3359 4237 2324
5 2824 1573 5163 2325
5 3043 2947 4644 2326
5 1219 1099 3125 2327
5 1109 1105 3181 2328
5 1822 1592 3280 2329
5 3009 3531 5008 2330
5 3865 3866 3867 2331
5 2864 4084 5647 2332
5 4941 4452 6087 2333
5 5107 5108 5109 2334
5 3983 2775 5375 2335
5 1477 5390 5729 2336
5 3048 3049 4960 2337
5 4287 4293 5046 2338
5 2004 1911 3227 2339
5 1358 2250 2251 2340
5 1148 3177 6035 2341
5 3393 1053 3487 2342
5 1840 1885 3152 2343
5 2251 2252 2253 2344
5 3891 3909 3978 2345
5 3453 3210 5362 2346
5 4169 4170 4216 2347
5 1126 1125 1127 2348
5 5247 2829 5421 2349
5 1694 4982 5336 2350
5 933 930 3136 2351
5 1852 2502 6005 2352
5 2790 2804 4969 2353
5 2253 2254 2693 2354
5 4859 1805 5294 2355
5 995 993 1038 2356
5 3935 4545 5585 2357
5 1148 2810 3177 2358
5 1757 1755 1758 2359
5 2869 2868 3421 2360
5 3216 1979 3218 2361
5 2304 2202 2776 2362
5 4180 4177 4181 2363
5 2608 5332 5730 2364
5 2746 4395 6160 2365
5 3536 3308 5511 2366
5 3517 3423 6008 2367
5 2634 2635 2636 2368
5 2466 2467 3398 2369
5 2965 3034 5601 2370
5 1292 1794 3315 2371
5 3404 1879 3737 2372
5 4096 2643 5065 2373
5 3325 1565 4946 2374
5 1849 1847 5970 2375
5 3772 3774 5994 2376
5 1798 2898 5048 2377
5 2609 3498 5639 2378
5 3111 4131 5680 2379
5 1561 3515 3516 2380
5 2073 2343 3312 2381
5 2798 3005 3056 2382
5 1898 2150 3190 2383
5 3401 1697 6012 2384
5 1454 1406 3063 2385
5 1156 1215 3121 2386
5 5103 5123 5501 2387
5 926 924 1257 2388
5 3274 2164 5474 2389
5 1360 1370 3440 2390
5 3640 2279 3641 2391
5 4271 1769 4640 2392
5 1535 2459 6134 2393
5 909 910 911 2394
5 5543 3158 5893 2395
5 2022 2245 3213 2396
5 1060 1065 3192 2397
5 3051 3303 5486 2398
5 1885 2302 3152 2399
5 3304 3298 5935 2400
5 4803 1713 4805 2401
5 5396 1341 5732 2402
5 2907 2636 5537 2403
5 1147 1146 1150 2404
5 3777 3779 6061 2405
5 2413 2411 5993 2406
5 1610 1784 5549 2407
5 5113 5107 5130 2408
5 4431 3683 5493 2409
5 2821 2822 5228 2410
5 1059 1056 3145 2411
5 1538 2685 5064 2412
5 2150 2152 2802 2413
5 2304 2974 2975 2414
5 2297 3078 3225 2415
5 1806 13 4562 2416
5 1937 1938 1939 2417
5 1503 1497 1847 2418
5 841 840 3464 2419
5 3524 2339 5964 2420
5 1424 1419 1426 2421
5 993 991 3195 2422
5 4049 1174 4703 2423
5 3024 3023 3025 2424
5 5088 5092 5095 2425
5 1838 2147 3156 2426
5 3136 3137 3253 2427
5 925 924 926 2428
5 1885 2298 2302 2429
5 2286 2287 3273 2430
5 2711 2710 2712 2431
5 2926 3080 4504 2432
5 2302 2701 3239 2433
5 3750 2238 3751 2434
5 1723 1728 1729 2435
5 3900 3903 5976 2436
5 3179 2257 4995 2437
5 1911 1909 2171 2438
5 1234 1233 3299 2439
5 2116 2652 6069 2440
5 1489 1477 5729 2441
5 3416 4884 5315 2442
5 3704 3697 3732 2443
5 923 921 924 2444
5 2636 2637 2638 2445
5 1736 2062 5756 2446
5 3941 4354 5309 2447
5 5082 2517 6039 2448
5 3867 3868 3869 2449
5 2642 3175 5539 2450
5 1819 5182 5655 2451
5 3131 3133 3250 2452
5 921 922 3178 2453
5 4206 4207 4208 2454
5 2967 1819 5623 2455
5 1672 1670 3384 2456
5 3452 3050 5389 2457
5 881 3571 3636 2458
5 3145 1056 5921 2459
5 1807 410 5564 2460
5 2798 3056 3493 2461
5 1888 1887 2022 2462
5 2893 1547 4985 2463
5 3381 1210 3463 2464
5 927 926 928 2465
5 4624 4625 5576 2466
5 3215 2245 3364 2467
5 5136 5138 5153 2468
5 5331 4635 5633 2469
5 2981 3250 3551 2470
5 2696 3385 5398 2471
5 2933 4985 5879 2472
5 3057 985 5937 2473
5 3869 3875 3876 2474
5 3249 2847 6139 2475
5 2051 2050 2052 2476
5 5232 3954 5522 2477
5 1191 1183 6024 2478
5 3300 1034 3373 2479
5 1573 2931 5251 2480
5 1438 2948 5339 2481
5 2803 1791 5033 2482
5 5466 3186 5512 2483
5 2826 4262 5254 2484
5 1068 1979 3529 2485
5 2638 2639 2640 2486
5 991 3194 3195 2487
5 2150 2802 3190 2488
5 2067 2296 5793 2489
5 1884 3379 5180 2490
5 985 981 3272 2491
5 3619 5466 5512 2492
5 907 908 909 2493
5 3390 3025 3391 2494
5 1979 1077 3218 2495
5 1574 1575 1576 2496
5 4397 4020 5309 2497
5 3731 1408 5249 2498
5 2996 2647 2997 2499
5 3899 3900 5976 2500
5 2598 2597 2599 2501
5 5477 1501 6173 2502
5 3963 5005 5369 2503
5 1805 1811 5294 2504
5 2993 5360 5776 2505
5 1128 1127 1129 2506
5 3557 3400 4944 2507
5 4383 5173 5736 2508
5 5068 3081 5868 2509
5 3709 3116 5539 2510
5 4305 4307 4308 2511
5 3867 3869 5956 2512
5 3940 5641 6103 2513
5 3005 2755 4986 2514
5 975 973 1034 2515
5 960 959 961 2516
5 2813 2814 3519 2517
5 2306 2307 3103 2518
5 2881 2883 3226 2519
5 1852 1851 5818 2520
5 2064 2178 6050 2521
5 2685 2686 5395 2522
5 912 911 913 2523
5 2131 5395 5933 2524
5 2962 2270 2963 2525
5 2289 1360 3440 2526
5 3070 3069 3071 2527
5 1717 1720 1721 2528
5 2156 2738 4778 2529
5 2338 2943 5319 2530
5 3710 3108 6055 2531
5 2347 2253 3209 2532
5 1180 497 4047 2533
5 3736 1564 5526 2534
5 913 914 915 2535
5 2783 4596 5524 2536
5 1272 1274 1358 2537
5 2333 2334 2335 2538
5 3526 1025 5272 2539
5 2286 2160 2287 2540
5 2960 2270 2962 2541
5 1110 1104 1200 2542
5 2089 2067 2090 2543
5 3418 3417 5979 2544
5 2023 2022 2024 2545
5 920 919 921 2546
5 5098 5532 5650 2547
5 2287 3069 3070 2548
5 2485 2486 2487 2549
5 1392 1393 1394 2550
5 5082 2529 5083 2551
5 2804 2858 3350 2552
5 1102 1100 1970 2553
5 1679 1949 3339 2554
5 1378 1377 1379 2555
5 3432 2956 3471 2556
5 3017 3451 3583 2557
5 2853 3352 3353 2558
5 2652 4909 5230 2559
5 4099 5707 6028 2560
5 4549 4548 4550 2561
5 1297 1299 3158 2562
5 5022 4583 5563 2563
5 1469 2609 5513 2564
5 1667 1815 3388 2565
5 2277 2794 3201 2566
5 2458 3321 5511 2567
5 3976 3828 4031 2568
5 2245 1887 3364 2569
5 943 941 3207 2570
5 929 928 930 2571
5 916 915 917 2572
5 2353 3630 5715 2573
5 1080 1323 3458 2574
5 3140 1004 3141 2575
5 3360 1710 4159 2576
5 1085 1086 1088 2577
5 2066 2054 2067 2578
5 3540 4792 5029 2579
5 2122 2024 2126 2580
5 3094 3698 5219 2581
5 3869 3881 5956 2582
5 932 930 933 2583
5 1305 1307 1365 2584
5 1266 1268 2223 2585
5 2099 2160 2286 2586
5 2968 2657 5743 2587
5 917 918 919 2588
5 1524 1526 1527 2589
5 2851 2849 3241 2590
5 934 933 935 2591
5 4526 4425 5700 2592
5 4019 3906 4848 2593
5 921 919 922 2594
5 2636 2638 5537 2595
5 3367 1327 6015 2596
5 2600 2599 2601 2597
5 2640 2641 2642 2598
5 2900 1212 3182 2599
5 1721 1722 1723 2600
5 2816 2424 5226 2601
5 4981 2889 4982 2602
5 4226 4252 4403 2603
5 5085 5086 5087 2604
5 2053 2052 2054 2605
5 2254 2281 3212 2606
5 3213 2245 3214 2607
5 3283 3410 4371 2608
5 2962 2963 3342 2609
5 2642 2672 2673 2610
5 1576 1577 1578 2611
5 3676 3675 5167 2612
5 5371 1739 5952 2613
5 2269 2268 2270 2614
5 1017 1015 3267 2615
5 2849 2847 3249 2616
5 1342 1340 1343 2617
5 2011 3262 4758 2618
5 2442 2440 5949 2619
5 2524 3387 5635 2620
5 3878 4737 4898 2621
5 3287 1832 5697 2622
5 4791 5311 5804 2623
5 5033 1791 5248 2624
5 2187 2188 4887 2625
5 1148 1144 2810 2626
5 877 3468 5279 2627
5 910 2825 3285 2628
5 1151 1150 1152 2629
5 1073 1080 3458 2630
5 2022 1887 2245 2631
5 3248 4706 5569 2632
5 2834 1472 5513 2633
5 2840 2839 3146 2634
5 2091 2090 2092 2635
5 3783 4538 5423 2636
5 1361 1251 1887 2637
5 1192 1191 1194 2638
5 1041 1053 3393 2639
5 4343 4340 4344 2640
5 1939 1940 1941 2641
5 1345 1347 3219 2642
5 1196 1248 3385 2643
5 4150 4067 4166 2644
5 3858 4314 4319 2645
5 1497 1493 5584 2646
5 902 3563 4817 2647
5 2010 2300 3288 2648
5 1800 1588 3389 2649
5 4852 3590 4868 2650
5 1578 1579 1580 2651
5 1338 1340 1342 2652
5 1779 2443 6166 2653
5 2126 2024 2674 2654
5 2807 3454 4839 2655
5 1403 1402 3629 2656
5 3771 4971 5562 2657
5 4234 2991 5787 2658
5 1309 1311 1863 2659
5 4599 5489 6162 2660
5 4586 3687 5720 2661
5 2281 2283 3089 2662
5 4706 3248 5659 2663
5 1358 1274 2250 2664
5 3266 3171 6085 2665
5 1636 3595 5799 2666
5 3570 2649 5726 2667
5 3964 4036 4326 2668
5 549 2000 4624 2669
5 2331 2332 2333 2670
5 2251 2250 2252 2671
5 3492 1714 4804 2672
5 3138 3136 3253 2673
5 5148 1495 5150 2674
5 1941 1942 1943 2675
5 909 912 3261 2676
5 2281 3089 3212 2677
5 4342 3918 5634 2678
5 1580 1581 1582 2679
5 1069 5519 5943 2680
5 2201 3698 4119 2681
5 2802 2152 2936 2682
5 1943 1944 1945 2683
5 4204 4205 4206 2684
5 2929 5037 5731 2685
5 2729 1291 3381 2686
5 1315 1977 3208 2687
5 1808 9 5890 2688
5 1945 1983 1984 2689
5 1527 1536 1537 2690
5 3291 3290 3295 2691
5 2908 2067 5793 2692
5 962 961 963 2693
5 1278 1280 1318 2694
5 1582 1583 1584 2695
5 5145 2528 5918 2696
5 2486 2485 5918 2697
5 4597 4578 4740 2698
5 973 971 3284 2699
5 3260 4643 4787 2700
5 1034 973 3284 2701
5 2229 2813 6074 2702
5 3667 3666 3668 2703
5 4117 4118 5526 2704
5 3782 3785 6121 2705
5 4370 3813 4447 2706
5 1311 1315 3208 2707
5 2099 1823 2160 2708
5 1090 987 3057 2709
5 4190 4407 4978 2710
5 1984 2174 2175 2711
5 1167 1166 1168 2712
5 1584 1585 1586 2713
5 1007 1006 1008 2714
5 2171 1909 3231 2715
5 3809 3927 5869 2716
5 1019 1017 1049 2717
5 4558 4556 4559 2718
5 2253 2252 2254 2719
5 1487 1517 1518 2720
5 4780 3429 5430 2721
5 5031 1158 5768 2722
5 2610 3373 3374 2723
5 4821 4823 4880 2724
5 4438 4436 4439 2725
5 1189 1183 1191 2726
5 4077 1511 5861 2727
5 2294 1067 3554 2728
5 3918 4813 6046 2729
5 3186 3220 5512 2730
5 2175 2631 2632 2731
5 4799 4626 4800 2732
5 4559 4556 4568 2733
5 986 985 987 2734
5 3838 3839 3840 2735
5 5074 2432 5868 2736
5 1203 1209 2992 2737
5 2916 2918 2921 2738
5 4643 1890 5030 2739
5 2961 3377 5412 2740
5 3142 3263 6110 2741
5 1371 3432 3471 2742
5 1914 1560 6134 2743
5 4175 4172 4176 2744
5 1315 1345 1977 2745
5 2902 3104 3442 2746
5 2918 2920 3233 2747
5 3468 3107 5279 2748
5 1537 1571 1572 2749
5 1224 1226 1327 2750
5 1906 1357 3375 2751
5 3640 3641 3642 2752
5 5118 1500 5352 2753
5 1275 1278 3271 2754
5 2513 5089 5998 2755
5 2938 2247 2939 2756
5 4560 4558 5185 2757
5 1663 3340 5805 2758
5 1963 3398 3399 2759
5 951 949 1097 2760
5 2302 2298 2701 2761
5 3202 3201 3203 2762
5 3971 3972 3974 2763
5 4541 4886 4932 2764
5 2809 3065 5945 2765
5 3105 1715 5245 2766
5 3015 3234 3541 2767
5 2544 2543 2545 2768
5 3952 3924 5007 2769
5 4306 3870 4658 2770
5 3141 3144 5462 2771
5 1669 2071 3361 2772
5 3272 977 3300 2773
5 2942 4140 5003 2774
5 4634 4631 4709 2775
5 3630 3106 5715 2776
5 1977 1345 3219 2777
5 2290 2932 3173 2778
5 3829 3926 4038 2779
5 2398 2397 2400 2780
5 1464 1463 1465 2781
5 5903 3932 6090 2782
5 1586 1587 1588 2783
5 3108 3710 5473 2784
5 3175 3735 5539 2785
5 1288 1297 3196 2786
5 2986 3309 5295 2787
5 2777 2776 3093 2788
5 2093 2092 2094 2789
5 2605 2378 5383 2790
5 4118 2769 5590 2791
5 2290 3173 3440 2792
5 4550 5287 5530 2793
5 4724 4613 4919 2794
5 3400 3549 4944 2795
5 1010 1008 1011 2796
5 3838 3840 5995 2797
5 1443 1440 1444 2798
5 4627 5358 5444 2799
5 913 916 3283 2800
5 4218 4370 4447 2801
5 2242 2004 2243 2802
5 1367 2088 3328 2803
5 1816 1723 5741 2804
5 5480 2705 6062 2805
5 938 935 939 2806
5 2581 2580 2582 2807
5 4137 3530 4939 2808
5 1028 943 3207 2809
5 2579 2578 2580 2810
5 1920 1934 5448 2811
5 1750 1759 5410 2812
5 2975 2974 5051 2813
5 3469 3233 6116 2814
5 2125 2757 4974 2815
5 1282 1284 1371 2816
5 4478 3934 6149 2817
5 2923 2925 3298 2818
5 1153 1152 1154 2819
5 2500 5118 5905 2820
5 3368 3476 5915 2821
5 4064 2195 4297 2822
5 3350 2858 4949 2823
5 3469 1306 4488 2824
5 2920 2923 3002 2825
5 5707 3754 6028 2826
5 4345 4344 4347 2827
5 2583 2582 2584 2828
5 1718 3357 5668 2829
5 1455 5177 5472 2830
5 964 963 965 2831
5 4287 4290 4293 2832
5 3262 1491 4869 2833
5 1446 4257 5405 2834
5 3464 840 3465 2835
5 1588 1589 1590 2836
5 1740 1733 6125 2837
5 2038 1134 5642 2838
5 1239 1237 1328 2839
5 2577 2576 2578 2840
5 1291 1210 3381 2841
5 2300 2989 3287 2842
5 3752 3759 3763 2843
5 1056 3129 5921 2844
5 3669 3668 5720 2845
5 2119 5154 5749 2846
5 909 908 910 2847
5 1033 1027 1035 2848
5 2319 4431 4432 2849
5 1952 2277 3202 2850
5 4870 1636 5799 2851
5 2550 2549 2552 2852
5 909 911 912 2853
5 985 3272 5937 2854
5 3241 2849 3249 2855
5 3179 3342 4957 2856
5 1598 1599 1600 2857
5 3790 3792 5951 2858
5 2548 2547 2549 2859
5 5041 1982 5045 2860
5 2167 1844 3411 2861
5 1278 1318 3271 2862
5 1532 1531 1533 2863
5 3568 2867 3569 2864
5 2707 2145 2708 2865
5 2485 2487 5332 2866
5 1297 1298 1299 2867
5 1266 1267 1268 2868
5 2585 2584 2586 2869
5 1250 1266 3191 2870
5 2546 2545 2547 2871
5 1004 961 3143 2872
5 2542 3166 4938 2873
5 2553 2552 2554 2874
5 2587 2586 2588 2875
5 2523 2522 5950 2876
5 4697 4412 4735 2877
5 1590 1591 1592 2878
5 913 911 914 2879
5 1620 2621 6123 2880
5 2357 2359 3084 2881
5 4208 4207 4213 2882
5 4690 2461 5691 2883
5 947 945 3472 2884
5 1596 1597 1598 2885
5 4257 5058 5405 2886
5 1600 1601 1602 2887
5 2921 2918 3233 2888
5 1195 1194 1196 2889
5 1237 1234 3299 2890
5 1361 1887 1888 2891
5 2594 2588 2595 2892
5 1888 2022 2023 2893
5 1328 1237 3299 2894
5 1251 1246 3364 2895
5 3840 3843 3844 2896
5 1268 1269 1270 2897
5 3359 1719 4238 2898
5 917 919 920 2899
5 2948 1431 5857 2900
5 1171 4227 4229 2901
5 3509 3132 5356 2902
5 2251 2253 2347 2903
5 907 909 3261 2904
5 1729 1732 1733 2905
5 2287 3068 3069 2906
5 3087 3108 5473 2907
5 2555 2554 2556 2908
5 2277 2793 2794 2909
5 1230 1232 1321 2910
5 1592 1593 1594 2911
5 1594 1595 1596 2912
5 1405 1406 1407 2913
5 4197 4379 5427 2914
5 3668 3675 3676 2915
5 2440 2720 5250 2916
5 1447 1444 1448 2917
5 3479 1451 3723 2918
5 2286 3258 3392 2919
5 3038 1863 5814 2920
5 1257 3251 3308 2921
5 2113 2112 5990 2922
5 2648 4636 6099 2923
5 4654 3244 5240 2924
5 3054 2508 3055 2925
5 4152 4251 4277 2926
5 2913 2916 3326 2927
5 3830 4292 5983 2928
5 5069 1596 5960 2929
5 3040 1331 5687 2930
5 3089 2283 3090 2931
5 3138 3253 5706 2932
5 977 975 3300 2933
5 2071 3312 3361 2934
5 1347 1842 2136 2935
5 1216 2873 4261 2936
5 2978 1325 5224 2937
5 988 987 989 2938
5 913 915 916 2939
5 940 939 941 2940
5 2533 2531 3461 2941
5 2195 4064 4883 2942
5 907 890 908 2943
5 3244 4654 5436 2944
5 3131 3130 3132 2945
5 4161 1446 5405 2946
5 2401 2400 2402 2947
5 1677 4057 5291 2948
5 2557 2556 2558 2949
5 1989 1823 2099 2950
5 2877 2879 3466 2951
5 966 965 967 2952
5 2425 2424 2426 2953
5 1610 1612 1613 2954
5 1821 1709 4096 2955
5 2617 2615 2836 2956
5 2559 2558 2560 2957
5 1964 1363 2268 2958
5 1708 1543 4892 2959
5 1569 3436 5820 2960
5 4043 3847 4481 2961
5 2561 2560 2563 2962
5 917 915 918 2963
5 2737 3325 4946 2964
5 1949 2262 3339 2965
5 1715 1006 3123 2966
5 3612 814 4926 2967
5 2023 2024 2122 2968
5 4006 4005 4008 2969
5 3846 3848 3849 2970
5 2925 3297 3298 2971
5 4157 1649 5467 2972
5 3010 2367 3011 2973
5 2423 2422 2424 2974
5 2564 2563 2565 2975
5 3844 3845 3846 2976
5 3303 900 4328 2977
5 2746 4067 4151 2978
5 1689 3249 4242 2979
5 4467 4304 4798 2980
5 1894 4852 4868 2981
5 4586 4585 5823 2982
5 2566 2565 2568 2983
5 3219 2136 6085 2984
5 2877 2878 2879 2985
5 1613 1614 1615 2986
5 2122 2126 2458 2987
5 3849 3854 3855 2988
5 396 799 5209 2989
5 1564 4117 5526 2990
5 1602 1603 1604 2991
5 1710 3226 4245 2992
5 4425 4526 4528 2993
5 4441 4880 4922 2994
5 3855 3862 3863 2995
5 4177 4176 4192 2996
5 2084 3067 3313 2997
5 1608 1609 1610 2998
5 2418 2417 2419 2999
5 2246 4378 4420 3000
5 5132 5148 5150 3001
5 2270 2268 3236 3002
5 3340 4401 5168 3003
5 2454 2474 2994 3004
5 4493 3921 4642 3005
5 2262 2877 3339 3006
5 4036 3966 4419 3007
5 633 1540 3727 3008
5 2364 2363 5404 3009
5 1518 1519 1520 3010
5 1216 4262 5264 3011
5 3196 3158 5543 3012
5 2421 2419 2422 3013
5 4371 2325 5733 3014
5 1560 1535 6134 3015
5 2169 1667 3388 3016
5 3821 3824 5953 3017
5 3199 4071 5019 3018
5 942 941 943 3019
5 3359 4138 4237 3020
5 2238 3752 5907 3021
5 2655 4402 4498 3022
5 1757 4080 5453 3023
5 2571 2570 2572 3024
5 2853 2851 3352 3025
5 2569 2568 2570 3026
5 1334 1336 4889 3027
5 4455 1917 4612 3028
5 3752 3754 5906 3029
5 1999 4626 4645 3030
5 1811 2077 5294 3031
5 1327 3477 3560 3032
5 2403 2402 2404 3033
5 1163 1160 1166 3034
5 4268 3209 4893 3035
5 832 902 4817 3036
5 2808 2809 4795 3037
5 3171 3170 6085 3038
5 1374 1343 5835 3039
5 2649 3376 5726 3040
5 3138 5706 5984 3041
5 3663 3661 3672 3042
5 4532 4529 4578 3043
5 2416 2415 2417 3044
5 5052 3968 5711 3045
5 1036 1035 1037 3046
5 2230 2326 2327 3047
5 1688 3653 4837 3048
5 2464 2181 5888 3049
5 1615 1694 5306 3050
5 958 956 959 3051
5 1155 1154 1156 3052
5 1085 1088 3317 3053
5 3828 3976 5550 3054
5 3877 4555 4557 3055
5 2745 4065 5409 3056
5 971 969 3439 3057
5 1327 3560 4087 3058
5 1187 1125 5790 3059
5 3150 1257 3308 3060
5 4202 4200 4211 3061
5 2522 2521 5950 3062
5 3105 5245 5715 3063
5 2308 5270 6132 3064
5 1606 1607 1608 3065
5 1773 1857 5375 3066
5 1097 4254 6060 3067
5 1088 1089 1098 3068
5 1876 1760 4847 3069
5 3192 3186 5519 3070
5 2144 2094 6131 3071
5 4247 4136 5003 3072
5 3690 2997 5515 3073
5 1108 1105 1109 3074
5 2405 2404 2407 3075
5 906 890 907 3076
5 1676 1685 2005 3077
5 1604 1605 1606 3078
5 2414 2413 2415 3079
5 5070 3280 5767 3080
5 842 841 890 3081
5 2290 2291 2932 3082
5 873 872 889 3083
5 2300 3287 3288 3084
5 2343 2657 2968 3085
5 2925 2927 3297 3086
5 1173 4050 4641 3087
5 3856 3838 5995 3088
5 4911 4909 4913 3089
5 847 846 888 3090
5 1850 1849 5970 3091
5 4191 4190 4193 3092
5 868 867 887 3093
5 3677 3687 5823 3094
5 2687 5438 5593 3095
5 5140 3113 5143 3096
5 4369 3004 5758 3097
5 2428 2426 2429 3098
5 4729 4710 5822 3099
5 3314 3067 4983 3100
5 1700 1672 3384 3101
5 3824 3942 5953 3102
5 2847 4075 6139 3103
5 1425 4668 5276 3104
5 852 851 886 3105
5 2145 2144 6131 3106
5 3169 3171 3302 3107
5 863 862 885 3108
5 4032 3907 4033 3109
5 2693 3212 4154 3110
5 2238 3750 5800 3111
5 3467 1248 4964 3112
5 3034 2417 5631 3113
5 3715 5249 5250 3114
5 4462 3842 4477 3115
5 2408 2407 2409 3116
5 1371 3198 3432 3117
5 2347 3209 3210 3118
5 3785 3786 3787 3119
5 857 856 884 3120
5 1952 2086 2277 3121
5 858 401 883 3122
5 1303 1304 1305 3123
5 2731 3311 5303 3124
5 1243 1241 1823 3125
5 1186 1129 3376 3126
5 1270 1271 1272 3127
5 825 824 882 3128
5 818 817 881 3129
5 830 829 880 3130
5 2394 2392 2395 3131
5 813 812 879 3132
5 835 834 878 3133
5 808 807 877 3134
5 400 839 876 3135
5 2412 2411 2413 3136
5 2435 2431 2436 3137
5 1456 1448 1458 3138
5 2430 2429 2431 3139
5 1132 1186 3363 3140
5 1233 1081 3435 3141
5 944 943 945 3142
5 1114 1117 1118 3143
5 968 967 969 3144
5 3259 2869 3260 3145
5 4347 4344 5192 3146
5 920 921 923 3147
5 2445 2446 4223 3148
5 2410 2409 2411 3149
5 905 805 5640 3150
5 2106 2133 2134 3151
5 3308 2458 5511 3152
5 4096 1709 5452 3153
5 2845 3375 4075 3154
5 1534 1533 1535 3155
5 3099 3100 5384 3156
5 4411 3934 4477 3157
5 1003 999 1006 3158
5 4566 4565 5971 3159
5 912 913 3283 3160
5 1228 1230 3403 3161
5 990 989 991 3162
5 4730 4661 4731 3163
5 2347 3210 5693 3164
5 3971 3974 5252 3165
5 1239 1328 3296 3166
5 923 924 925 3167
5 1627 1628 1629 3168
5 1212 1150 3447 3169
5 3779 3780 6061 3170
5 3144 3222 3270 3171
5 2879 2880 2881 3172
5 2269 2270 2960 3173
5 1131 1129 1132 3174
5 2437 2436 2438 3175
5 3344 3345 5300 3176
5 1288 1296 1297 3177
5 2262 2876 2877 3178
5 1201 1200 1202 3179
5 5033 2680 5189 3180
5 2769 4118 5612 3181
5 1479 1477 1489 3182
5 1442 1742 5285 3183
5 983 981 985 3184
5 4753 1928 4873 3185
5 2938 2939 5276 3186
5 1386 5260 6095 3187
5 601 197 5348 3188
5 3285 2825 3537 3189
5 1629 1630 1631 3190
5 2944 1141 4420 3191
5 3277 2051 5610 3192
5 1451 3478 3605 3193
5 2439 2438 2440 3194
5 2846 2845 2847 3195
5 869 868 4944 3196
5 4283 4282 4374 3197
5 3642 1541 4101 3198
5 4476 4411 4477 3199
5 1649 5295 5467 3200
5 3211 2167 3411 3201
5 1214 1245 3550 3202
5 1355 2044 3420 3203
5 2228 2229 2230 3204
5 2071 2073 3312 3205
5 1468 1465 1469 3206
5 1250 1265 1266 3207
5 1547 1527 5289 3208
5 3037 3612 4926 3209
5 3492 2768 4361 3210
5 3409 2836 3576 3211
5 3451 1562 5883 3212
5 3101 3102 3238 3213
5 2441 2440 2442 3214
5 3365 1246 6148 3215
5 2209 2207 2210 3216
5 1815 2098 3388 3217
5 1711 1576 5322 3218
5 1373 1374 1375 3219
5 4559 4568 4573 3220
5 3071 3072 3073 3221
5 1624 1626 1627 3222
5 925 926 927 3223
5 2232 1906 3375 3224
5 2534 2442 2535 3225
5 4899 3986 5826 3226
5 3100 3110 5284 3227
5 1618 1620 6123 3228
5 5049 4381 6025 3229
5 4345 4348 4988 3230
5 3039 2264 3597 3231
5 2848 2847 2849 3232
5 3682 3681 3683 3233
5 5092 5090 5094 3234
5 949 947 3717 3235
5 4192 4176 5056 3236
5 3830 3795 6048 3237
5 1865 1867 5815 3238
5 2776 2203 5370 3239
5 1615 1617 1618 3240
5 3358 2465 4996 3241
5 2536 2535 2537 3242
5 3958 4478 6175 3243
5 2352 2035 3193 3244
5 1305 1306 1307 3245
5 1863 3208 5629 3246
5 1559 1535 1560 3247
5 3239 2701 3240 3248
5 2349 1901 3419 3249
5 1474 1475 1476 3250
5 2540 2539 2541 3251
5 2040 4952 5256 3252
5 844 843 892 3253
5 2259 3682 3685 3254
5 871 870 893 3255
5 2018 2163 2290 3256
5 3546 2294 5853 3257
5 2226 3393 3394 3258
5 2538 2537 2539 3259
5 2013 5854 6114 3260
5 3408 936 5829 3261
5 849 848 894 3262
5 3366 2452 4521 3263
5 866 865 895 3264
5 4106 4156 4962 3265
5 4453 4454 4755 3266
5 2422 2964 5226 3267
5 3239 1140 5234 3268
5 3217 3353 4485 3269
5 2396 2392 5350 3270
5 3176 954 5676 3271
5 2916 2921 3326 3272
5 1762 1758 3012 3273
5 854 853 896 3274
5 861 860 897 3275
5 1280 1282 3471 3276
5 1272 1273 1274 3277
5 403 891 3465 3278
5 3622 3628 5621 3279
5 5246 4029 5247 3280
5 822 402 898 3281
5 821 820 899 3282
5 4551 4550 4553 3283
5 3821 3823 3824 3284
5 4578 4530 4598 3285
5 3807 3809 5869 3286
5 827 826 900 3287
5 816 815 901 3288
5 832 831 902 3289
5 811 810 903 3290
5 837 836 904 3291
5 806 805 905 3292
5 1622 1623 1624 3293
5 3264 2737 4946 3294
5 2979 2344 3085 3295
5 2417 2415 5631 3296
5 2098 2340 2445 3297
5 728 1451 3605 3298
5 2121 2118 5145 3299
5 4661 4660 4732 3300
5 1964 2268 2269 3301
5 2706 3085 6063 3302
5 3128 4508 5430 3303
5 4039 5218 6073 3304
5 1068 1077 1979 3305
5 1226 1228 3477 3306
5 3766 5809 5811 3307
5 2514 2513 5998 3308
5 4667 1771 4720 3309
5 4338 4394 4812 3310
5 3613 3362 5974 3311
5 900 826 4328 3312
5 1455 3411 4967 3313
5 3316 2827 4806 3314
5 3177 2810 5302 3315
5 3853 4754 5200 3316
5 3215 3364 3365 3317
5 3515 3030 3516 3318
5 1197 1196 1198 3319
5 3827 3799 4215 3320
5 4210 3939 6103 3321
5 2695 2696 5398 3322
5 2289 3441 3458 3323
5 3119 2167 3211 3324
5 5764 2939 5915 3325
5 403 875 891 3326
5 1507 3368 4456 3327
5 1133 1132 1134 3328
5 3527 3073 4628 3329
5 1300 1302 1303 3330
5 5198 5533 5744 3331
5 4070 1632 5414 3332
5 3178 922 3179 3333
5 4869 1489 5729 3334
5 1776 4041 4492 3335
5 4583 4580 5184 3336
5 1921 1920 1922 3337
5 3302 3171 5551 3338
5 4610 4661 4730 3339
5 4838 3878 4898 3340
5 3787 3789 3790 3341
5 1097 3717 4254 3342
5 3930 4424 5457 3343
5 4655 1117 5670 3344
5 890 841 3464 3345
5 4543 4552 4685 3346
5 3493 1482 5301 3347
5 4384 4285 5046 3348
5 2575 2573 2576 3349
5 1063 1060 3192 3350
5 2738 3264 3362 3351
5 2472 2471 5937 3352
5 2081 2107 2109 3353
5 3125 4829 5329 3354
5 2978 3577 5534 3355
5 2277 3201 3202 3356
5 3961 3859 5875 3357
5 2105 5161 5757 3358
5 4802 4801 5079 3359
5 3117 4155 4249 3360
5 1620 1621 1622 3361
5 3376 1127 5726 3362
5 833 4817 5696 3363
5 2943 1797 5319 3364
5 1203 1202 1204 3365
5 2953 3725 4141 3366
5 2034 2452 3366 3367
5 2476 1754 5453 3368
5 2073 2323 2343 3369
5 4702 3959 5911 3370
5 3851 4463 4590 3371
5 2424 2422 5226 3372
5 1104 1102 3223 3373
5 2845 2232 3375 3374
5 927 928 929 3375
5 3617 1433 5615 3376
5 2932 3417 3418 3377
5 1297 3158 3196 3378
5 1241 1239 3296 3379
5 2916 2917 2918 3380
5 2881 2882 2883 3381
5 3441 1082 5672 3382
5 2991 4233 5760 3383
5 1118 1120 1121 3384
5 1158 1156 3121 3385
5 1838 1839 1840 3386
5 2032 2130 2890 3387
5 2501 162 5151 3388
5 3686 1990 5734 3389
5 1069 1063 5519 3390
5 4387 4198 5427 3391
5 3432 3198 3598 3392
5 5748 3302 6086 3393
5 2545 2991 5760 3394
5 3157 2906 3347 3395
5 5131 2490 5609 3396
5 2604 1700 3384 3397
5 2850 2849 2851 3398
5 2308 1749 4842 3399
5 513 1776 4492 3400
5 2879 2881 3360 3401
5 3010 5583 5969 3402
5 1618 1619 1620 3403
5 1912 1560 1913 3404
5 2728 4412 4979 3405
5 3292 3540 3590 3406
5 1095 1083 3459 3407
5 2491 2487 5751 3408
5 3066 2835 5639 3409
5 4048 3850 4480 3410
5 1098 1099 1219 3411
5 4432 4431 5493 3412
5 1680 4255 5509 3413
5 1873 3092 5677 3414
5 1832 3287 4120 3415
5 992 991 993 3416
5 3141 4490 5323 3417
5 1169 1168 1170 3418
5 4009 4008 4010 3419
5 4315 4317 5310 3420
5 4024 4026 5205 3421
5 1801 1737 1802 3422
5 1012 1011 1013 3423
5 1266 2223 3191 3424
5 4508 1381 5430 3425
5 3250 2981 4727 3426
5 1300 1303 3449 3427
5 2357 3084 4715 3428
5 2520 2519 6030 3429
5 2844 2232 2845 3430
5 1046 1041 3393 3431
5 1394 1396 1397 3432
5 946 945 947 3433
5 3131 3250 5921 3434
5 3207 2457 5797 3435
5 1988 3331 3598 3436
5 1733 1735 6125 3437
5 3236 2268 3237 3438
5 2320 2322 3430 3439
5 3309 2946 5467 3440
5 900 3303 3587 3441
5 4327 3533 4494 3442
5 2322 2677 2912 3443
5 3824 3835 3836 3444
5 3659 4692 4788 3445
5 4795 1966 5335 3446
5 1520 2021 3455 3447
5 4455 4612 4613 3448
5 2757 3596 5282 3449
5 2027 3366 3504 3450
5 1702 1700 2604 3451
5 3234 2169 3388 3452
5 885 3490 3491 3453
5 5067 3199 5643 3454
5 4001 4000 4002 3455
5 1048 1046 2226 3456
5 2020 2080 2081 3457
5 1365 1307 5541 3458
5 3455 3235 5026 3459
5 929 930 932 3460
5 932 933 934 3461
5 970 969 971 3462
5 3205 2739 3616 3463
5 1224 1225 1226 3464
5 1640 3473 4076 3465
5 2660 3433 5534 3466
5 3084 3452 4761 3467
5 1898 2149 2150 3468
5 2393 3157 3474 3469
5 1352 3646 4725 3470
5 4754 4593 5200 3471
5 1887 1251 3364 3472
5 1673 1676 3654 3473
5 3276 1816 5741 3474
5 2445 3234 3388 3475
5 3261 4371 5733 3476
5 2250 3271 3444 3477
5 3905 3867 5956 3478
5 3927 3809 6174 3479
5 2918 2919 2920 3480
5 3701 2606 3702 3481
5 2454 2994 4521 3482
5 3127 3128 5430 3483
5 4126 3450 5303 3484
5 3211 2748 4850 3485
5 3265 864 3486 3486
5 3258 3273 5999 3487
5 1917 4455 4646 3488
5 3665 3663 3666 3489
5 3659 4484 4692 3490
5 2254 2280 2281 3491
5 2769 2597 5590 3492
5 2226 1046 3393 3493
5 2300 2301 2989 3494
5 3544 3006 5470 3495
5 2470 2285 4963 3496
5 3917 4346 4814 3497
5 2287 2160 3068 3498
5 2521 2520 6030 3499
5 4709 4632 4710 3500
5 4917 4909 5944 3501
5 3725 845 4141 3502
5 2099 2286 3392 3503
5 3263 3140 3462 3504
5 3128 3000 3415 3505
5 2010 2299 2300 3506
5 1079 1094 1220 3507
5 1590 1822 5165 3508
5 1834 1836 1838 3509
5 1370 2018 3440 3510
5 2883 2884 2885 3511
5 2126 2674 3461 3512
5 1307 1308 1309 3513
5 1121 1122 1123 3514
5 3446 3095 4810 3515
5 1111 1109 1112 3516
5 1435 1438 3596 3517
5 1309 1863 5541 3518
5 2531 3321 3461 3519
5 4997 3335 6154 3520
5 397 800 2212 3521
5 3622 1545 3628 3522
5 2134 2224 2225 3523
5 5138 5139 5140 3524
5 2861 3445 5644 3525
5 3757 4474 4475 3526
5 1072 3396 3589 3527
5 4534 3873 6127 3528
5 5256 3973 5719 3529
5 3060 3101 4987 3530
5 1407 1411 1412 3531
5 3117 3013 5885 3532
5 3530 4137 4219 3533
5 2359 3050 3452 3534
5 2619 2617 3409 3535
5 3193 2035 5723 3536
5 1041 1037 1053 3537
5 2720 3714 5250 3538
5 2507 157 5244 3539
5 958 959 960 3540
5 2913 2915 2916 3541
5 3937 4048 4480 3542
5 981 977 3272 3543
5 3873 4534 4536 3544
5 1143 1144 1145 3545
5 1179 4593 4754 3546
5 2342 3764 6033 3547
5 3126 1877 3397 3548
5 1243 1823 1989 3549
5 5242 5124 5587 3550
5 2198 2197 2199 3551
5 1221 1224 3367 3552
5 2947 3316 4506 3553
5 1861 1976 2105 3554
5 3476 3368 4877 3555
5 3670 3669 5720 3556
5 1471 1469 1472 3557
5 3790 3791 3792 3558
5 4338 4352 4394 3559
5 4028 2832 5786 3560
5 3073 3074 3076 3561
5 3730 4981 4982 3562
5 2672 3115 5296 3563
5 1584 1586 4054 3564
5 5623 5074 5868 3565
5 3563 902 4991 3566
5 1268 1267 1269 3567
5 2006 2008 2009 3568
5 1877 1795 3397 3569
5 3012 3305 4783 3570
5 2479 4040 5525 3571
5 2515 2514 5998 3572
5 3964 3941 5982 3573
5 1226 1227 1228 3574
5 2202 2199 2203 3575
5 2173 1965 3495 3576
5 3541 3234 4223 3577
5 3318 2674 3422 3578
5 2193 2192 2194 3579
5 3840 3943 5995 3580
5 2206 2205 2207 3581
5 1266 1265 1267 3582
5 3673 3670 3674 3583
5 4197 4181 4380 3584
5 2242 2243 3224 3585
5 1840 1841 1885 3586
5 1278 1279 1280 3587
5 4708 4838 4898 3588
5 1221 1223 1224 3589
5 1989 2099 2264 3590
5 2851 3241 3352 3591
5 2277 2086 2793 3592
5 3320 904 4248 3593
5 2646 2523 6138 3594
5 2562 3488 5059 3595
5 1715 3123 3383 3596
5 2044 2047 3420 3597
5 3200 4680 5225 3598
5 1123 1125 1126 3599
5 948 947 949 3600
5 4907 2114 5990 3601
5 3540 3291 5454 3602
5 3292 3291 3540 3603
5 906 907 3620 3604
5 1074 1067 2294 3605
5 4160 1639 5824 3606
5 1299 1298 1300 3607
5 2693 4154 4893 3608
5 1309 1310 1311 3609
5 2150 2151 2152 3610
5 1586 1800 6109 3611
5 1622 1624 6067 3612
5 4045 5382 5892 3613
5 1397 1402 1403 3614
5 2809 3063 3065 3615
5 3957 3861 3988 3616
5 2445 2340 2446 3617
5 2114 2113 5990 3618
5 1280 1281 1282 3619
5 3945 3947 3948 3620
5 2225 2224 5394 3621
5 2517 5082 6153 3622
5 1135 1134 1136 3623
5 1508 3361 6158 3624
5 934 935 938 3625
5 1908 1786 1909 3626
5 4604 4605 6126 3627
5 4213 2312 5344 3628
5 1297 1296 1298 3629
5 2932 2291 3417 3630
5 1270 1272 5013 3631
5 1179 4591 4593 3632
5 4627 2526 6107 3633
5 960 961 962 3634
5 3137 3536 6164 3635
5 2379 3232 3427 3636
5 2446 2448 3344 3637
5 2920 2922 2923 3638
5 3772 3773 3774 3639
5 3098 2935 5772 3640
5 2196 2194 2197 3641
5 4635 4636 5633 3642
5 2999 2997 3690 3643
5 2827 3316 5229 3644
5 1062 1060 1063 3645
5 2389 2388 2390 3646
5 5300 3345 5618 3647
5 4642 1788 4784 3648
5 2387 2386 2388 3649
5 1819 1602 5399 3650
5 1337 4417 4489 3651
5 2290 2163 2291 3652
5 2098 2445 3388 3653
5 3912 4592 5450 3654
5 1679 3339 4263 3655
5 2045 2043 3407 3656
5 1596 1598 5960 3657
5 1275 1277 1278 3658
5 911 910 3285 3659
5 2612 2222 2613 3660
5 945 1028 3472 3661
5 3914 3916 4042 3662
5 1230 1321 3403 3663
5 2314 5421 6132 3664
5 2638 2934 5537 3665
5 3744 3746 4509 3666
5 3259 3260 4787 3667
5 2452 2453 2454 3668
5 5565 3770 5566 3669
5 1092 1081 1233 3670
5 2164 3274 4767 3671
5 4650 2976 6104 3672
5 1247 1246 1251 3673
5 2355 2356 2357 3674
5 3418 5798 5954 3675
5 2688 2045 3407 3676
5 3795 3797 6048 3677
5 4222 3627 4900 3678
5 2614 2613 2615 3679
5 1320 3040 5795 3680
5 2281 2282 2283 3681
5 2293 2626 4334 3682
5 2385 2384 2386 3683
5 3071 3069 3072 3684
5 2885 2886 2887 3685
5 2431 2645 4712 3686
5 3990 3991 3992 3687
5 3001 1913 5403 3688
5 3119 2038 5642 3689
5 1084 1259 3396 3690
5 3090 3331 3332 3691
5 1331 1338 5687 3692
5 3256 898 5664 3693
5 4752 3992 4891 3694
5 2565 2563 5573 3695
5 1733 1734 1735 3696
5 3270 3222 3426 3697
5 3185 1086 5943 3698
5 2179 2177 2180 3699
5 2357 2358 2359 3700
5 2381 2378 2382 3701
5 1126 1127 1128 3702
5 4363 3962 5821 3703
5 2027 2034 3366 3704
5 3209 2693 4893 3705
5 3529 1979 5948 3706
5 1546 3624 3625 3707
5 3692 3690 5515 3708
5 4654 1188 5436 3709
5 3230 2171 3231 3710
5 950 949 951 3711
5 4128 3011 4130 3712
5 3910 3912 3988 3713
5 3982 3899 4021 3714
5 915 914 3377 3715
5 2034 2451 2452 3716
5 4700 3391 4919 3717
5 3390 1994 3604 3718
5 1003 1006 1007 3719
5 2647 2646 6138 3720
5 3895 4316 6129 3721
5 2877 2876 2878 3722
5 1071 1055 1246 3723
5 1205 1206 1207 3724
5 2998 4709 4733 3725
5 1270 1269 1271 3726
5 2789 3242 4090 3727
5 2616 2615 2617 3728
5 1282 1283 1284 3729
5 1311 1312 1315 3730
5 4044 3936 4481 3731
5 5298 2860 5599 3732
5 3894 3983 3984 3733
5 2038 3119 5302 3734
5 3407 2043 3586 3735
5 1323 2289 3458 3736
5 2921 3233 3469 3737
5 983 985 986 3738
5 3792 3794 3795 3739
5 2749 3447 5620 3740
5 2288 4327 4494 3741
5 1424 1426 1430 3742
5 969 1039 3439 3743
5 1885 1893 2298 3744
5 5161 3047 5757 3745
5 1087 1085 3317 3746
5 1228 1229 1230 3747
5 4186 5223 5314 3748
5 3294 3292 3590 3749
5 2490 5131 5147 3750
5 2852 2851 2853 3751
5 1252 1251 1361 3752
5 1739 5819 5952 3753
5 3999 3998 4000 3754
5 1322 3452 5389 3755
5 4804 4803 4805 3756
5 4070 5414 5965 3757
5 2623 3464 3465 3758
5 3895 4358 4894 3759
5 2383 2382 2384 3760
5 4974 2757 5282 3761
5 2835 2834 3511 3762
5 4913 4909 4917 3763
5 5107 5110 5130 3764
5 1582 1814 5307 3765
5 2887 2888 2905 3766
5 2161 3518 5544 3767
5 3825 3821 5953 3768
5 2807 4839 5698 3769
5 2698 2839 2840 3770
5 2978 5224 5894 3771
5 3703 3702 3760 3772
5 3842 4462 4510 3773
5 1490 1489 1491 3774
5 1238 1237 1239 3775
5 2454 2473 2474 3776
5 3084 4761 4876 3777
5 1138 1136 1139 3778
5 2047 2276 2355 3779
5 2037 2444 2660 3780
5 5332 2096 5730 3781
5 4030 3872 5432 3782
5 2932 3418 5954 3783
5 3169 3302 5748 3784
5 2963 2270 3236 3785
5 3549 869 4944 3786
5 5623 1819 5655 3787
5 2516 2515 6039 3788
5 2835 3066 5236 3789
5 1236 1234 1237 3790
5 2770 3163 6078 3791
5 3166 2862 3413 3792
5 1103 1105 1108 3793
5 4855 3776 6072 3794
5 5421 2313 6132 3795
5 1049 3268 3509 3796
5 5006 1978 5007 3797
5 4598 2831 4599 3798
5 2107 3685 5445 3799
5 2909 2929 4707 3800
5 2998 4636 4709 3801
5 2243 5240 6031 3802
5 4864 2828 5928 3803
5 5592 1317 5832 3804
5 842 890 906 3805
5 4312 4311 4314 3806
5 2563 3099 5573 3807
5 2251 2347 4499 3808
5 889 872 3483 3809
5 1007 1008 1010 3810
5 4226 4404 4405 3811
5 3133 3509 3510 3812
5 994 993 995 3813
5 5347 2111 5679 3814
5 4304 4467 4482 3815
5 5492 4437 5493 3816
5 3321 2126 3461 3817
5 2617 2836 3409 3818
5 986 987 988 3819
5 2191 2190 2192 3820
5 3762 4259 4299 3821
5 1303 1302 1304 3822
5 1177 1170 1178 3823
5 1882 3258 3655 3824
5 972 971 973 3825
5 1315 1316 1345 3826
5 2618 2617 2619 3827
5 3347 4060 6106 3828
5 2458 3251 4995 3829
5 2196 2778 5255 3830
5 2923 2924 2925 3831
5 4826 4289 5555 3832
5 4533 3928 5683 3833
5 1853 1852 1854 3834
5 2359 2360 3050 3835
5 847 888 3484 3836
5 3231 2604 6043 3837
5 5421 5271 5718 3838
5 3934 4867 6149 3839
5 962 963 964 3840
5 3216 2853 3217 3841
5 838 3320 5702 3842
5 2666 3096 4958 3843
5 2477 4765 6105 3844
5 1492 1496 4947 3845
5 2955 2565 5573 3846
5 885 862 3490 3847
5 1305 1304 1306 3848
5 1284 1285 1286 3849
5 1521 1525 2957 3850
5 1137 3275 5326 3851
5 873 889 3568 3852
5 3380 1643 5885 3853
5 2474 2620 3558 3854
5 5177 3656 5472 3855
5 852 886 3489 3856
5 910 2623 2825 3857
5 2879 2878 2880 3858
5 938 939 940 3859
5 1010 1011 1012 3860
5 4199 4195 5838 3861
5 3765 4937 5213 3862
5 3795 3796 3797 3863
5 2492 2491 5958 3864
5 4880 4879 4922 3865
5 4498 4402 5446 3866
5 2804 3350 4845 3867
5 2047 2355 3420 3868
5 1146 1148 5620 3869
5 2526 4627 5444 3870
5 1381 4780 5430 3871
5 1795 1095 3459 3872
5 2400 2397 5912 3873
5 3336 1694 5336 3874
5 2925 2926 2927 3875
5 2147 3155 3156 3876
5 881 817 3500 3877
5 3040 5330 5795 3878
5 879 812 3502 3879
5 1072 1084 3396 3880
5 1230 1231 1232 3881
5 2991 3134 5787 3882
5 883 401 3499 3883
5 5337 2512 5602 3884
5 1544 1709 1820 3885
5 3396 2818 5535 3886
5 2424 2816 5899 3887
5 5069 2433 5076 3888
5 830 880 3501 3889
5 4348 4347 4350 3890
5 835 878 3503 3891
5 1084 1096 1259 3892
5 1075 1069 1085 3893
5 2322 2912 3430 3894
5 1220 1221 3367 3895
5 4046 1180 4047 3896
5 1033 1035 1036 3897
5 1272 1271 1273 3898
5 2912 2677 2913 3899
5 940 941 942 3900
5 884 3256 5664 3901
5 2369 2368 2370 3902
5 1375 1377 1378 3903
5 952 951 953 3904
5 2558 2556 5962 3905
5 1392 1394 3368 3906
5 2474 2475 2620 3907
5 2501 5116 5263 3908
5 2264 3392 3597 3909
5 2426 2424 5899 3910
5 3281 2504 5895 3911
5 4710 4632 5822 3912
5 3797 3798 3799 3913
5 5604 5081 5685 3914
5 4347 5192 5381 3915
5 3469 4488 6163 3916
5 1412 1413 1414 3917
5 1240 1239 1241 3918
5 1594 1812 5767 3919
5 1638 3709 5539 3920
5 3974 3975 3990 3921
5 3634 5494 5832 3922
5 1925 3243 3457 3923
5 3746 4475 4509 3924
5 2622 2491 5751 3925
5 3146 2839 4860 3926
5 2037 2660 3577 3927
5 2905 3168 3169 3928
5 3799 3800 3802 3929
5 1220 1094 1221 3930
5 1963 1877 3126 3931
5 4353 3883 5309 3932
5 2128 1901 2349 3933
5 2844 2845 2846 3934
5 3558 2620 4816 3935
5 1270 5013 5529 3936
5 964 965 966 3937
5 2485 2121 5918 3938
5 3522 1184 4273 3939
5 3214 2245 3215 3940
5 1353 1256 1363 3941
5 3479 4588 5350 3942
5 942 943 944 3943
5 1384 1379 1385 3944
5 2986 5295 5600 3945
5 4378 4377 5791 3946
5 1064 1063 1069 3947
5 152 555 5606 3948
5 4299 1401 5510 3949
5 2689 2688 2690 3950
5 1787 3353 4275 3951
5 3163 2769 5612 3952
5 2846 2847 2848 3953
5 4757 2011 4758 3954
5 3680 2259 5671 3955
5 3049 3146 5372 3956
5 4057 4058 5291 3957
5 1345 1346 1347 3958
5 4536 4537 4538 3959
5 3553 2728 4979 3960
5 1127 1187 5726 3961
5 2624 3117 3525 3962
5 2517 2516 6039 3963
5 1792 1291 2729 3964
5 2554 3151 3644 3965
5 3538 1317 5592 3966
5 3355 823 6019 3967
5 2820 3324 5922 3968
5 1797 1622 6067 3969
5 806 905 3468 3970
5 2527 4799 4800 3971
5 3344 2448 3345 3972
5 2018 2290 3440 3973
5 2918 2917 2919 3974
5 3793 4447 4469 3975
5 2916 2915 2917 3976
5 892 843 906 3977
5 871 893 3483 3978
5 1963 3399 3572 3979
5 1014 1013 1015 3980
5 3677 3670 3687 3981
5 3297 2927 3404 3982
5 4909 4908 5944 3983
5 4198 2309 5422 3984
5 3675 4514 5167 3985
5 966 967 968 3986
5 3420 2355 4715 3987
5 988 989 990 3988
5 2691 2690 2971 3989
5 2997 4733 5515 3990
5 3590 1161 4868 3991
5 3027 3512 3513 3992
5 395 798 4934 3993
5 3084 2359 3452 3994
5 3397 1795 3459 3995
5 5102 2752 5103 3996
5 1742 2055 2056 3997
5 1274 1273 1275 3998
5 3802 3803 3807 3999
5 1977 3168 5817 4000
5 1211 3315 4933 4001
5 1910 1909 1911 4002
5 894 848 3484 4003
5 1859 1354 2318 4004
5 5357 2749 5620 4005
5 4438 4439 5708 4006
5 2487 3054 5332 4007
5 5365 3901 5382 4008
5 3807 3808 3809 4009
5 2840 3146 5293 4010
5 2048 2045 2688 4011
5 1364 1363 1964 4012
5 4376 3810 5831 4013
5 861 897 3490 4014
5 3770 3769 5566 4015
5 3780 3781 3782 4016
5 2139 3253 4833 4017
5 953 951 4828 4018
5 1259 1664 5009 4019
5 2804 2593 2858 4020
5 896 853 3489 4021
5 5449 2815 5899 4022
5 4129 3083 5168 4023
5 840 403 3465 4024
5 3399 2892 3400 4025
5 3822 3807 5869 4026
5 3430 2912 5231 4027
5 3809 3817 3818 4028
5 2620 2650 2651 4029
5 1030 2354 4281 4030
5 3882 3876 3884 4031
5 1327 1226 3477 4032
5 816 901 3500 4033
5 811 903 3502 4034
5 1259 1260 1664 4035
5 1608 1610 5549 4036
5 1224 1223 1225 4037
5 2183 2182 2184 4038
5 3715 3731 5249 4039
5 2056 2057 2058 4040
5 916 917 4777 4041
5 3697 3700 3733 4042
5 2375 2374 2376 4043
5 5563 1807 5565 4044
5 3254 5778 5779 4045
5 821 899 3499 4046
5 2975 5051 5241 4047
5 902 831 3501 4048
5 904 836 3503 4049
5 4433 4434 4436 4050
5 4184 4187 4189 4051
5 2547 2545 5760 4052
5 1430 1431 1435 4053
5 974 973 975 4054
5 1541 3642 4366 4055
5 4607 4610 4711 4056
5 4386 4317 5831 4057
5 2881 2880 2882 4058
5 2371 2370 2372 4059
5 2627 1551 4984 4060
5 5103 5127 5128 4061
5 2848 2849 2850 4062
5 2373 2372 2374 4063
5 1347 1348 1842 4064
5 3261 912 4371 4065
5 1927 1990 5936 4066
5 4048 4047 5443 4067
5 4046 4048 5366 4068
5 3090 3332 3460 4069
5 2185 2184 2186 4070
5 1350 3558 4816 4071
5 4351 4285 4384 4072
5 4817 3564 5696 4073
5 3462 2123 4388 4074
5 1692 2320 3542 4075
5 3982 4021 6111 4076
5 990 991 992 4077
5 4115 3473 5257 4078
5 2310 4380 4968 4079
5 3607 3311 3608 4080
5 3682 3683 4431 4081
5 3257 2629 3330 4082
5 1323 1360 2289 4083
5 1282 1371 3471 4084
5 2005 1685 2006 4085
5 4411 4476 4511 4086
5 4281 2354 4485 4087
5 2318 1354 3480 4088
5 2798 2756 3005 4089
5 1226 1225 1227 4090
5 3169 3170 3171 4091
5 1145 1146 1147 4092
5 3937 3913 3978 4093
5 1307 1306 1308 4094
5 4182 4183 4184 4095
5 1492 1491 1493 4096
5 3918 4826 5634 4097
5 2098 2339 2340 4098
5 2954 4916 5379 4099
5 881 3500 4975 4100
5 1665 1667 2169 4101
5 2254 2252 2280 4102
5 5271 3833 5718 4103
5 4463 3851 4639 4104
5 2446 2447 2448 4105
5 2291 2293 3417 4106
5 819 818 3636 4107
5 4312 4416 4417 4108
5 4211 4200 4519 4109
5 3411 1741 4967 4110
5 1232 1249 1250 4111
5 1286 1287 1288 4112
5 4427 4350 5986 4113
5 1092 1233 1234 4114
5 2365 2364 2366 4115
5 1361 1888 1947 4116
5 4172 4170 4854 4117
5 3394 3393 3487 4118
5 3076 3546 3547 4119
5 1815 2097 2098 4120
5 2009 2008 2010 4121
5 2634 2632 2635 4122
5 968 969 970 4123
5 2972 2971 3044 4124
5 3071 3073 3527 4125
5 1299 1300 3449 4126
5 2123 3462 5323 4127
5 1242 1241 1243 4128
5 5105 5106 5123 4129
5 3023 3027 5901 4130
5 2300 2299 2301 4131
5 2920 2919 2922 4132
5 3253 3137 4833 4133
5 4374 4282 4400 4134
5 2181 2180 2182 4135
5 1448 1444 5750 4136
5 1113 1112 1114 4137
5 919 918 4992 4138
5 3402 4146 5714 4139
5 3240 3438 4331 4140
5 1517 3301 5579 4141
5 4550 4738 5287 4142
5 2187 2186 2188 4143
5 2452 2451 2453 4144
5 2100 2750 2751 4145
5 5132 5147 5148 4146
5 1258 1219 1352 4147
5 3229 3230 4272 4148
5 5088 5089 5092 4149
5 3519 3520 5673 4150
5 3959 5201 5865 4151
5 1370 2017 2018 4152
5 2064 1973 2176 4153
5 2432 5068 5868 4154
5 891 875 3569 4155
5 1340 5397 5835 4156
5 2957 1525 5018 4157
5 2568 2565 5929 4158
5 1882 2662 3258 4159
5 1574 1572 1575 4160
5 2612 2613 2614 4161
5 4542 4543 4545 4162
5 3751 2238 5907 4163
5 1937 1818 1938 4164
5 3073 3072 3074 4165
5 1645 2684 3279 4166
5 1678 1029 4068 4167
5 2150 2149 2151 4168
5 2712 2715 2716 4169
5 5103 5105 5123 4170
5 3950 3944 3961 4171
5 1414 1418 1419 4172
5 1016 1015 1017 4173
5 5057 1933 5492 4174
5 3981 3950 5794 4175
5 3212 3089 5496 4176
5 2104 2102 2456 4177
5 2241 3306 4676 4178
5 3577 2660 5534 4179
5 2018 2162 2163 4180
5 4134 1066 4391 4181
5 1848 5125 5501 4182
5 877 807 3468 4183
5 2457 2456 2700 4184
5 2023 2122 2257 4185
5 4610 1175 4711 4186
5 1842 1843 1952 4187
5 944 945 946 4188
5 3691 4027 5401 4189
5 4538 4539 4542 4190
5 4315 4314 4316 4191
5 3403 1321 5034 4192
5 3683 4873 4874 4193
5 1278 1277 1279 4194
5 3279 3334 3335 4195
5 2883 2882 2884 4196
5 5028 2897 5299 4197
5 3654 2005 5426 4198
5 3278 3415 5393 4199
5 1280 1279 1281 4200
5 2614 2615 2616 4201
5 1147 1150 1151 4202
5 3608 3311 5887 4203
5 2454 2453 2473 4204
5 4180 4181 4182 4205
5 3906 4032 4848 4206
5 1245 2100 3550 4207
5 3015 2264 3039 4208
5 3576 2836 4089 4209
5 1030 1044 2354 4210
5 3764 3767 3768 4211
5 5121 5085 5863 4212
5 3389 2663 5164 4213
5 3638 2722 6057 4214
5 4805 1713 5801 4215
5 2291 2292 2293 4216
5 3028 4919 5901 4217
5 1366 1352 1948 4218
5 3612 3037 4895 4219
5 1936 2050 2051 4220
5 1163 1166 1167 4221
5 4143 3099 5613 4222
5 1515 1509 2837 4223
5 1189 1191 1192 4224
5 1861 2105 3351 4225
5 2616 2617 2618 4226
5 4533 3873 5538 4227
5 2172 1965 2173 4228
5 1049 3509 5356 4229
5 2700 2456 3433 4230
5 3256 884 4678 4231
5 4383 1896 5173 4232
5 5133 5135 5136 4233
5 1208 1206 4769 4234
5 2109 2112 2113 4235
5 2357 2356 2358 4236
5 2892 2891 3548 4237
5 2355 2276 2356 4238
5 2141 1703 3518 4239
5 1236 1237 1238 4240
5 3072 3069 3573 4241
5 1282 1281 1283 4242
5 1341 5396 5397 4243
5 3491 2339 6167 4244
5 3225 3078 5952 4245
5 3341 2480 5077 4246
5 1838 1836 1839 4247
5 2456 2102 3705 4248
5 2815 2426 5899 4249
5 2001 1948 2139 4250
5 1142 1139 1143 4251
5 5395 5396 5933 4252
5 3272 2472 5937 4253
5 2720 3162 3714 4254
5 5242 2507 5244 4255
5 1806 4566 5039 4256
5 5165 1822 5171 4257
5 3175 2673 3481 4258
5 1309 1308 1310 4259
5 3630 2272 6056 4260
5 2214 2215 5800 4261
5 2595 2597 2598 4262
5 2951 2155 2952 4263
5 3749 3748 3751 4264
5 898 3255 4863 4265
5 2700 3559 5797 4266
5 1228 1227 1229 4267
5 3552 3126 6041 4268
5 3090 2283 3331 4269
5 3350 2857 4266 4270
5 4189 4190 4191 4271
5 4738 4548 4898 4272
5 4710 4729 4731 4273
5 2359 2358 2360 4274
5 2281 2280 2282 4275
5 2293 2625 2626 4276
5 2111 5347 5348 4277
5 2887 2905 3526 4278
5 4218 4214 4370 4279
5 4308 4309 4318 4280
5 820 819 4333 4281
5 2226 3365 6148 4282
5 3484 888 3485 4283
5 2815 5449 5487 4284
5 4176 4854 5616 4285
5 1325 1244 3740 4286
5 1694 1618 6123 4287
5 1157 1156 1158 4288
5 2068 1693 2449 4289
5 3410 2325 4371 4290
5 2618 2619 2807 4291
5 4033 3907 4034 4292
5 910 908 2623 4293
5 1107 3505 6059 4294
5 2912 3326 6037 4295
5 1250 1264 1265 4296
5 3485 888 5961 4297
5 2519 2518 6153 4298
5 2087 2325 3410 4299
5 5436 1199 5571 4300
5 4317 4316 4894 4301
5 2003 1911 2004 4302
5 2115 2114 2116 4303
5 1524 1522 1526 4304
5 1923 1922 1924 4305
5 2211 2214 5800 4306
5 1128 1129 1131 4307
5 4563 4560 4564 4308
5 1311 1310 1312 4309
5 1998 3204 3528 4310
5 1775 4464 6111 4311
5 1809 4567 4572 4312
5 2185 3358 4996 4313
5 3250 3133 3551 4314
5 2928 5058 5738 4315
5 1071 1246 1247 4316
5 1238 1239 1240 4317
5 4378 2944 4420 4318
5 1952 1953 2086 4319
5 4219 1552 5876 4320
5 5439 5313 5440 4321
5 3749 3751 6171 4322
5 2955 5557 5929 4323
5 3354 2483 5486 4324
5 5046 4293 5939 4325
5 984 3453 4483 4326
5 1963 3126 3398 4327
5 2952 2155 4103 4328
5 3287 2989 4120 4329
5 2080 5199 5485 4330
5 2518 2517 6153 4331
5 2320 2321 2322 4332
5 2509 2513 2514 4333
5 3987 3872 4030 4334
5 2923 2922 2924 4335
5 1057 1060 1062 4336
5 1193 4886 5160 4337
5 1288 1295 1296 4338
5 1343 1340 5835 4339
5 2474 2473 2475 4340
5 2626 2811 2812 4341
5 1382 4807 5077 4342
5 2793 3283 5645 4343
5 4375 1386 6095 4344
5 2850 2851 2852 4345
5 4958 2157 5239 4346
5 3488 2562 5766 4347
5 2058 2079 2247 4348
5 4619 2607 5358 4349
5 2487 2491 2492 4350
5 3248 2806 3553 4351
5 1487 1485 1517 4352
5 2921 3469 6163 4353
5 1268 1270 5529 4354
5 1460 1463 1464 4355
5 2885 2884 2886 4356
5 3141 3143 3144 4357
5 1473 1472 1474 4358
5 946 947 948 4359
5 4308 4307 4309 4360
5 3164 2828 4864 4361
5 1027 1022 5980 4362
5 4906 2652 4907 4363
5 2449 1693 4100 4364
5 1284 1283 1285 4365
5 1561 3516 4298 4366
5 3039 3597 5206 4367
5 3511 2609 5639 4368
5 1676 2005 3654 4369
5 2994 3558 4741 4370
5 1488 1510 2164 4371
5 3941 3885 5982 4372
5 1820 1821 2035 4373
5 5355 3066 5639 4374
5 3147 3148 3149 4375
5 1324 1244 1325 4376
5 2656 2028 2841 4377
5 1362 2029 3453 4378
5 1230 1229 1231 4379
5 4052 3325 5615 4380
5 3677 4322 4323 4381
5 3983 3894 5345 4382
5 1114 1118 3438 4383
5 4976 2907 5636 4384
5 1692 2059 2320 4385
5 1039 3333 4095 4386
5 3226 2883 6016 4387
5 1087 3317 3318 4388
5 3518 1703 4505 4389
5 5086 2529 6039 4390
5 2322 2676 2677 4391
5 4464 5858 6111 4392
5 1840 1839 1841 4393
5 4096 5065 5909 4394
5 1300 1301 1302 4395
5 1165 2733 4980 4396
5 1922 2904 6044 4397
5 4561 4570 4861 4398
5 4545 4546 4547 4399
5 4395 2274 6160 4400
5 1367 1980 2088 4401
5 1151 1152 1153 4402
5 2029 2244 2982 4403
5 4109 2770 6078 4404
5 3406 1448 5750 4405
5 3050 2360 3051 4406
5 4620 4622 5633 4407
5 1315 1312 1316 4408
5 955 953 956 4409
5 4392 5024 5860 4410
5 1075 1085 1087 4411
5 984 1362 3453 4412
5 3503 878 4856 4413
5 3076 3074 3546 4414
5 5499 1848 5501 4415
5 1668 1666 2969 4416
5 4434 4432 4437 4417
5 2087 2266 2325 4418
5 3033 1867 6165 4419
5 2283 2282 2284 4420
5 4814 4346 4988 4421
5 2887 3526 5291 4422
5 3915 4478 6149 4423
5 2048 2688 2689 4424
5 1207 1208 1319 4425
5 2689 2690 2691 4426
5 3920 4225 5852 4427
5 3338 3736 5526 4428
5 2446 2340 2447 4429
5 996 995 997 4430
5 3550 2751 5329 4431
5 1802 1803 6014 4432
5 992 993 994 4433
5 1172 4493 4642 4434
5 1362 1971 2029 4435
5 3144 3221 3222 4436
5 3426 3222 4828 4437
5 1097 3426 4828 4438
5 1074 2294 3435 4439
5 823 3355 5304 4440
5 3810 4386 5831 4441
5 1391 1385 1392 4442
5 4733 4732 5515 4443
5 932 3302 5551 4444
5 2283 2284 3331 4445
5 3931 4020 4229 4446
5 2108 4879 4881 4447
5 3195 3194 5446 4448
5 4886 4541 5963 4449
5 3102 2740 4778 4450
5 4204 4206 4212 4451
5 1052 1061 1068 4452
5 3101 2741 3102 4453
5 2925 2924 2926 4454
5 1259 1096 1260 4455
5 2343 2323 2657 4456
5 2467 2891 2892 4457
5 2224 3008 5394 4458
5 2457 3207 6118 4459
5 1931 1927 5936 4460
5 3498 5355 5639 4461
5 3978 3909 5366 4462
5 948 949 950 4463
5 3958 4461 4462 4464
5 4447 3793 5938 4465
5 3547 3546 5853 4466
5 3962 3961 3985 4467
5 1856 1854 2666 4468
5 2221 2041 2222 4469
5 2691 2971 2972 4470
5 1240 1241 1242 4471
5 2060 3691 5401 4472
5 914 911 3285 4473
5 1874 1325 2978 4474
5 2541 2543 2544 4475
5 970 971 972 4476
5 892 906 3620 4477
5 2636 2635 2637 4478
5 4382 4381 5374 4479
5 3317 1088 4097 4480
5 2887 2886 2888 4481
5 3186 3185 5519 4482
5 2620 2475 2650 4483
5 3598 3198 4925 4484
5 2462 3254 3278 4485
5 5223 3927 6089 4486
5 2715 3370 5887 4487
5 1351 1946 2466 4488
5 1345 1316 1346 4489
5 1012 1013 1014 4490
5 2152 2151 2272 4491
5 1153 1154 1155 4492
5 2913 2914 2915 4493
5 1064 1069 1075 4494
5 2708 2711 3243 4495
5 3503 4856 5941 4496
5 3936 4043 4481 4497
5 1160 1158 5031 4498
5 1800 3389 5010 4499
5 3505 4734 5507 4500
5 2742 3060 5253 4501
5 950 951 952 4502
5 2236 2980 4073 4503
5 1232 1231 1249 4504
5 3622 2719 3623 4505
5 2842 2841 3086 4506
5 3079 2407 5495 4507
5 3184 3185 3186 4508
5 1068 1076 1077 4509
5 2994 2474 3558 4510
5 2098 2097 2339 4511
5 2638 2637 2639 4512
5 1987 1813 1988 4513
5 1353 1363 1364 4514
5 2781 4109 5580 4515
5 2611 2222 2612 4516
5 3442 4077 5861 4517
5 3153 3154 4954 4518
5 1576 1575 1577 4519
5 3519 2814 3520 4520
5 2457 2700 5797 4521
5 1058 1050 1067 4522
5 2861 2137 2910 4523
5 1042 1029 1678 4524
5 3923 3922 3924 4525
5 3104 2900 3182 4526
5 1253 1255 2273 4527
5 2100 2751 3550 4528
5 3358 3357 3359 4529
5 1949 2261 2262 4530
5 2744 3172 5277 4531
5 3887 3886 3888 4532
5 1221 1222 1223 4533
5 2852 2853 3216 4534
5 3009 2141 3518 4535
5 2989 2301 2990 4536
5 3885 3884 3886 4537
5 3377 914 5412 4538
5 3353 1787 4485 4539
5 2958 5274 5290 4540
5 2822 1515 3414 4541
5 1062 1063 1064 4542
5 4360 1976 5987 4543
5 2688 3407 5419 4544
5 3519 1690 5380 4545
5 2735 3363 3643 4546
5 3797 3932 6048 4547
5 1885 1841 1893 4548
5 2016 1369 2041 4549
5 1966 4795 4796 4550
5 1247 1251 1252 4551
5 2262 2875 2876 4552
5 2448 2447 2661 4553
5 3699 3094 3701 4554
5 1286 1285 1287 4555
5 3759 2215 5904 4556
5 863 885 3486 4557
5 1503 1847 1849 4558
5 1018 1017 1019 4559
5 4599 4600 5489 4560
5 2395 2397 2398 4561
5 2136 3266 6085 4562
5 1578 1577 1579 4563
5 2267 4668 4931 4564
5 3921 3904 3922 4565
5 976 975 977 4566
5 1124 3606 5378 4567
5 2905 2888 3168 4568
5 4478 3915 6175 4569
5 1884 5180 5452 4570
5 2363 4130 5404 4571
5 2269 2960 2961 4572
5 1449 2870 5653 4573
5 3896 3893 3897 4574
5 1036 1037 1041 4575
5 4278 3382 5985 4576
5 2018 2017 2162 4577
5 3889 3888 3890 4578
5 2817 2153 2818 4579
5 1336 1743 1744 4580
5 3865 3863 3866 4581
5 2291 2163 2292 4582
5 3947 4040 4134 4583
5 918 915 3377 4584
5 3411 1455 5472 4585
5 4658 3825 4993 4586
5 1086 1069 5943 4587
5 1294 1858 2027 4588
5 2240 2004 2242 4589
5 3951 3924 3952 4590
5 3892 3890 3893 4591
5 1077 1078 1079 4592
5 4664 3895 5881 4593
5 1443 1444 1447 4594
5 2936 3224 6031 4595
5 5784 2957 5834 4596
5 1981 1368 3618 4597
5 1664 1260 1665 4598
5 1580 1579 1581 4599
5 2044 2046 2047 4600
5 2708 2710 2711 4601
5 2825 3581 5429 4602
5 3319 876 5702 4603
5 1947 1888 3470 4604
5 1347 1346 1348 4605
5 5117 5096 5118 4606
5 2040 5256 5719 4607
5 2716 2717 2730 4608
5 2236 2950 2980 4609
5 4033 4034 5830 4610
5 2231 1906 2232 4611
5 4153 1432 6049 4612
5 1262 3541 4223 4613
5 1218 1059 3145 4614
5 1242 1243 1262 4615
5 3345 2448 3454 4616
5 3959 3952 3960 4617
5 3510 3509 6018 4618
5 5219 3698 5763 4619
5 1167 1168 1169 4620
5 1108 1109 1111 4621
5 1155 1156 1157 4622
5 1079 1093 1094 4623
5 4024 4017 4026 4624
5 1735 1736 1737 4625
5 1582 1581 1583 4626
5 1514 1531 1532 4627
5 1989 2264 3015 4628
5 2994 4741 4831 4629
5 3404 3405 5363 4630
5 1246 1055 6148 4631
5 4022 3856 5995 4632
5 2640 2639 2641 4633
5 1111 1112 1113 4634
5 1054 1070 1072 4635
5 4193 4190 4978 4636
5 3318 3317 5841 4637
5 2573 2572 4949 4638
5 1717 1631 1720 4639
5 2843 2232 2844 4640
5 2336 2335 2337 4641
5 3375 1357 4221 4642
5 1968 2142 2610 4643
5 1584 1583 1585 4644
5 1275 1276 1277 4645
5 1235 1234 1236 4646
5 4506 1895 5195 4647
5 4757 2470 4963 4648
5 2598 2599 2600 4649
5 1527 1526 1536 4650
5 1895 4506 4806 4651
5 2972 3044 3045 4652
5 3676 5167 5972 4653
5 5131 5133 5147 4654
5 2027 2033 2034 4655
5 4330 1995 5669 4656
5 1364 1964 1965 4657
5 843 842 906 4658
5 1250 1249 1264 4659
5 1962 1963 3572 4660
5 1014 1015 1016 4661
5 872 871 3483 4662
5 2974 3206 5341 4663
5 4350 4427 4428 4664
5 4420 4487 5408 4665
5 972 973 974 4666
5 4564 4579 4580 4667
5 4348 4350 4428 4668
5 1842 1348 1843 4669
5 1515 2837 3414 4670
5 2663 5165 5171 4671
5 4006 4037 4667 4672
5 1355 3420 3591 4673
5 994 995 996 4674
5 2946 3309 4672 4675
5 3141 1004 3143 4676
5 2034 2450 2451 4677
5 3075 3072 3573 4678
5 2666 4958 5239 4679
5 2623 3465 3581 4680
5 2450 2033 2455 4681
5 1047 1046 1048 4682
5 3078 5703 5952 4683
5 848 847 3484 4684
5 862 861 3490 4685
5 2857 3473 4266 4686
5 5440 5313 6124 4687
5 1796 1962 2061 4688
5 907 3261 3620 4689
5 2498 5558 5712 4690
5 3429 3127 5430 4691
5 2293 2292 2625 4692
5 952 953 955 4693
5 4760 1209 5796 4694
5 1254 1252 3437 4695
5 1165 1671 2733 4696
5 3019 3020 3022 4697
5 4015 2085 4744 4698
5 4722 2833 4785 4699
5 1265 1264 1317 4700
5 3504 3366 3582 4701
5 853 852 3489 4702
5 1366 1948 2001 4703
5 4447 3813 4469 4704
5 1341 5397 6147 4705
5 1769 4271 5431 4706
5 2047 2275 2276 4707
5 817 816 3500 4708
5 812 811 3502 4709
5 2497 2495 6093 4710
5 2298 1893 3577 4711
5 3456 2146 4923 4712
5 2600 2601 3115 4713
5 1258 1352 1366 4714
5 4867 3916 6149 4715
5 1091 1081 1092 4716
5 3899 3897 3900 4717
5 1097 949 3717 4718
5 1908 1909 1910 4719
5 4763 3519 5673 4720
5 401 821 3499 4721
5 1073 1067 1074 4722
5 2730 2731 3016 4723
5 4437 4951 5735 4724
5 831 830 3501 4725
5 836 835 3503 4726
5 874 873 3568 4727
5 3929 4423 4647 4728
5 1537 1536 1571 4729
5 1032 1027 1033 4730
5 398 801 5981 4731
5 1072 1083 1084 4732
5 2122 2458 4995 4733
5 5489 4540 6162 4734
5 1269 1267 1289 4735
5 4527 2830 4740 4736
5 2642 2641 2672 4737
5 2507 5242 5587 4738
5 2847 2845 4075 4739
5 1939 1938 1940 4740
5 3234 2445 4223 4741
5 1796 1795 1877 4742
5 1658 1507 4456 4743
5 1300 1298 1301 4744
5 2068 2449 2483 4745
5 1962 1877 1963 4746
5 4292 3830 4295 4747
5 4260 3413 5802 4748
5 2763 2764 5689 4749
5 2361 2337 2362 4750
5 3336 2984 5306 4751
5 4152 2703 4395 4752
5 2471 2141 3009 4753
5 3188 2275 3189 4754
5 3258 2662 3392 4755
5 2448 2661 3454 4756
5 3971 3960 3972 4757
5 3384 1670 4808 4758
5 1950 1658 1951 4759
5 3094 3093 6137 4760
5 2875 5893 5967 4761
5 2626 2625 2811 4762
5 1586 1585 1587 4763
5 4194 4193 4199 4764
5 1021 1019 1022 4765
5 1288 1287 1295 4766
5 1080 1074 1081 4767
5 3623 2719 3624 4768
5 1084 1095 1096 4769
5 1026 1022 1027 4770
5 593 189 5854 4771
5 957 956 958 4772
5 2793 2086 3410 4773
5 2913 2677 2914 4774
5 4887 3329 6157 4775
5 2061 2137 2138 4776
5 2002 2531 2533 4777
5 1016 1017 1018 4778
5 1252 1361 3437 4779
5 901 815 3612 4780
5 3352 1000 6032 4781
5 2322 2321 2676 4782
5 1261 1095 1795 4783
5 1235 1293 2911 4784
5 1673 1675 1676 4785
5 1043 1047 2603 4786
5 3053 5198 5199 4787
5 3374 3521 5328 4788
5 3243 2711 3457 4789
5 1404 1403 1405 4790
5 3169 3168 3170 4791
5 1716 1861 3351 4792
5 2104 2456 2457 4793
5 1511 4077 5194 4794
5 3903 3900 3904 4795
5 3400 2892 3548 4796
5 3069 3068 3573 4797
5 3053 1931 5936 4798
5 875 874 3569 4799
5 3071 3527 5509 4800
5 1899 3551 5914 4801
5 3516 3030 3583 4802
5 2891 2468 2970 4803
5 2939 4457 5915 4804
5 2495 2492 5958 4805
5 5010 3389 5164 4806
5 1141 1120 4655 4807
5 5881 3895 6120 4808
5 1815 2028 2097 4809
5 4261 2873 5315 4810
5 2995 3427 5845 4811
5 2082 2154 2819 4812
5 923 925 1356 4813
5 2780 2827 5229 4814
5 3577 2978 5894 4815
5 3083 4129 4130 4816
5 2625 2292 2694 4817
5 1221 1094 1222 4818
5 3016 3017 3018 4819
5 1081 1074 3435 4820
5 5101 2865 6093 4821
5 1054 1048 1055 4822
5 2661 2447 3062 4823
5 4343 4344 4345 4824
5 1352 1219 3646 4825
5 2467 1946 2468 4826
5 2812 2811 3007 4827
5 3565 3566 5849 4828
5 3690 2060 6144 4829
5 1735 2461 6125 4830
5 1303 1305 5053 4831
5 5795 2679 5796 4832
5 1403 3629 5559 4833
5 1351 1256 1353 4834
5 2097 2028 2656 4835
5 4304 4305 4798 4836
5 1043 1041 1046 4837
5 3509 3268 6018 4838
5 1667 1668 1815 4839
5 1996 1997 1998 4840
5 1070 1055 1071 4841
5 974 975 976 4842
5 2825 2623 3581 4843
5 5202 3935 5585 4844
5 1888 2023 3470 4845
5 1676 1684 1685 4846
5 2221 2611 3091 4847
5 2252 2250 3444 4848
5 998 997 999 4849
5 3008 3401 6012 4850
5 2010 2026 2299 4851
5 2221 2222 2611 4852
5 4553 4550 5530 4853
5 4456 3368 5915 4854
5 3949 4391 5661 4855
5 4537 4540 5963 4856
5 1344 3409 3576 4857
5 1131 1132 1133 4858
5 2861 2910 3445 4859
5 1294 1222 1354 4860
5 1166 1160 5031 4861
5 1255 1254 1256 4862
5 2103 2792 3058 4863
5 2527 4800 4802 4864
5 2172 2173 3539 4865
5 1183 1178 5264 4866
5 2168 1551 2627 4867
5 1829 1827 1832 4868
5 2320 2059 2321 4869
5 2705 5064 6062 4870
5 2466 1946 2467 4871
5 1225 1223 3504 4872
5 1815 1668 2028 4873
5 4026 4603 5205 4874
5 4273 1169 5351 4875
5 1941 1940 1942 4876
5 927 929 1051 4877
5 3179 922 3342 4878
5 1453 5208 5968 4879
5 1499 5095 5843 4880
5 3362 3264 5974 4881
5 2656 2841 2842 4882
5 2879 3360 3466 4883
5 1952 1843 1953 4884
5 1945 1944 1983 4885
5 1943 1942 1944 4886
5 888 846 3725 4887
5 1092 1234 1235 4888
5 4349 4427 5986 4889
5 3074 3075 3077 4890
5 5153 5154 5717 4891
5 4175 4176 4177 4892
5 908 890 3464 4893
5 1984 1983 2174 4894
5 2354 1044 3529 4895
5 1787 4281 4485 4896
5 2867 3568 5681 4897
5 3923 4670 4671 4898
5 2140 4758 5518 4899
5 2137 1962 3572 4900
5 2453 2451 2761 4901
5 2841 2028 3532 4902
5 2066 2067 2089 4903
5 980 977 981 4904
5 1133 1134 1135 4905
5 2661 3062 3088 4906
5 1858 1354 1859 4907
5 1588 1587 1589 4908
5 2263 5543 5893 4909
5 2175 2174 2631 4910
5 1657 4320 4938 4911
5 2995 5845 5965 4912
5 3066 3001 5236 4913
5 2178 3127 3428 4914
5 1796 1877 1962 4915
5 3133 3510 3551 4916
5 2303 2976 4651 4917
5 3244 2936 5240 4918
5 3679 3674 5660 4919
5 2614 2616 2682 4920
5 1902 1865 5815 4921
5 2544 2545 2546 4922
5 2051 2052 2053 4923
5 1571 1645 3443 4924
5 4217 4214 4218 4925
5 1824 1826 2687 4926
5 1857 3984 5375 4927
5 2162 2255 3036 4928
5 5409 2746 6160 4929
5 1275 1273 1276 4930
5 3115 3379 5420 4931
5 807 806 3468 4932
5 2046 2045 2048 4933
5 1828 1830 1831 4934
5 2023 2257 3470 4935
5 3346 1320 5795 4936
5 1296 1295 1692 4937
5 1052 1068 3529 4938
5 1665 1666 1667 4939
5 2294 3554 5853 4940
5 4555 3877 5695 4941
5 2842 3086 3265 4942
5 1360 1369 1370 4943
5 1205 1204 1206 4944
5 2053 2054 2066 4945
5 1370 2016 2017 4946
5 1304 1302 1314 4947
5 1358 2251 4499 4948
5 5411 3070 5509 4949
5 3603 2396 4588 4950
5 5128 2494 5476 4951
5 1021 1026 1031 4952
5 2836 2615 5459 4953
5 1667 1666 1668 4954
5 2548 2549 2550 4955
5 2550 2552 2553 4956
5 3220 1065 5662 4957
5 4289 4283 4374 4958
5 1355 1276 2043 4959
5 1529 1961 2082 4960
5 1002 999 1003 4961
5 2689 2691 2692 4962
5 2006 2007 2008 4963
5 2163 2162 3545 4964
5 2143 2172 2866 4965
5 1590 1589 1591 4966
5 2546 2547 2548 4967
5 897 860 3523 4968
5 2650 3319 3320 4969
5 2650 2475 3319 4970
5 2505 5124 5243 4971
5 2799 3343 4443 4972
5 1389 4412 4697 4973
5 2016 2041 2221 4974
5 2676 2321 3255 4975
5 2844 2846 2854 4976
5 1600 1599 1601 4977
5 2084 2760 3067 4978
5 1047 1048 1054 4979
5 2086 1953 2087 4980
5 3674 3677 5660 4981
5 5080 2678 5081 4982
5 4781 5577 5946 4983
5 1598 1597 1599 4984
5 1364 1965 2143 4985
5 5120 5119 5337 4986
5 2138 2137 2861 4987
5 1240 1242 1344 4988
5 2358 2356 2460 4989
5 982 981 983 4990
5 2044 2043 2045 4991
5 5040 3980 5232 4992
5 3987 4030 5884 4993
5 2047 2046 2275 4994
5 1080 1091 1323 4995
5 5389 3050 5504 4996
5 2162 2017 2255 4997
5 3453 2029 5693 4998
5 1229 1227 1263 4999
5 3302 932 6086 5000
5 1077 1076 1078 5001
5 3526 2905 5748 5002
5 2390 2392 2394 5003
5 2553 2554 2555 5004
5 2579 2580 2581 5005
5 2276 2275 3188 5006
5 3404 2927 3405 5007
5 3275 1137 5593 5008
5 5005 3925 5369 5009
5 4379 4185 5427 5010
5 1079 1078 1093 5011
5 1264 1249 1350 5012
5 1592 1591 1593 5013
5 4820 4821 4880 5014
5 1072 1070 1083 5015
5 4563 4564 4970 5016
5 2027 1858 2033 5017
5 1596 1595 1597 5018
5 3974 3990 5617 5019
5 5276 2939 5764 5020
5 3051 2360 3303 5021
5 5770 2158 6143 5022
5 1255 1256 1351 5023
5 1351 1353 1946 5024
5 2577 2578 2579 5025
5 3363 1186 3643 5026
5 1223 1222 1294 5027
5 3112 3113 5140 5028
5 1324 1325 1874 5029
5 1084 1083 1095 5030
5 868 887 4944 5031
5 2061 1962 2137 5032
5 2105 2106 5161 5033
5 2450 2455 3107 5034
5 2581 2582 2583 5035
5 1594 1593 1595 5036
5 3092 1873 3096 5037
5 1674 1672 1700 5038
5 4023 4016 4844 5039
5 2467 2468 2891 5040
5 2915 2914 3124 5041
5 1068 1061 1076 5042
5 2878 2876 2945 5043
5 1965 1964 3495 5044
5 1253 1252 1254 5045
5 1665 1260 1666 5046
5 2143 1965 2172 5047
5 5500 5122 5548 5048
5 899 820 4333 5049
5 3942 4319 4335 5050
5 2034 2033 2450 5051
5 2089 2090 2091 5052
5 1467 1458 5193 5053
5 1096 1095 1261 5054
5 1235 1236 1293 5055
5 957 958 1040 5056
5 2068 2483 2484 5057
5 1058 1067 1073 5058
5 1261 1795 1796 5059
5 4787 1892 6025 5060
5 2352 3414 6136 5061
5 1043 1046 1047 5062
5 2527 4802 4832 5063
5 2821 5228 5458 5064
5 2866 2172 2867 5065
5 2982 2244 2983 5066
5 1518 1517 1519 5067
5 4462 4477 4478 5068
5 2292 2163 3545 5069
5 1094 1093 3480 5070
5 1080 1081 1091 5071
5 1964 2269 3495 5072
5 1281 1279 1290 5073
5 3200 1740 4256 5074
5 1464 1465 1468 5075
5 3171 3266 5342 5076
5 3273 3070 5411 5077
5 874 3568 3569 5078
5 3563 2692 3564 5079
5 3278 3254 5779 5080
5 2037 2233 2444 5081
5 2398 2400 2401 5082
5 1668 2969 3532 5083
5 2860 2568 5929 5084
5 2555 2556 2557 5085
5 1933 4951 5492 5086
5 4737 4738 4898 5087
5 1026 1027 1032 5088
5 2660 2444 3559 5089
5 3427 2995 5508 5090
5 1054 1055 1070 5091
5 4975 3500 5402 5092
5 1323 1359 1360 5093
5 2583 2584 2585 5094
5 2032 3356 5684 5095
5 1032 1033 1881 5096
5 3450 2731 5303 5097
5 3161 4258 6011 5098
5 2676 3255 3256 5099
5 4689 3275 4954 5100
5 2484 2483 3354 5101
5 2029 1971 2244 5102
5 2351 4438 5708 5103
5 5086 2515 5998 5104
5 2719 2709 5283 5105
5 2101 2103 4365 5106
5 3465 891 3581 5107
5 1032 1881 1882 5108
5 1399 3721 5425 5109
5 1294 1354 1858 5110
5 3017 3583 5913 5111
5 4791 1383 4866 5112
5 1556 1530 5458 5113
5 4839 3088 6065 5114
5 1602 1601 1603 5115
5 2492 2495 2497 5116
5 1287 1285 1322 5117
5 2728 3247 4412 5118
5 1277 1276 1355 5119
5 1692 1295 1693 5120
5 5123 5122 5500 5121
5 887 867 5656 5122
5 864 863 3486 5123
5 2648 6099 6138 5124
5 1253 1254 1255 5125
5 2559 2560 2561 5126
5 3076 3547 5479 5127
5 2585 2586 2587 5128
5 4014 3999 6091 5129
5 1192 1194 1195 5130
5 2557 2558 2559 5131
5 2587 2588 2594 5132
5 3295 1164 5454 5133
5 2575 2576 2577 5134
5 3394 3487 5435 5135
5 2561 2563 2564 5136
5 1021 1022 1026 5137
5 3580 3620 5733 5138
5 1351 2466 3552 5139
5 3210 3209 4268 5140
5 3581 891 5828 5141
5 2934 3739 5537 5142
5 3345 2619 5618 5143
5 2745 5409 6160 5144
5 3036 2255 3037 5145
5 2423 2424 2425 5146
5 4124 4161 5405 5147
5 1310 1308 1313 5148
5 1138 1139 1142 5149
5 1067 1050 3554 5150
5 2418 2419 2421 5151
5 2564 2565 2566 5152
5 2329 2327 5055 5153
5 1018 1019 1021 5154
5 1370 1369 2016 5155
5 1472 1469 5513 5156
5 2059 1693 2068 5157
5 2926 2924 3080 5158
5 1785 1702 1786 5159
5 957 1040 1679 5160
5 3867 3866 3868 5161
5 2044 2045 2046 5162
5 1910 1911 2003 5163
5 2421 2422 2423 5164
5 3648 3603 5934 5165
5 3086 2841 5866 5166
5 1098 1219 1258 5167
5 2087 1953 2155 5168
5 1846 2032 5684 5169
5 2425 2426 2428 5170
5 857 884 5664 5171
5 2416 2417 2418 5172
5 2233 2036 2288 5173
5 815 814 3612 5174
5 1368 1208 4769 5175
5 844 892 4141 5176
5 3270 1862 5462 5177
5 2401 2402 2403 5178
5 2842 3265 3486 5179
5 1078 1076 1082 5180
5 860 859 3523 5181
5 2284 2956 3432 5182
5 1794 1897 1898 5183
5 1262 1243 3541 5184
5 2629 4887 6157 5185
5 4350 4347 5381 5186
5 1135 1136 1138 5187
5 1169 1170 1177 5188
5 1898 2148 2149 5189
5 2266 2155 2951 5190
5 2284 3432 3598 5191
5 1883 1786 1908 5192
5 2903 3047 5490 5193
5 1002 1029 1030 5194
5 1385 1379 4961 5195
5 1893 2036 2037 5196
5 4842 2782 5391 5197
5 1401 3733 5510 5198
5 2566 2568 2569 5199
5 2272 3286 6056 5200
5 1195 1196 1197 5201
5 3838 3836 3839 5202
5 2484 3354 3355 5203
5 2414 2415 2416 5204
5 1360 1359 1369 5205
5 1113 1114 1213 5206
5 3924 3925 5007 5207
5 1843 1348 1879 5208
5 955 956 957 5209
5 1613 1612 1614 5210
5 5319 1797 6067 5211
5 876 839 5702 5212
5 3400 3548 3549 5213
5 1832 1827 3556 5214
5 1292 1793 1794 5215
5 2077 1811 2078 5216
5 1044 1050 1052 5217
5 1007 1010 2350 5218
5 2668 2973 5258 5219
5 1610 1609 1612 5220
5 934 938 1025 5221
5 2569 2570 2571 5222
5 3946 3981 5525 5223
5 2571 2572 2573 5224
5 1052 1058 1061 5225
5 1235 2911 3647 5226
5 2403 2404 2405 5227
5 1073 1074 1080 5228
5 2086 2087 3410 5229
5 4582 4580 4583 5230
5 2658 2026 2659 5231
5 1294 2027 3504 5232
5 2262 2261 2875 5233
5 1520 1519 2021 5234
5 3869 3868 3875 5235
5 1834 1835 1836 5236
5 2242 3224 3630 5237
5 2231 2232 2843 5238
5 1346 1316 1349 5239
5 4581 8 5891 5240
5 1723 1722 1728 5241
5 2969 1666 3621 5242
5 1030 1042 1044 5243
5 1692 1693 2059 5244
5 1213 1114 3438 5245
5 4603 4025 5205 5246
5 3275 3153 4954 5247
5 3304 1312 5777 5248
5 1831 1833 1834 5249
5 4798 4308 5923 5250
5 3940 6103 6119 5251
5 393 796 5207 5252
5 1177 1178 1182 5253
5 1265 1317 3538 5254
5 4541 4537 5963 5255
5 3324 3517 6008 5256
5 3022 3023 3024 5257
5 2412 2413 2414 5258
5 1355 2043 2044 5259
5 1604 1603 1605 5260
5 2715 3369 3370 5261
5 802 3766 5811 5262
5 4571 4561 4827 5263
5 3911 3938 5847 5264
5 2734 3406 5750 5265
5 4120 2989 5368 5266
5 1361 1947 3437 5267
5 1372 1343 1373 5268
5 1312 3304 5935 5269
5 996 997 998 5270
5 1608 1607 1609 5271
5 1701 1700 1702 5272
5 2531 2170 2532 5273
5 2405 2407 2408 5274
5 2103 2104 2792 5275
5 711 307 1005 5276
5 846 845 3725 5277
5 5079 5080 5115 5278
5 3074 3072 3075 5279
5 3165 1341 5927 5280
5 2430 2431 2435 5281
5 1012 1014 1020 5282
5 4214 4213 5344 5283
5 3596 2757 5025 5284
5 1721 1720 1722 5285
5 5050 4024 5205 5286
5 4549 4550 4551 5287
5 411 1807 5891 5288
5 976 977 980 5289
5 2694 2292 3545 5290
5 2164 1510 3496 5291
5 1245 1326 2100 5292
5 5096 5097 5159 5293
5 1052 1050 1058 5294
5 2025 5439 5440 5295
5 3253 2139 5706 5296
5 845 844 4141 5297
5 3907 3905 4035 5298
5 3184 3183 3185 5299
5 2410 2411 2412 5300
5 1048 2226 6148 5301
5 1182 1178 1183 5302
5 2723 2864 4699 5303
5 2260 5067 5643 5304
5 1044 1042 1050 5305
5 2435 2436 2437 5306
5 3074 3077 3546 5307
5 2983 2244 3378 5308
5 3948 3949 4664 5309
5 998 999 1002 5310
5 2280 2252 3444 5311
5 5100 5101 5112 5312
5 2019 3148 5846 5313
5 5099 5100 5558 5314
5 1247 1252 1253 5315
5 2408 2409 2410 5316
5 983 986 1001 5317
5 2231 2843 3135 5318
5 1882 2153 2662 5319
5 2623 908 3464 5320
5 2529 5085 5761 5321
5 2750 2101 4365 5322
5 1002 1003 1029 5323
5 1042 1678 3554 5324
5 3088 3062 3523 5325
5 1267 1265 3538 5326
5 3747 3760 5940 5327
5 2096 3055 4779 5328
5 1606 1605 1607 5329
5 3144 3143 3221 5330
5 1366 2001 2002 5331
5 2002 2001 2170 5332
5 5033 5189 5327 5333
5 5557 2955 6010 5334
5 980 981 982 5335
5 952 955 1023 5336
5 2514 2515 2516 5337
5 5002 5001 6114 5338
5 2428 2429 2430 5339
5 2087 2155 2266 5340
5 5231 2912 6037 5341
5 2437 2438 2439 5342
5 2010 2008 2026 5343
5 2273 1255 3552 5344
5 1447 1448 1456 5345
5 825 882 4328 5346
5 2325 2266 3580 5347
5 3101 3238 5942 5348
5 2439 2440 2441 5349
5 2157 2158 5239 5350
5 2441 2442 2534 5351
5 2212 5210 5813 5352
5 2266 2951 2953 5353
5 3401 2482 5376 5354
5 2003 2004 2240 5355
5 1064 1075 1695 5356
5 992 994 1000 5357
5 3035 3728 5549 5358
5 3472 1028 5682 5359
5 1243 1989 3541 5360
5 1222 1094 3480 5361
5 1790 5176 5736 5362
5 3916 4867 5353 5363
5 1669 2070 2071 5364
5 1846 2031 2032 5365
5 866 895 5656 5366
5 962 964 979 5367
5 2628 3257 3357 5368
5 1358 4499 5013 5369
5 2927 2926 4768 5370
5 3459 1083 3585 5371
5 5083 2529 5761 5372
5 336 739 937 5373
5 5137 5153 5717 5374
5 5034 1321 5560 5375
5 3109 3602 6055 5376
5 2534 2535 2536 5377
5 2220 3767 5904 5378
5 4419 3966 5789 5379
5 2284 2282 2956 5380
5 1121 1123 1140 5381
5 1323 1091 1359 5382
5 1468 1469 1471 5383
5 3161 2547 5760 5384
5 980 982 984 5385
5 3508 2208 4680 5386
5 2083 2679 5795 5387
5 5538 3873 6121 5388
5 1253 2273 4053 5389
5 2048 2689 3562 5390
5 898 402 5664 5391
5 5358 2607 5444 5392
5 2767 2699 3428 5393
5 2884 2882 3038 5394
5 3254 2464 3505 5395
5 3283 916 5645 5396
5 4599 2831 4600 5397
5 2896 3479 5350 5398
5 2846 2848 3560 5399
5 2536 2537 2538 5400
5 1915 1920 1921 5401
5 2269 2961 3495 5402
5 2091 2092 2093 5403
5 850 849 4504 5404
5 1624 3245 6067 5405
5 1837 4120 5368 5406
5 5450 3989 5451 5407
5 2538 2539 2540 5408
5 2662 2153 2817 5409
5 1087 3318 3422 5410
5 2809 1454 3063 5411
5 1113 1213 1214 5412
5 3756 3753 3758 5413
5 970 972 978 5414
5 1456 1458 1467 5415
5 1219 3125 3646 5416
5 1378 1379 1384 5417
5 724 320 936 5418
5 2612 2614 3571 5419
5 849 894 4504 5420
5 1729 1728 1732 5421
5 940 942 1677 5422
5 960 3460 5516 5423
5 3427 3232 5607 5424
5 1882 1881 2153 5425
5 2328 2327 2329 5426
5 2028 1668 3532 5427
5 1016 1018 1680 5428
5 3260 2869 3421 5429
5 3024 3025 3390 5430
5 5249 3014 5250 5431
5 1223 1294 3504 5432
5 944 946 1024 5433
5 1998 2295 3204 5434
5 826 825 4328 5435
5 1030 1029 1042 5436
5 2330 2329 2331 5437
5 3567 2794 4777 5438
5 2910 2137 3572 5439
5 5762 4196 6089 5440
5 3950 4363 5794 5441
5 2663 3389 5165 5442
5 1238 1240 3576 5443
5 3627 3639 3640 5444
5 3477 2854 3560 5445
5 2850 2852 2855 5446
5 2103 2102 2104 5447
5 4791 3312 5311 5448
5 5314 5223 6089 5449
5 2473 2453 3565 5450
5 2162 3036 3545 5451
5 4196 5762 5850 5452
5 1178 1216 5264 5453
5 1474 1476 3423 5454
5 3976 3819 5550 5455
5 1214 1244 1245 5456
5 3833 5271 6135 5457
5 1245 1324 1326 5458
5 4931 4668 5505 5459
5 2771 4775 5469 5460
5 3872 3987 5428 5461
5 1968 2610 4359 5462
5 2830 4527 4587 5463
5 4591 1179 4681 5464
5 3147 1959 5174 5465
5 2356 2276 3574 5466
5 3206 2777 5219 5467
5 1214 1213 1244 5468
5 1865 1866 1867 5469
5 3299 1233 5716 5470
5 2008 2007 3521 5471
5 1298 1296 3542 5472
5 3119 3211 4850 5473
5 1835 1833 2123 5474
5 2651 4248 6027 5475
5 4865 5297 5928 5476
5 1245 1244 1324 5477
5 3943 3945 4022 5478
5 4951 4437 5492 5479
5 2729 3381 5699 5480
5 3890 4045 5892 5481
5 2911 1293 3712 5482
5 3573 1328 5920 5483
5 3182 1212 6094 5484
5 1362 1906 1971 5485
5 3482 1051 5342 5486
5 1615 1614 1617 5487
5 1022 1019 5356 5488
5 2240 2242 2353 5489
5 1971 1906 2231 5490
5 4446 4370 5788 5491
5 4041 3903 4493 5492
5 1354 1222 3480 5493
5 2987 4871 5595 5494
5 2056 2055 2057 5495
5 2497 2503 2504 5496
5 1639 4146 5824 5497
5 4591 4592 4593 5498
5 2504 2503 5895 5499
5 5051 2974 5765 5500
5 1552 4153 5876 5501
5 2056 2058 5745 5502
5 1236 1238 4089 5503
5 2531 2532 3321 5504
5 2299 2026 2658 5505
5 1296 1692 3542 5506
5 4572 4559 4573 5507
5 3121 1215 5628 5508
5 4191 4193 4194 5509
5 2261 1987 2263 5510
5 3047 2903 5757 5511
5 2222 2041 5377 5512
5 5448 3431 5456 5513
5 3675 3666 4637 5514
5 948 950 1710 5515
5 1054 1072 3589 5516
5 1679 1040 1813 5517
5 2481 2132 4360 5518
5 2220 2763 5689 5519
5 988 990 1689 5520
5 1633 6095 6106 5521
5 4304 4303 4305 5522
5 2651 2650 4248 5523
5 4238 1719 4239 5524
5 2002 2170 2531 5525
5 2468 1946 3614 5526
5 2595 2598 4841 5527
5 4660 3692 4732 5528
5 1103 1108 4829 5529
5 4563 4970 5204 5530
5 1824 2687 4789 5531
5 5148 5136 5149 5532
5 1859 2318 4334 5533
5 966 968 1698 5534
5 5182 1819 5399 5535
5 2455 2033 3588 5536
5 2518 2519 2520 5537
5 2668 2670 2973 5538
5 1893 2037 3577 5539
5 1679 1813 1949 5540
5 4208 4213 4214 5541
5 3640 3642 4900 5542
5 3957 3988 5450 5543
5 2444 2233 2796 5544
5 2093 2094 2144 5545
5 4427 4349 4471 5546
5 2376 2378 2381 5547
5 1289 1267 3538 5548
5 4867 3986 5353 5549
5 1949 1987 2261 5550
5 2620 2651 4816 5551
5 3058 2792 3059 5552
5 2144 2145 2707 5553
5 1342 1343 1372 5554
5 1951 1658 4456 5555
5 1227 1225 3582 5556
5 2939 2247 3371 5557
5 1112 1109 4857 5558
5 4016 4024 5050 5559
5 3894 3984 4045 5560
5 2867 2172 3539 5561
5 1299 3449 5967 5562
5 1989 3015 3541 5563
5 2211 2210 2214 5564
5 1676 1675 1684 5565
5 4031 3828 6135 5566
5 2901 3322 3323 5567
5 2990 2301 3333 5568
5 3120 4818 5248 5569
5 4136 2942 5003 5570
5 3445 887 5656 5571
5 3419 2644 5194 5572
5 4547 4548 4549 5573
5 2896 3478 3479 5574
5 2101 1326 2102 5575
5 2159 1876 4847 5576
5 2976 4650 4651 5577
5 1362 1357 1906 5578
5 1353 1364 3614 5579
5 1036 1041 1043 5580
5 2037 2036 2233 5581
5 2452 2454 4521 5582
5 2006 1685 2007 5583
5 3106 3105 5715 5584
5 2973 3003 3004 5585
5 4454 3028 4755 5586
5 3820 3826 5762 5587
5 4959 4810 6168 5588
5 2213 395 4934 5589
5 2712 2716 4955 5590
5 1687 4693 5569 5591
5 3643 1186 4081 5592
5 3279 2684 3334 5593
5 996 998 1787 5594
5 1827 1825 3556 5595
5 1260 1096 3621 5596
5 2276 3188 3574 5597
5 4796 1886 5325 5598
5 5213 4937 5898 5599
5 947 3472 6100 5600
5 1949 1813 1987 5601
5 1301 3430 5231 5602
5 1044 1052 3529 5603
5 1423 1419 1424 5604
5 3717 947 6100 5605
5 1262 3344 5300 5606
5 2088 1980 4072 5607
5 3315 3190 4502 5608
5 2234 1981 2235 5609
5 1500 5118 5159 5610
5 1279 1277 3591 5611
5 4959 3046 5042 5612
5 1839 1836 3533 5613
5 5013 2983 5529 5614
5 649 245 1149 5615
5 2835 3511 5639 5616
5 3873 4536 6121 5617
5 1946 1353 3614 5618
5 1507 1392 3368 5619
5 1197 1198 1210 5620
5 883 4839 6065 5621
5 2415 3122 5631 5622
5 2520 2521 2522 5623
5 1758 1760 1761 5624
5 3548 2891 5385 5625
5 5554 3834 5686 5626
5 984 1357 1362 5627
5 1908 1910 2655 5628
5 2516 2517 2518 5629
5 2930 2908 5793 5630
5 1665 2169 5864 5631
5 876 3319 5032 5632
5 1476 1477 1479 5633
5 4795 5335 5924 5634
5 5755 2979 5756 5635
5 2482 3341 5376 5636
5 2058 2057 2079 5637
5 3992 3991 3993 5638
5 2486 5108 5751 5639
5 5005 3963 6023 5640
5 3001 5403 6092 5641
5 1214 3550 4723 5642
5 3625 3626 3627 5643
5 4996 2465 5888 5644
5 2503 2497 6093 5645
5 828 827 4897 5646
5 2980 2950 2981 5647
5 1301 1298 3542 5648
5 3974 3972 3975 5649
5 1893 1841 2036 5650
5 3073 3076 4628 5651
5 4082 3481 5061 5652
5 319 722 1636 5653
5 2761 2451 3600 5654
5 3752 2238 3759 5655
5 3189 2275 3592 5656
5 5557 2860 5929 5657
5 4905 4822 5347 5658
5 2002 2533 3635 5659
5 3462 3140 5323 5660
5 1812 3327 5070 5661
5 1255 1351 3552 5662
5 2707 2708 3243 5663
5 4302 4303 4304 5664
5 2451 2450 3600 5665
5 321 724 3710 5666
5 2360 2358 3587 5667
5 1305 1365 5053 5668
5 2101 2102 2103 5669
5 2151 2149 2265 5670
5 2003 2240 2241 5671
5 1293 1236 4089 5672
5 920 923 3567 5673
5 3840 3839 3843 5674
5 2888 5629 5817 5675
5 3369 2714 3424 5676
5 1096 1261 3621 5677
5 1437 1435 3596 5678
5 3013 3380 5885 5679
5 1159 1158 1160 5680
5 1785 1883 2161 5681
5 5320 1886 5945 5682
5 2816 5449 5899 5683
5 2735 3119 5642 5684
5 2041 1369 4920 5685
5 4021 4429 6111 5686
5 4076 3473 4115 5687
5 2870 3259 4381 5688
5 4345 4347 4348 5689
5 2619 3409 5618 5690
5 5406 2930 5793 5691
5 2739 2736 3616 5692
5 4031 2314 5270 5693
5 2522 2523 2646 5694
5 656 252 1130 5695
5 2235 1981 3618 5696
5 4856 3045 5941 5697
5 1258 1366 3635 5698
5 1930 1927 1931 5699
5 814 813 4926 5700
5 3988 3912 5450 5701
5 2353 2242 3630 5702
5 5311 2627 5804 5703
5 2001 2139 4833 5704
5 4380 4192 5688 5705
5 1785 1786 1883 5706
5 3244 5436 5571 5707
5 3312 2343 5311 5708
5 1273 1271 3586 5709
5 974 976 1706 5710
5 819 3636 4333 5711
5 4762 2835 5236 5712
5 1092 1235 3647 5713
5 4539 4541 5900 5714
5 2346 1959 3147 5715
5 1901 1467 3419 5716
5 4333 2682 4764 5717
5 4040 4133 4134 5718
5 2355 2357 4715 5719
5 3061 2146 3456 5720
5 2603 1047 3589 5721
5 3564 2692 3599 5722
5 4829 1875 5329 5723
5 2691 2972 3599 5724
5 1091 1092 3647 5725
5 984 982 1357 5726
5 3926 3898 5391 5727
5 1858 1859 3588 5728
5 1900 2075 3656 5729
5 3331 2284 3598 5730
5 2427 3719 5261 5731
5 1329 1319 3328 5732
5 3285 3537 5412 5733
5 4806 2827 5736 5734
5 1277 1355 3591 5735
5 4060 3347 4825 5736
5 1532 1533 1534 5737
5 307 710 3534 5738
5 1496 1505 4947 5739
5 1070 1071 3585 5740
5 4569 5582 6021 5741
5 64 467 1009 5742
5 1836 1835 1862 5743
5 810 809 4994 5744
5 2767 3429 3492 5745
5 2626 2812 4663 5746
5 1761 1876 2157 5747
5 1828 1831 3706 5748
5 2689 2692 3562 5749
5 3844 3843 3845 5750
5 2042 3235 4974 5751
5 3678 4323 4835 5752
5 2541 2544 4840 5753
5 3184 3186 5466 5754
5 1572 1571 3443 5755
5 4448 4199 5880 5756
5 2646 2996 3528 5757
5 2075 2747 2748 5758
5 337 740 3611 5759
5 4412 1389 4979 5760
5 2453 2761 3565 5761
5 3593 3494 5608 5762
5 4491 1864 6002 5763
5 726 322 1452 5764
5 2614 2682 3571 5765
5 2724 4655 5670 5766
5 1033 1036 4445 5767
5 2914 2677 4678 5768
5 1828 1829 1830 5769
5 2298 3577 5894 5770
5 3129 3131 5921 5771
5 2502 1852 5818 5772
5 722 318 3595 5773
5 3387 2525 5635 5774
5 2650 3320 4248 5775
5 2221 3091 3601 5776
5 5155 5143 5156 5777
5 2995 2940 5508 5778
5 4340 4338 4812 5779
5 2678 4924 6153 5780
5 4010 4011 4015 5781
5 3238 4092 5942 5782
5 1050 1042 3554 5783
5 3776 4575 6072 5784
5 3627 3640 4900 5785
5 2854 3403 5034 5786
5 1627 1626 1628 5787
5 3849 3848 3854 5788
5 323 726 3648 5789
5 833 832 4817 5790
5 4291 4292 4295 5791
5 1834 1833 1835 5792
5 2100 2101 2750 5793
5 1831 1830 1833 5794
5 1501 5477 6077 5795
5 1826 1827 1828 5796
5 2071 2072 2073 5797
5 3571 2682 3636 5798
5 1240 1344 3576 5799
5 4354 4353 5309 5800
5 1618 1617 1619 5801
5 2897 3474 5299 5802
5 2609 3274 5474 5803
5 5176 4806 5736 5804
5 4205 4466 4941 5805
5 3821 3818 3823 5806
5 3846 3845 3848 5807
5 2046 2048 3592 5808
5 1436 1435 1437 5809
5 1225 3504 3582 5810
5 2366 2368 2369 5811
5 3855 3854 3862 5812
5 4908 4905 5347 5813
5 2460 2356 3574 5814
5 3562 2692 3563 5815
5 1624 1623 1626 5816
5 2255 2017 3601 5817
5 3772 2078 3773 5818
5 650 246 1550 5819
5 3909 4019 4046 5820
5 2854 2846 3560 5821
5 4572 4566 5185 5822
5 2646 2647 2996 5823
5 739 335 3555 5824
5 708 304 1409 5825
5 1364 2143 3614 5826
5 318 721 1635 5827
5 3119 4850 5302 5828
5 1830 1829 1837 5829
5 3571 881 4975 5830
5 2068 2484 3584 5831
5 2247 2079 2341 5832
5 4652 4883 5506 5833
5 3458 3441 4849 5834
5 3565 2761 3566 5835
5 1898 1897 2148 5836
5 2661 3088 4839 5837
5 1534 1535 1559 5838
5 3506 2278 3507 5839
5 4575 4554 6072 5840
5 741 337 1647 5841
5 1828 1827 1829 5842
5 1678 3547 5853 5843
5 2026 2008 3521 5844
5 2818 2153 5071 5845
5 3334 2948 5288 5846
5 4429 1775 6111 5847
5 2460 3574 3575 5848
5 1674 1700 1701 5849
5 322 725 3602 5850
5 1143 1145 1164 5851
5 2632 2631 3246 5852
5 1093 3418 5979 5853
5 3418 1093 5798 5854
5 4638 4699 5646 5855
5 1418 2237 5622 5856
5 2706 5266 5267 5857
5 1629 1628 1630 5858
5 5081 2678 5082 5859
5 2725 2724 5670 5860
5 4766 3401 4793 5861
5 1036 1043 4445 5862
5 2017 2016 3601 5863
5 1622 1621 1623 5864
5 2387 2388 2389 5865
5 246 649 3594 5866
5 2100 1326 2101 5867
5 5101 5102 5112 5868
5 3407 3586 4930 5869
5 3661 3659 4788 5870
5 2385 2386 2387 5871
5 1263 1227 3582 5872
5 1826 1825 1827 5873
5 2033 1858 3588 5874
5 2339 3524 6036 5875
5 3970 5021 5216 5876
5 2073 2074 2323 5877
5 740 336 3543 5878
5 3498 1960 5355 5879
5 250 653 3593 5880
5 338 741 3716 5881
5 1684 1675 1703 5882
5 1822 3578 5171 5883
5 2043 1276 3586 5884
5 885 3491 5407 5885
5 4542 3935 5423 5886
5 2135 1982 2165 5887
5 1047 1054 3589 5888
5 3939 4210 4215 5889
5 4300 4769 5701 5890
5 2161 2256 3531 5891
5 1897 1793 1899 5892
5 856 855 5387 5893
5 2059 2068 3584 5894
5 3255 2321 3584 5895
5 1849 1850 1851 5896
5 3425 4160 5824 5897
5 1559 1560 1912 5898
5 3301 1459 3406 5899
5 2321 2059 3584 5900
5 2962 3342 4992 5901
5 1083 1070 3585 5902
5 387 790 1401 5903
5 3566 804 5849 5904
5 956 953 6070 5905
5 3487 1062 5435 5906
5 712 308 3711 5907
5 1620 1619 1621 5908
5 1794 1793 1897 5909
5 394 797 4098 5910
5 3248 3553 5659 5911
5 657 253 1566 5912
5 4555 4554 4556 5913
5 710 306 3632 5914
5 2227 2225 2228 5915
5 1071 1247 4053 5916
5 951 1097 4828 5917
5 1157 1158 1159 5918
5 1510 1514 3496 5919
5 2383 2384 2385 5920
5 809 808 5346 5921
5 1209 4760 5743 5922
5 3449 5570 5967 5923
5 3268 3267 5871 5924
5 1317 1264 3634 5925
5 4330 4011 5235 5926
5 1101 1103 4829 5927
5 4113 3617 5714 5928
5 4310 4658 4993 5929
5 3925 5005 5006 5930
5 1188 1183 1189 5931
5 253 656 3613 5932
5 4493 1172 5475 5933
5 1200 1104 3223 5934
5 304 707 3615 5935
5 1701 1702 1785 5936
5 383 786 1724 5937
5 2659 2026 3521 5938
5 2275 2046 3592 5939
5 2692 2691 3599 5940
5 668 264 1124 5941
5 264 667 3606 5942
5 4346 4345 4988 5943
5 2450 3107 3600 5944
5 3365 2226 5578 5945
5 859 858 6065 5946
5 4050 1173 5188 5947
5 3589 3396 5535 5948
5 2266 2953 3580 5949
5 468 64 4853 5950
5 2166 1844 2167 5951
5 4026 4027 4605 5952
5 727 323 1634 5953
5 2117 2116 2118 5954
5 3963 5364 6023 5955
5 721 317 3645 5956
5 1666 1260 3621 5957
5 1075 1087 3652 5958
5 2161 1883 2256 5959
5 2048 3562 3592 5960
5 714 310 1400 5961
5 309 712 2420 5962
5 4140 2941 5414 5963
5 4300 3618 4769 5964
5 3017 3450 3451 5965
5 2395 2398 4890 5966
5 324 727 3723 5967
5 2358 2460 3587 5968
5 3426 1097 6060 5969
5 310 713 3650 5970
5 1796 2061 4921 5971
5 2381 2382 2383 5972
5 305 708 3637 5973
5 3570 1187 5791 5974
5 5476 2494 5874 5975
5 651 247 1484 5976
5 1968 2141 2142 5977
5 1276 1273 3586 5978
5 3303 2360 3587 5979
5 923 1356 3567 5980
5 2314 4031 5271 5981
5 1824 1825 1826 5982
5 389 792 3742 5983
5 4819 1925 5996 5984
5 3197 3196 5543 5985
5 3122 2413 5993 5986
5 855 854 5415 5987
5 653 249 3741 5988
5 2659 3284 5752 5989
5 851 850 5925 5990
5 243 646 3609 5991
5 4192 5056 5688 5992
5 77 480 1066 5993
5 5021 5022 5566 5994
5 1824 1142 1825 5995
5 1290 1279 3591 5996
5 2177 2176 5739 5997
5 2139 1948 5627 5998
5 2016 2221 3601 5999
5 804 400 5849 6000
5 384 787 2201 6001
5 2973 3004 4369 6002
5 4025 4603 4698 6003
5 654 250 1483 6004
5 3438 1118 4331 6005
5 2996 2997 2999 6006
5 1159 1162 1165 6007
5 1867 1868 1869 6008
5 1029 1003 4068 6009
5 1684 1703 1968 6010
5 4392 2590 5024 6011
5 709 305 3719 6012
5 713 309 3720 6013
5 3392 2662 3597 6014
5 3866 3863 4977 6015
5 2142 2141 2471 6016
5 3584 2484 4863 6017
5 317 720 1399 6018
5 834 833 5696 6019
5 2376 2381 3349 6020
5 1043 2603 4445 6021
5 1292 1291 1792 6022
5 306 709 2427 6023
5 823 822 6019 6024
5 1673 1674 1675 6025
5 1073 3458 4849 6026
5 3214 3215 4836 6027
5 4213 4207 6087 6028
5 1968 1703 2141 6029
5 3325 2739 5615 6030
5 5893 3158 5967 6031
5 1907 1528 1982 6032
5 5094 5116 5151 6033
5 829 828 5816 6034
5 2837 1486 5783 6035
5 3270 3426 4494 6036
5 4201 4200 4202 6037
5 799 395 2213 6038
5 2735 2167 3119 6039
5 2805 3248 5569 6040
5 707 303 3713 6041
5 1778 4079 6152 6042
5 4952 2040 5658 6043
5 2643 4096 5452 6044
5 245 648 4093 6045
5 5042 3046 5280 6046
5 667 263 3738 6047
5 2327 2728 5055 6048
5 1432 4160 6049 6049
5 4544 4685 4739 6050
5 5214 3765 6033 6051
5 5274 3032 5275 6052
5 2645 3535 5465 6053
5 3433 1874 5534 6054
5 1671 1672 1673 6055
5 4050 4014 6004 6056
5 1238 3576 4089 6057
5 2142 2471 2472 6058
5 247 650 3649 6059
5 311 714 3694 6060
5 5455 3987 5884 6061
5 252 655 4092 6062
5 1162 1160 1163 6063
5 1032 1882 3655 6064
5 1481 1488 4767 6065
5 1264 1350 3634 6066
5 669 265 1638 6067
5 2848 2850 4087 6068
5 1138 1142 1824 6069
5 4200 4199 5838 6070
5 1912 1913 3001 6071
5 5494 3044 5832 6072
5 725 321 2399 6073
5 1172 4642 4784 6074
5 2687 1826 3706 6075
5 1439 1437 1440 6076
5 2282 2280 4051 6077
5 4072 2729 5699 6078
5 1788 4671 4750 6079
5 3470 2257 4957 6080
5 4622 4616 4773 6081
5 303 706 1651 6082
5 4203 4202 4204 6083
5 1988 3598 4925 6084
5 3354 882 5304 6085
5 1090 3057 5008 6086
5 4992 918 5989 6087
5 5783 5784 6136 6088
5 794 390 1731 6089
5 658 254 1565 6090
5 504 100 1171 6091
5 1818 1556 3448 6092
5 2676 3256 4678 6093
5 265 668 3709 6094
5 1673 1672 1674 6095
5 1441 1440 1443 6096
5 3556 1825 4468 6097
5 3383 2241 5737 6098
5 1151 1153 1161 6099
5 5484 3042 5799 6100
5 3474 3157 5260 6101
5 1384 1385 1391 6102
5 1142 1143 4468 6103
5 1829 1832 4120 6104
5 386 789 3704 6105
5 467 63 4279 6106
5 1544 1820 5018 6107
5 385 788 2200 6108
5 720 316 3721 6109
5 4857 2725 5670 6110
5 3255 3584 4863 6111
5 2728 3553 5055 6112
5 2301 2299 4095 6113
5 330 733 1611 6114
5 3624 2719 5283 6115
5 1440 1437 5025 6116
5 742 338 1646 6117
5 666 262 4055 6118
5 334 737 1616 6119
5 673 269 4088 6120
5 1136 2038 5545 6121
5 1359 1091 3647 6122
5 254 657 3707 6123
5 1929 4717 4902 6124
5 635 231 4056 6125
5 2247 2341 3371 6126
5 1177 1182 1185 6127
5 647 243 1558 6128
5 3876 3875 3979 6129
5 4924 2678 5080 6130
5 3685 3682 4431 6131
5 4064 4066 4883 6132
5 728 324 1451 6133
5 316 719 3722 6134
5 827 900 4897 6135
5 1021 1031 4255 6136
5 2773 2946 4672 6137
5 3689 1994 5066 6138
5 1851 1852 1853 6139
5 2258 3205 3616 6140
5 2481 4360 5293 6141
5 670 266 1637 6142
5 982 983 4221 6143
5 640 236 1445 6144
5 3736 3338 4121 6145
5 335 738 2380 6146
5 1387 4247 5003 6147
5 689 285 2567 6148
5 2324 2074 2724 6149
5 648 244 2249 6150
5 2729 4072 4073 6151
5 655 251 2743 6152
5 3618 1368 4769 6153
5 2662 2817 3597 6154
5 2532 3536 5511 6155
5 2075 2748 3656 6156
5 706 302 3731 6157
5 4557 4556 4558 6158
5 339 742 4127 6159
5 1031 1026 3655 6160
5 1742 2056 5285 6161
5 3785 3782 3786 6162
5 3242 2754 4090 6163
5 2362 2364 2365 6164
5 4604 1783 4736 6165
5 4915 4999 5000 6166
5 695 291 1415 6167
5 674 270 4117 6168
5 917 920 4777 6169
5 2633 2789 4090 6170
5 683 279 4125 6171
5 1950 1951 4377 6172
5 3305 1761 5840 6173
5 1211 1210 1291 6174
5 646 242 4122 6175
5 1348 1346 3737 6176
5 3833 5614 5718 6177
5 2288 2036 4327 6178
5 1217 4300 5701 6179
5 664 260 4137 6180
5 2653 2954 5379 6181
5 2667 2666 5239 6182
5 5223 3822 5869 6183
5 958 960 5516 6184
5 1163 1167 1184 6185
5 3399 3400 6026 6186
5 1003 1007 4068 6187
5 3414 2352 5666 6188
5 1126 1128 1712 6189
5 3763 3765 5213 6190
5 715 311 1662 6191
5 1272 1358 5013 6192
5 4514 3675 4637 6193
5 912 3283 4371 6194
5 5109 5108 5134 6195
5 1471 1472 1473 6196
5 1548 4113 5714 6197
5 1693 1295 4100 6198
5 678 274 2591 6199
5 248 651 3718 6200
5 266 669 3735 6201
5 2664 1919 5638 6202
5 1948 1352 4725 6203
5 3585 1071 4053 6204
5 4428 3930 5771 6205
5 1133 1135 1137 6206
5 665 261 4110 6207
5 3992 3993 5188 6208
5 5141 5143 5155 6209
5 671 267 1429 6210
5 1720 1631 4989 6211
5 3452 1322 4761 6212
5 1350 1249 4741 6213
5 1185 4272 5351 6214
5 2565 2955 5929 6215
5 1292 1792 1793 6216
5 3824 3823 3835 6217
5 659 255 1433 6218
5 813 879 4926 6219
5 1165 1670 1671 6220
5 3259 4787 6025 6221
5 3497 1960 3498 6222
5 882 824 5304 6223
5 1993 4321 5823 6224
5 100 503 4228 6225
5 3787 3786 3789 6226
5 990 992 3734 6227
5 251 654 3724 6228
5 370 773 1718 6229
5 983 1001 4221 6230
5 4865 3773 5297 6231
5 2231 3135 3708 6232
5 684 280 4107 6233
5 3216 3218 4629 6234
5 2679 4760 5796 6235
5 1836 1862 3533 6236
5 679 275 1119 6237
5 672 268 1553 6238
5 738 334 4085 6239
5 685 281 4132 6240
5 5496 3089 6006 6241
5 291 694 4112 6242
5 694 290 1642 6243
5 704 300 4155 6244
5 5784 2683 6136 6245
5 1391 1392 1507 6246
5 953 5361 6070 6247
5 2103 3058 4365 6248
5 686 282 4076 6249
5 302 705 1408 6250
5 2255 3601 4895 6251
5 2677 2676 4678 6252
5 2699 2063 6050 6253
5 942 944 4057 6254
5 2682 2616 4764 6255
5 5088 2530 5089 6256
5 2155 1953 4103 6257
5 1304 1314 4488 6258
5 1026 1032 3655 6259
5 5453 4080 5455 6260
5 1396 2297 6102 6261
5 675 271 3736 6262
5 2074 2072 4487 6263
5 2217 3747 5940 6264
5 916 4777 5645 6265
5 263 666 1568 6266
5 1803 1802 1804 6267
5 3112 2118 5637 6268
5 292 695 4086 6269
5 3674 3679 3680 6270
5 249 652 1482 6271
5 3059 5676 5984 6272
5 376 779 1726 6273
5 286 689 4078 6274
5 3371 2341 3372 6275
5 1247 1253 4053 6276
5 4001 4271 5218 6277
5 5103 5126 5127 6278
5 5809 5807 5811 6279
5 267 670 4082 6280
5 896 3489 5268 6281
5 312 715 4074 6282
5 1319 1367 3328 6283
5 331 734 1654 6284
5 2164 3496 3497 6285
5 2348 3416 4948 6286
5 734 330 4135 6287
5 1671 1670 1672 6288
5 4094 3343 5478 6289
5 693 289 1417 6290
5 1895 4806 5176 6291
5 333 736 1632 6292
5 1522 1520 3455 6293
5 255 658 4052 6294
5 2369 2370 2371 6295
5 4358 3895 4664 6296
5 1269 1289 4930 6297
5 275 678 4104 6298
5 270 673 1427 6299
5 290 693 4131 6300
5 660 256 1548 6301
5 2939 3371 4457 6302
5 2812 3007 4742 6303
5 1211 1291 1292 6304
5 680 276 1650 6305
5 705 301 4111 6306
5 737 333 4070 6307
5 3111 3644 5561 6308
5 696 292 1569 6309
5 1879 1348 3737 6310
5 281 684 1420 6311
5 3688 3391 4700 6312
5 690 286 1115 6313
5 285 688 4165 6314
5 1853 1854 1856 6315
5 269 672 4116 6316
5 692 288 1648 6317
5 2373 2374 2375 6318
5 662 258 1432 6319
5 3065 3063 3629 6320
5 2752 2495 5958 6321
5 1161 3540 5029 6322
5 3763 2342 6033 6323
5 691 287 1652 6324
5 1322 1285 4761 6325
5 719 315 1660 6326
5 268 671 4108 6327
5 4685 3784 4739 6328
5 968 970 4102 6329
5 2299 2658 4095 6330
5 2375 2376 3349 6331
5 661 257 1639 6332
5 3342 2963 4957 6333
5 1207 1206 1208 6334
5 244 647 4083 6335
5 1973 1860 3446 6336
5 677 273 1563 6337
5 1366 2002 3635 6338
5 1182 1183 1188 6339
5 1733 1732 1734 6340
5 2866 2867 5681 6341
5 676 272 1428 6342
5 289 692 4145 6343
5 681 277 1649 6344
5 645 241 4161 6345
5 1295 1287 4100 6346
5 642 238 4264 6347
5 4037 4009 4705 6348
5 276 679 4114 6349
5 950 952 4159 6350
5 2371 2372 2373 6351
5 3619 3618 4300 6352
5 639 235 1549 6353
5 1010 1012 4149 6354
5 2244 1971 3708 6355
5 682 278 1422 6356
5 274 677 4156 6357
5 3449 2945 5570 6358
5 2683 5784 5834 6359
5 3378 2244 3708 6360
5 1007 2350 4068 6361
5 371 774 1738 6362
5 1306 1304 4488 6363
5 3372 3570 5791 6364
5 433 29 1193 6365
5 301 704 1643 6366
5 279 682 4163 6367
5 2904 5448 5456 6368
5 287 690 4142 6369
5 3958 4462 4478 6370
5 3527 1020 5036 6371
5 288 691 4147 6372
5 62 465 2310 6373
5 5365 2443 6023 6374
5 663 259 1552 6375
5 4932 1193 5027 6376
5 3457 2711 4955 6377
5 480 76 4390 6378
5 283 686 4115 6379
5 699 295 4232 6380
5 687 283 1421 6381
5 466 62 4968 6382
5 2739 3617 5615 6383
5 2236 2949 2950 6384
5 631 227 4126 6385
5 688 284 1641 6386
5 280 683 1570 6387
5 282 685 1640 6388
5 365 768 1974 6389
5 271 674 1564 6390
5 300 703 4249 6391
5 4186 5222 5223 6392
5 2223 1268 6146 6393
5 503 99 4224 6394
5 372 775 2630 6395
5 315 718 4243 6396
5 5081 5082 5685 6397
5 2468 3614 4858 6398
5 3754 5213 5898 6399
5 4638 2296 4699 6400
5 5302 2810 5545 6401
5 262 665 1567 6402
5 1302 1301 5231 6403
5 5210 5211 5212 6404
5 272 675 4121 6405
5 3601 3091 4895 6406
5 3711 3307 5487 6407
5 1881 1033 4445 6408
5 482 78 2479 6409
5 277 680 4144 6410
5 4918 5347 5679 6411
5 1287 1322 4100 6412
5 256 659 4113 6413
5 2166 2735 3643 6414
5 2235 3618 3619 6415
5 3762 4299 5510 6416
5 1783 4608 6176 6417
5 375 778 4150 6418
5 3413 4990 5802 6419
5 641 237 1541 6420
5 1953 1843 4103 6421
5 469 65 4216 6422
5 278 681 4157 6423
5 4194 4199 4200 6424
5 284 687 4164 6425
5 273 676 4158 6426
5 2629 2187 4887 6427
5 3588 1859 4663 6428
5 946 948 4245 6429
5 101 504 4950 6430
5 1971 2231 3708 6431
5 1685 1684 4359 6432
5 1098 1258 4097 6433
5 5854 5158 6114 6434
5 232 635 1470 6435
5 2236 2234 2949 6436
5 1514 1532 3496 6437
5 1746 1744 3313 6438
5 3919 4971 4972 6439
5 3307 2815 5487 6440
5 3913 3864 5754 6441
5 716 312 1661 6442
5 2352 3193 5666 6443
5 2082 1961 2154 6444
5 1346 1349 3737 6445
5 2683 2352 6136 6446
5 638 234 1546 6447
5 2077 4972 4973 6448
5 1405 1407 1425 6449
5 743 339 1390 6450
5 1843 1879 4103 6451
5 382 785 2305 6452
5 3790 3789 3791 6453
5 1372 1373 1551 6454
5 4261 2165 5758 6455
5 3749 3756 3757 6456
5 1921 1922 1923 6457
5 1249 1231 4741 6458
5 366 769 2463 6459
5 644 240 4257 6460
5 3493 3718 4928 6461
5 3385 1248 5398 6462
5 260 663 4219 6463
5 257 660 4146 6464
5 2350 1010 4149 6465
5 2340 2339 6036 6466
5 332 735 1387 6467
5 2065 2234 2236 6468
5 258 661 4160 6469
5 261 664 1434 6470
5 964 966 4231 6471
5 735 331 4247 6472
5 3551 3510 5914 6473
5 2785 2772 5014 6474
5 643 239 4270 6475
5 736 332 4139 6476
5 259 662 4153 6477
5 3990 3975 3991 6478
5 3636 2682 4333 6479
5 929 932 5551 6480
5 2832 4028 4865 6481
5 340 743 4276 6482
5 1159 1160 1162 6483
5 1002 1030 4281 6484
5 4830 2734 5750 6485
5 2863 4094 5567 6486
5 236 639 4222 6487
5 2007 1685 4359 6488
5 294 697 1416 6489
5 3850 4479 4480 6490
5 703 299 1410 6491
5 698 294 4258 6492
5 1087 3422 3652 6493
5 1742 1844 2055 6494
5 953 4828 5361 6495
5 1319 1208 1367 6496
5 2233 2288 4254 6497
5 986 988 4242 6498
5 1244 1213 3740 6499
5 5650 5532 5651 6500
5 1900 3656 5177 6501
5 2657 2323 3653 6502
5 718 314 1659 6503
5 237 640 4101 6504
5 1229 1263 4831 6505
5 65 468 4169 6506
5 4034 4404 5830 6507
5 3560 2848 4087 6508
5 1404 1405 3475 6509
5 1695 1075 3652 6510
5 1189 1192 1199 6511
5 2758 2799 4443 6512
5 2120 2118 2121 6513
5 1285 1283 4761 6514
5 1496 1493 1497 6515
5 99 502 1766 6516
5 66 469 3806 6517
5 2970 2468 4858 6518
5 1210 1198 3463 6519
5 313 716 4220 6520
5 296 699 4234 6521
5 1143 1164 4468 6522
5 2616 2618 4764 6523
5 4048 3937 5366 6524
5 299 702 4260 6525
5 957 1679 4263 6526
5 4285 4287 5046 6527
5 391 794 4474 6528
5 629 225 4324 6529
5 3353 3352 6032 6530
5 1388 4656 5277 6531
5 1761 2157 5840 6532
5 3500 901 5402 6533
5 4143 5572 5573 6534
5 4684 4552 5900 6535
5 2999 3690 6144 6536
5 3614 2143 4858 6537
5 2610 3374 5328 6538
5 2844 2854 5034 6539
5 733 329 4059 6540
5 3815 4932 5027 6541
5 2065 1981 2234 6542
5 633 229 1540 6543
5 3170 3219 6085 6544
5 314 717 4296 6545
5 3929 4525 5700 6546
5 630 226 4329 6547
5 702 298 1656 6548
5 903 810 4994 6549
5 377 780 4297 6550
5 3368 1394 4877 6551
5 2802 3244 5571 6552
5 1018 1021 4255 6553
5 1980 1981 2065 6554
5 465 61 4379 6555
5 1980 1368 1981 6556
5 1204 1202 1217 6557
5 2878 2945 4834 6558
5 992 1000 3734 6559
5 2612 3571 4975 6560
5 628 224 1561 6561
5 295 698 1655 6562
5 1677 3526 5272 6563
5 952 1023 4159 6564
5 2297 4250 6102 6565
5 2095 2742 4986 6566
5 1012 1020 4149 6567
5 2956 2282 4051 6568
5 723 319 4870 6569
5 4491 1978 5006 6570
5 3014 2442 5949 6571
5 3342 922 4992 6572
5 1108 1875 4829 6573
5 4218 4940 5442 6574
5 1108 1111 1875 6575
5 3530 2787 4939 6576
5 1088 1098 4097 6577
5 959 956 6070 6578
5 2124 2035 2352 6579
5 5397 1340 6147 6580
5 78 481 4133 6581
5 787 383 4069 6582
5 298 701 4280 6583
5 3524 3062 6036 6584
5 3319 2475 5032 6585
5 2280 3444 4051 6586
5 2850 2855 4087 6587
5 1442 1741 1742 6588
5 3507 2208 3508 6589
5 1841 1839 4327 6590
5 2747 2128 2749 6591
5 3438 3240 3740 6592
5 242 645 1557 6593
5 701 297 1657 6594
5 1268 5529 6146 6595
5 238 641 4244 6596
5 2351 4440 4907 6597
5 228 631 1457 6598
5 233 636 1545 6599
5 614 210 1478 6600
5 1281 1290 4876 6601
5 5195 1891 5836 6602
5 3898 3819 3976 6603
5 632 228 3607 6604
5 470 66 4167 6605
5 4813 3917 6046 6606
5 1058 1073 4849 6607
5 374 777 4251 6608
5 3361 3312 4791 6609
5 2604 3384 6159 6610
5 1183 5264 6024 6611
5 2885 2887 5291 6612
5 4013 4667 5431 6613
5 1397 1403 1404 6614
5 1439 1441 1442 6615
5 4570 4561 4571 6616
5 4002 4004 4005 6617
5 2389 2390 4818 6618
5 3837 3858 5591 6619
5 2915 3124 5265 6620
5 5137 5149 5153 6621
5 774 370 4240 6622
5 297 700 4320 6623
5 373 776 1395 6624
5 4037 4705 6045 6625
5 700 296 1116 6626
5 2774 2987 5024 6627
5 1826 1828 3706 6628
5 1367 1368 1980 6629
5 1165 1162 1670 6630
5 2241 3383 5759 6631
5 447 43 4336 6632
5 2075 1901 2128 6633
5 2213 4936 5209 6634
5 1324 1874 3705 6635
5 1625 4643 5030 6636
5 3750 2217 6013 6637
5 3489 886 4956 6638
5 3909 4046 5366 6639
5 3370 3369 6082 6640
5 2449 5389 5504 6641
5 4906 4905 4908 6642
5 626 222 4385 6643
5 717 313 1398 6644
5 1908 2655 4498 6645
5 3750 2211 5800 6646
5 425 21 5286 6647
5 4434 4437 5735 6648
5 231 634 1539 6649
5 3792 3791 3794 6650
5 1001 986 4242 6651
5 2102 1326 3705 6652
5 3898 3977 5391 6653
5 4693 4694 5569 6654
5 1357 982 4221 6655
5 29 432 5027 6656
5 3602 2399 6055 6657
5 326 729 1453 6658
5 4324 3516 5883 6659
5 979 964 4231 6660
5 3070 3071 5509 6661
5 5012 4742 5279 6662
5 507 103 1752 6663
5 2852 3216 4629 6664
5 103 506 4265 6665
5 3569 2867 5828 6666
5 970 978 4102 6667
5 2000 4617 4618 6668
5 944 1024 4057 6669
5 4057 1024 4058 6670
5 769 365 4253 6671
5 4492 4493 5475 6672
5 2842 3486 5407 6673
5 3405 2927 4768 6674
5 1900 1467 1901 6675
5 1326 1324 3705 6676
5 1753 1748 1772 6677
5 3647 2911 4920 6678
5 4146 3402 5824 6679
5 1805 1804 1810 6680
5 2870 4381 4382 6681
5 3320 3319 5702 6682
5 79 482 4230 6683
5 450 46 1190 6684
5 388 791 4259 6685
5 3828 5556 6135 6686
5 2071 2070 2072 6687
5 1972 2697 5987 6688
5 1025 5748 6086 6689
5 773 369 4138 6690
5 775 371 4246 6691
5 3208 1977 5817 6692
5 3140 3141 5323 6693
5 3306 2241 5759 6694
5 2831 4598 5238 6695
5 3311 2717 5887 6696
5 2811 2625 5054 6697
5 2271 2121 2485 6698
5 4524 4049 4703 6699
5 3629 5575 5775 6700
5 392 795 2239 6701
5 1677 942 4057 6702
5 2070 1950 2246 6703
5 2333 2335 2336 6704
5 2110 4918 5725 6705
5 4523 1902 5316 6706
5 4670 3951 5966 6707
5 625 221 1461 6708
5 369 772 4237 6709
5 216 619 3726 6710
5 2607 4619 4623 6711
5 5577 2813 5946 6712
5 3749 3757 4475 6713
5 4794 3826 5742 6714
5 3333 2301 4095 6715
5 63 466 4178 6716
5 5028 1453 5968 6717
5 955 957 4263 6718
5 2621 3730 4982 6719
5 744 340 1653 6720
5 4319 3942 5591 6721
5 1539 5308 6082 6722
5 483 79 4274 6723
5 1213 3438 3740 6724
5 2208 3507 5388 6725
5 46 449 4282 6726
5 1216 4261 4262 6727
5 4551 4553 6097 6728
5 779 375 4166 6729
5 3228 4653 4654 6730
5 4258 1416 6011 6731
5 502 98 4252 6732
5 1669 1950 2070 6733
5 2123 1833 4388 6734
5 1633 4375 6095 6735
5 241 644 1446 6736
5 2323 2074 2324 6737
5 1023 955 4263 6738
5 6072 4554 6097 6739
5 341 744 4401 6740
5 790 386 3732 6741
5 922 919 4992 6742
5 4515 3726 4726 6743
5 4921 2061 5413 6744
5 4819 1914 6134 6745
5 1430 1435 1436 6746
5 789 385 3695 6747
5 4357 4376 5831 6748
5 998 1002 4281 6749
5 2075 2128 2747 6750
5 786 382 3729 6751
5 3558 1350 4741 6752
5 899 4333 4764 6753
5 1837 1829 4120 6754
5 3097 3305 5840 6755
5 2686 1374 5835 6756
5 3839 3836 5052 6757
5 2823 3199 5019 6758
5 3067 2760 3463 6759
5 2263 1987 4925 6760
5 2602 4985 5197 6761
5 3144 3270 5462 6762
5 329 732 1633 6763
5 3478 2895 5968 6764
5 1814 5044 5307 6765
5 780 376 4062 6766
5 477 73 4386 6767
5 3665 3666 3667 6768
5 2073 2072 2074 6769
5 3460 3332 5516 6770
5 104 507 4325 6771
5 30 433 5160 6772
5 239 642 1542 6773
5 2718 3622 5621 6774
5 5183 2790 5597 6775
5 1356 925 6071 6776
5 3362 3238 5542 6777
5 75 478 4355 6778
5 1231 1229 4831 6779
5 2341 2079 2649 6780
5 3641 2279 4707 6781
5 3243 1925 3337 6782
5 3759 2238 5800 6783
5 2203 2204 2205 6784
5 5136 5135 5138 6785
5 1710 950 4159 6786
5 4230 3981 4274 6787
5 4823 4439 4880 6788
5 1698 4102 4154 6789
5 1525 1544 5018 6790
5 972 974 4267 6791
5 1571 1644 1645 6792
5 3626 3624 5283 6793
5 240 643 1554 6794
5 1680 1018 4255 6795
5 308 711 5035 6796
5 506 102 4353 6797
5 3815 4684 4932 6798
5 4632 4771 5822 6799
5 3937 3978 5366 6800
5 98 501 4403 6801
5 3683 4753 4873 6802
5 1258 3635 4097 6803
5 1473 1474 1512 6804
5 4536 3783 6121 6805
5 3795 3794 3796 6806
5 4334 2626 4663 6807
5 3979 3983 5345 6808
5 3386 2525 3387 6809
5 2188 2189 2190 6810
5 5133 5136 5148 6811
5 778 374 1727 6812
5 1024 946 4245 6813
5 2324 2724 2725 6814
5 3979 3980 3983 6815
5 479 75 3857 6816
5 4621 4616 4622 6817
5 1689 990 3734 6818
5 2606 3701 6137 6819
5 436 32 2831 6820
5 2984 3349 5886 6821
5 5134 2528 5135 6822
5 3291 3295 5454 6823
5 2645 3633 4712 6824
5 2125 2734 2757 6825
5 505 101 4397 6826
5 4302 4173 4303 6827
5 1197 1210 1211 6828
5 1645 2042 2684 6829
5 1859 4334 4663 6830
5 478 74 4376 6831
5 4033 4367 4444 6832
5 5479 3547 5586 6833
5 948 1710 4245 6834
5 3604 2904 5456 6835
5 994 996 4275 6836
5 3717 2796 4254 6837
5 788 384 4119 6838
5 2062 5536 5703 6839
5 776 372 4332 6840
5 980 984 4483 6841
5 76 479 4389 6842
5 464 60 4387 6843
5 3530 4219 5876 6844
5 3651 2816 5226 6845
5 449 45 4400 6846
5 434 30 4673 6847
5 2890 2130 4864 6848
5 455 51 2312 6849
5 448 44 4372 6850
5 1883 1908 4498 6851
5 484 80 4362 6852
5 1669 1658 1950 6853
5 432 28 3815 6854
5 441 37 4421 6855
5 97 500 4367 6856
5 4620 4621 4622 6857
5 472 68 4467 6858
5 102 505 3883 6859
5 2992 1209 5743 6860
5 5079 4801 5080 6861
5 485 81 3860 6862
5 1367 1208 1368 6863
5 3621 1261 4921 6864
5 80 483 2478 6865
5 2969 3621 4921 6866
5 451 47 4384 6867
5 501 97 1764 6868
5 3599 2972 4856 6869
5 1460 1464 5193 6870
5 1929 4903 4904 6871
5 43 446 4352 6872
5 67 470 4301 6873
5 3391 3688 5066 6874
5 475 71 4313 6875
5 1242 1262 5300 6876
5 1414 1419 1423 6877
5 4632 4745 4771 6878
5 3563 3564 4817 6879
5 894 3484 5657 6880
5 463 59 4406 6881
5 4267 1706 4268 6882
5 51 454 4364 6883
5 624 220 3029 6884
5 1698 968 4102 6885
5 2021 2069 2125 6886
5 4600 435 5497 6887
5 1856 2666 2667 6888
5 1375 1378 1383 6889
5 621 217 4484 6890
5 5107 2622 5108 6891
5 2170 2001 4833 6892
5 107 510 4393 6893
5 5082 5083 5685 6894
5 2796 2233 4254 6895
5 460 56 4195 6896
5 4636 2648 5633 6897
5 70 473 4430 6898
5 396 5209 5523 6899
5 3454 2661 4839 6900
5 920 3567 4777 6901
5 3797 3796 3798 6902
5 4027 4744 5401 6903
5 456 52 4209 6904
5 1317 3634 5832 6905
5 81 484 4398 6906
5 3554 1678 5853 6907
5 74 477 3810 6908
5 4988 4348 5771 6909
5 1051 3482 6071 6910
5 730 326 4503 6911
5 1758 1755 1760 6912
5 446 42 4394 6913
5 508 104 3965 6914
5 1121 1140 4331 6915
5 5085 2529 5086 6916
5 476 72 3811 6917
5 3655 3258 5999 6918
5 1423 1424 2146 6919
5 2104 2457 5023 6920
5 105 508 4418 6921
5 2855 2852 4629 6922
5 457 53 3801 6923
5 3372 2341 3570 6924
5 3799 3798 3800 6925
5 4564 4580 4582 6926
5 82 485 4408 6927
5 777 373 4277 6928
5 1140 1123 4682 6929
5 3400 3557 6026 6930
5 2703 4278 5985 6931
5 3397 3459 5491 6932
5 3802 3800 3803 6933
5 1336 1333 1743 6934
5 4483 3453 5362 6935
5 1423 2146 2267 6936
5 3397 5491 6041 6937
5 2880 2878 4834 6938
5 1900 1901 2075 6939
5 461 57 4449 6940
5 462 58 4459 6941
5 4239 771 5447 6942
5 226 629 1562 6943
5 519 115 1756 6944
5 2618 2807 4862 6945
5 512 108 1775 6946
5 768 364 4241 6947
5 108 511 4464 6948
5 2473 3565 5032 6949
5 116 519 4414 6950
5 61 464 4185 6951
5 452 48 4399 6952
5 1508 1658 1669 6953
5 454 50 4446 6954
5 73 476 4450 6955
5 3809 3808 3817 6956
5 225 628 4298 6957
5 95 498 3908 6958
5 2118 3112 5145 6959
5 797 393 1730 6960
5 4506 5195 5836 6961
5 4743 4633 5331 6962
5 4309 4310 4311 6963
5 966 1698 4231 6964
5 4717 1929 4904 6965
5 471 67 3804 6966
5 1283 1281 4876 6967
5 2959 3506 5416 6968
5 473 69 4458 6969
5 489 85 4460 6970
5 781 377 2195 6971
5 3381 4665 5699 6972
5 765 361 2768 6973
5 445 41 4496 6974
5 84 487 4476 6975
5 60 463 2309 6976
5 1329 3328 5292 6977
5 4308 4318 5825 6978
5 1212 3447 6094 6979
5 1805 1810 1811 6980
5 72 475 4415 6981
5 3807 3803 3808 6982
5 791 387 4299 6983
5 509 105 4486 6984
5 1433 4052 5615 6985
5 44 447 2316 6986
5 453 49 4469 6987
5 1803 4859 5692 6988
5 495 91 3847 6989
5 1000 994 4275 6990
5 4300 1217 6009 6991
5 3323 1215 5598 6992
5 2972 3045 4856 6993
5 824 823 5304 6994
5 2267 3310 4668 6995
5 2724 2074 4487 6996
5 227 630 2732 6997
5 511 107 1777 6998
5 988 1689 4242 6999
5 106 509 1751 7000
5 474 70 1337 7001
5 4404 4034 4405 7002
5 4335 4310 4993 7003
5 2267 3061 3310 7004
5 510 106 4472 7005
5 364 767 1975 7006
5 86 489 3841 7007
5 4435 4882 4942 7008
5 4290 4294 4940 7009
5 4121 3338 5524 7010
5 3633 2427 5261 7011
5 115 518 4512 7012
5 500 96 4444 7013
5 424 20 4749 7014
5 47 450 4351 7015
5 978 972 4267 7016
5 3494 3056 5253 7017
5 3831 4814 4988 7018
5 2297 3225 4250 7019
5 745 341 1663 7020
5 458 54 3812 7021
5 486 82 4409 7022
5 71 474 4489 7023
5 499 95 4517 7024
5 1155 1157 1894 7025
5 2764 2763 2765 7026
5 59 462 4188 7027
5 117 520 4470 7028
5 57 460 4448 7029
5 3600 905 5640 7030
5 2572 2857 4949 7031
5 3363 2735 5642 7032
5 342 745 4396 7033
5 327 730 1681 7034
5 222 625 4368 7035
5 52 455 4413 7036
5 520 116 1905 7037
5 3489 4956 5268 7038
5 2166 2167 2735 7039
5 2801 2042 4974 7040
5 68 471 4482 7041
5 5222 3940 6119 7042
5 33 436 5238 7043
5 4778 2738 5542 7044
5 3062 2447 6036 7045
5 3028 4454 4724 7046
5 2750 4365 4725 7047
5 976 980 4483 7048
5 48 451 3816 7049
5 4016 5050 6088 7050
5 21 424 1335 7051
5 3486 885 5407 7052
5 2154 1961 2348 7053
5 4038 3926 4765 7054
5 1405 1425 3475 7055
5 1512 1474 3423 7056
5 42 445 2315 7057
5 2362 2365 3412 7058
5 45 448 4284 7059
5 5090 5091 5116 7060
5 1792 2729 6038 7061
5 349 752 4719 7062
5 488 84 3842 7063
5 1814 3395 5674 7064
5 53 456 4452 7065
5 4423 3929 5700 7066
5 1140 4682 5234 7067
5 85 488 4510 7068
5 3158 1299 5967 7069
5 3919 5553 5994 7070
5 69 472 3805 7071
5 3942 4335 4993 7072
5 1835 2123 4490 7073
5 1019 1049 5356 7074
5 1443 1447 1455 7075
5 487 83 4511 7076
5 4149 1020 4628 7077
5 92 495 4479 7078
5 1436 1437 1439 7079
5 4039 4001 5218 7080
5 3993 3995 3996 7081
5 808 877 5346 7082
5 4047 93 5443 7083
5 221 624 4453 7084
5 2973 2670 3003 7085
5 2143 2866 4858 7086
5 767 363 4507 7087
5 2361 2362 3412 7088
5 459 55 1330 7089
5 1061 1058 4849 7090
5 521 117 1903 7091
5 1062 1064 5435 7092
5 442 38 4471 7093
5 1684 1968 4359 7094
5 50 453 3813 7095
5 490 86 4639 7096
5 2598 3252 4841 7097
5 4990 3525 5802 7098
5 5103 2752 5105 7099
5 58 461 2311 7100
5 2215 2219 5904 7101
5 1118 1121 4331 7102
5 439 35 4426 7103
5 1839 3533 4327 7104
5 3768 5020 5021 7105
5 1359 3647 4920 7106
5 96 499 1765 7107
5 2888 2886 5629 7108
5 2602 2594 4148 7109
5 1787 998 4281 7110
5 4091 4153 6049 7111
5 54 457 4465 7112
5 2148 5914 6018 7113
5 884 856 5387 7114
5 996 1787 4275 7115
5 211 614 4321 7116
5 1271 1269 4930 7117
5 1016 1680 5036 7118
5 4695 4633 4743 7119
5 528 124 1769 7120
5 2336 2337 2361 7121
5 1439 1440 1441 7122
5 2339 2097 6167 7123
5 2042 1644 3235 7124
5 223 626 3021 7125
5 56 459 4518 7126
5 2562 5072 5766 7127
5 2491 2752 5958 7128
5 1188 4654 5333 7129
5 518 114 3953 7130
5 615 211 1993 7131
5 498 94 4451 7132
5 619 215 4726 7133
5 496 92 3850 7134
5 1508 1507 1658 7135
5 438 34 2830 7136
5 1825 1142 4468 7137
5 2874 2540 3395 7138
5 1874 2978 5534 7139
5 49 452 3793 7140
5 1028 3207 5797 7141
5 3113 5002 5157 7142
5 591 187 6080 7143
5 2036 1841 4327 7144
5 444 40 4594 7145
5 755 351 4751 7146
5 2945 2876 5570 7147
5 1907 1982 2135 7148
5 4753 3681 6017 7149
5 4859 3561 5416 7150
5 3586 1271 4930 7151
5 2705 2704 2706 7152
5 793 389 3761 7153
5 732 328 4375 7154
5 5321 5320 5945 7155
5 2702 3329 4887 7156
5 3470 4957 5468 7157
5 191 594 6112 7158
5 437 33 4530 7159
5 4844 4016 6088 7160
5 1391 1507 1508 7161
5 3870 4306 5343 7162
5 1314 3326 6163 7163
5 1456 1467 1900 7164
5 2764 3767 5689 7165
5 2065 2236 4073 7166
5 2055 1844 2166 7167
5 2574 2573 2575 7168
5 622 218 3657 7169
5 83 486 1181 7170
5 1980 2065 4072 7171
5 4610 4660 4661 7172
5 2628 3357 3358 7173
5 2083 1551 2168 7174
5 124 527 4640 7175
5 3187 3184 5466 7176
5 1005 307 3534 7177
5 1744 2084 3313 7178
5 3714 1651 3715 7179
5 3780 3779 3781 7180
5 1020 1014 5036 7181
5 751 347 4697 7182
5 55 458 4500 7183
5 1025 938 5272 7184
5 4612 3671 4613 7185
5 22 425 4679 7186
5 1994 3390 5066 7187
5 3525 1410 5802 7188
5 1742 1741 1844 7189
5 1830 1837 4388 7190
5 2260 5225 5262 7191
5 2396 3603 6042 7192
5 1111 1113 4723 7193
5 5151 565 5842 7194
5 38 441 1332 7195
5 380 783 3064 7196
5 353 756 4766 7197
5 4565 4570 5971 7198
5 2061 2138 5413 7199
5 1611 4060 4061 7200
5 1113 1214 4723 7201
5 3896 3982 6066 7202
5 3680 3681 3682 7203
5 443 39 4522 7204
5 772 368 1719 7205
5 2257 2122 4995 7206
5 5085 5093 5863 7207
5 5182 2803 5327 7208
5 618 214 4513 7209
5 2003 2241 4676 7210
5 4958 3097 5840 7211
5 2158 2695 6143 7212
5 792 388 2218 7213
5 1479 1489 1490 7214
5 1744 1743 2084 7215
5 974 1706 4267 7216
5 5247 4029 5786 7217
5 4212 4206 4797 7218
5 3592 3562 4991 7219
5 1082 1076 5672 7220
5 2796 3472 5682 7221
5 4435 4881 4882 7222
5 494 90 3852 7223
5 4801 4924 5080 7224
5 41 444 3814 7225
5 2156 4778 5992 7226
5 4741 1231 4831 7227
5 2083 2168 2679 7228
5 623 219 1917 7229
5 440 36 3929 7230
5 1987 1988 4925 7231
5 125 528 4501 7232
5 4183 4197 5427 7233
5 4891 3992 5188 7234
5 893 3548 5385 7235
5 3483 893 5385 7236
5 2113 2114 2115 7237
5 5395 2686 5396 7238
5 3095 1721 6169 7239
5 616 212 1991 7240
5 4440 2351 5708 7241
5 4124 5405 5406 7242
5 4560 5185 5971 7243
5 1328 3299 5920 7244
5 3115 2601 5296 7245
5 5270 2308 6079 7246
5 5215 5216 5807 7247
5 2154 2348 2727 7248
5 5157 5002 5158 7249
5 1772 3610 4847 7250
5 3482 1356 6071 7251
5 3642 3641 4366 7252
5 3122 4497 5631 7253
5 1502 1497 1503 7254
5 3667 3668 3669 7255
5 121 524 3994 7256
5 2922 2919 4956 7257
5 3390 3391 5066 7258
5 3777 3774 3779 7259
5 3954 4977 5522 7260
5 4915 2014 5568 7261
5 731 327 4675 7262
5 770 366 4734 7263
5 3928 4533 5538 7264
5 724 936 3710 7265
5 5095 5092 5843 7266
5 4230 2479 5525 7267
5 652 248 5301 7268
5 746 342 4656 7269
5 218 621 1916 7270
5 109 512 4429 7271
5 2341 2649 3570 7272
5 4105 2591 4106 7273
5 5537 3739 5594 7274
5 3412 2365 3730 7275
5 4916 5000 5001 7276
5 2761 3600 5640 7277
5 3536 2532 6164 7278
5 4598 4530 5238 7279
5 343 746 1388 7280
5 1798 5048 5217 7281
5 3080 2924 5546 7282
5 87 490 3851 7283
5 2219 2220 5904 7284
5 1261 1796 4921 7285
5 114 517 4701 7286
5 2484 3355 4863 7287
5 1833 1830 4388 7288
5 2230 2327 2328 7289
5 1123 1126 4682 7290
5 2590 4392 5882 7291
5 4764 2618 4862 7292
5 3162 3713 3714 7293
5 2366 2369 4981 7294
5 2213 4935 4936 7295
5 1128 1131 4689 7296
5 1404 3475 3476 7297
5 795 391 4473 7298
5 536 132 1781 7299
5 2032 2129 2130 7300
5 1307 1309 5541 7301
5 1807 5563 5889 7302
5 2540 2541 4840 7303
5 4323 3678 4716 7304
5 3379 1884 5420 7305
5 3167 3306 5759 7306
5 2594 2595 4841 7307
5 3447 2749 6094 7308
5 3742 3744 3761 7309
5 220 623 4646 7310
5 527 123 4003 7311
5 1768 1762 3012 7312
5 3162 3615 3713 7313
5 4072 2065 4073 7314
5 348 751 4735 7315
5 4250 5575 6102 7316
5 2897 2894 5338 7317
5 3633 2645 5465 7318
5 362 765 4780 7319
5 1428 4121 5524 7320
5 3499 899 4862 7321
5 2963 3236 5468 7322
5 4140 1387 5003 7323
5 94 497 1180 7324
5 3702 2606 5367 7325
5 3189 3592 4991 7326
5 1982 1528 5045 7327
5 3742 3743 3744 7328
5 215 618 1466 7329
5 39 442 4349 7330
5 431 27 3784 7331
5 127 530 4007 7332
5 2157 1876 2158 7333
5 3473 2856 5257 7334
5 344 747 1683 7335
5 118 521 4495 7336
5 2544 2985 4840 7337
5 1293 4089 5459 7338
5 1490 1491 1492 7339
5 3996 3997 3998 7340
5 1316 1312 5935 7341
5 133 536 4601 7342
5 35 438 4587 7343
5 90 493 4696 7344
5 3626 2713 3639 7345
5 4685 4544 5724 7346
5 3326 1314 6037 7347
5 328 731 1386 7348
5 2455 5012 5279 7349
5 132 535 4698 7350
5 4477 3934 4478 7351
5 37 440 4647 7352
5 2515 5086 6039 7353
5 4761 1283 4876 7354
5 2256 1883 4498 7355
5 336 937 3543 7356
5 1529 1907 1961 7357
5 1312 1310 5777 7358
5 1442 1441 1741 7359
5 146 4624 5576 7360
5 3333 3142 6110 7361
5 2309 4406 5422 7362
5 2112 4442 5990 7363
5 2041 4920 5377 7364
5 2499 5712 6040 7365
5 4179 4177 4180 7366
5 620 216 1918 7367
5 363 766 4508 7368
5 361 764 4361 7369
5 91 494 5349 7370
5 4020 3941 5309 7371
5 697 293 5175 7372
5 2816 3651 5947 7373
5 3155 3275 5593 7374
5 3037 2255 4895 7375
5 4573 4568 6021 7376
5 1703 1675 4505 7377
5 759 355 4782 7378
5 2108 4881 4929 7379
5 2267 2146 3061 7380
5 491 87 4589 7381
5 2942 4136 5383 7382
5 5147 5132 5625 7383
5 2716 3174 4955 7384
5 34 437 4597 7385
5 3494 3593 3741 7386
5 40 443 3788 7387
5 2019 1931 2020 7388
5 937 739 3555 7389
5 36 439 4525 7390
5 2490 5147 5625 7391
5 352 755 4772 7392
5 3956 3871 3987 7393
5 4881 4435 4929 7394
5 345 748 1687 7395
5 2778 4651 5506 7396
5 4389 3857 5661 7397
5 1862 1835 4490 7398
5 1492 1493 1496 7399
5 2611 2612 4975 7400
5 2822 3414 5666 7401
5 2812 4742 5012 7402
5 4153 4091 5876 7403
5 2771 5469 5470 7404
5 4943 4434 5735 7405
5 2690 5419 5592 7406
5 3609 4122 5647 7407
5 1325 3740 5224 7408
5 1369 1359 4920 7409
5 28 431 4683 7410
5 212 615 4585 7411
5 3173 2932 5954 7412
5 747 343 4674 7413
5 4123 1557 4124 7414
5 617 213 1992 7415
5 1390 4128 4129 7416
5 2798 3493 4928 7417
5 1470 3628 5400 7418
5 5749 5154 6054 7419
5 4617 2000 4718 7420
5 493 89 3853 7421
5 637 233 5340 7422
5 1910 2003 4676 7423
5 1706 976 4483 7424
5 3083 3340 5168 7425
5 219 622 4611 7426
5 119 522 4752 7427
5 1678 4068 5586 7428
5 1966 4796 5325 7429
5 140 543 4630 7430
5 529 125 4720 7431
5 4911 4913 4914 7432
5 3547 1678 5586 7433
5 1458 1460 5193 7434
5 3522 2604 6159 7435
5 2032 2031 2129 7436
5 5676 954 5984 7437
5 4305 4306 4307 7438
5 346 749 1686 7439
5 4238 4239 4851 7440
5 3834 5247 5686 7441
5 2655 1910 4676 7442
5 3823 3818 5220 7443
5 854 896 5415 7444
5 4293 4290 4940 7445
5 5680 3110 5962 7446
5 1158 3121 5768 7447
5 3357 3257 5668 7448
5 3157 3347 6095 7449
5 525 121 4516 7450
5 3246 2631 4888 7451
5 1022 5356 5980 7452
5 429 25 2833 7453
5 3343 2248 4443 7454
5 3442 3104 4077 7455
5 940 1677 5272 7456
5 3346 5795 5796 7457
5 748 344 4693 7458
5 2981 2950 4727 7459
5 209 612 4162 7460
5 217 620 4692 7461
5 636 232 5400 7462
5 753 349 4756 7463
5 5163 1573 5251 7464
5 5210 2212 5523 7465
5 2946 5183 5467 7466
5 426 22 3880 7467
5 2855 3367 6015 7468
5 1163 1184 4808 7469
5 2323 2324 3653 7470
5 517 113 1789 7471
5 2394 2395 4890 7472
5 3309 2592 4672 7473
5 530 126 4666 7474
5 1145 1147 4792 7475
5 423 19 3778 7476
5 4455 4613 4724 7477
5 533 129 4018 7478
5 2306 3103 4889 7479
5 2817 2818 5009 7480
5 367 770 1107 7481
5 430 26 4544 7482
5 123 526 4770 7483
5 2729 4073 6038 7484
5 4971 2765 4972 7485
5 347 750 1389 7486
5 1890 4644 5063 7487
5 144 547 1176 7488
5 1881 4445 5071 7489
5 4892 1543 6051 7490
5 3634 1350 4816 7491
5 4993 3825 5953 7492
5 3080 5546 5925 7493
5 3215 3365 5578 7494
5 3768 2764 3771 7495
5 882 3354 5486 7496
5 932 934 6086 7497
5 113 516 4669 7498
5 1820 2124 5018 7499
5 537 133 4736 7500
5 2330 2331 2338 7501
5 1675 1674 4505 7502
5 126 529 1771 7503
5 2217 5367 6013 7504
5 3474 2897 5338 7505
5 5572 2955 5573 7506
5 4171 4170 4172 7507
5 88 491 4681 7508
5 5022 5020 5562 7509
5 3697 3699 3700 7510
5 531 127 4524 7511
5 1575 1572 3443 7512
5 535 131 4025 7513
5 1546 3625 5386 7514
5 134 537 1783 7515
5 749 345 4706 7516
5 4298 3516 4324 7517
5 544 140 1870 7518
5 4712 3633 5261 7519
5 2757 2734 4830 7520
5 3498 2609 5474 7521
5 4748 1335 4749 7522
5 3597 2817 5206 7523
5 5267 1954 5756 7524
5 3386 3387 6005 7525
5 2444 2796 5682 7526
5 3224 2243 6031 7527
5 1899 1793 5305 7528
5 142 545 1872 7529
5 89 492 4754 7530
5 3276 2823 5019 7531
5 2328 2329 2330 7532
5 213 616 4648 7533
5 2526 5444 6030 7534
5 141 544 4695 7535
5 4852 2733 5426 7536
5 5438 3155 5593 7537
5 2953 2951 5961 7538
5 2246 1950 4377 7539
5 2738 3362 5542 7540
5 1774 1768 4783 7541
5 1175 4730 4790 7542
5 210 613 4835 7543
5 3059 2792 5676 7544
5 3421 2868 5622 7545
5 147 550 1999 7546
5 798 394 3755 7547
5 1715 3383 5245 7548
5 2475 2473 5032 7549
5 2746 4151 4395 7550
5 3987 3871 5428 7551
5 2690 2688 5419 7552
5 1063 3192 5519 7553
5 4644 1891 5063 7554
5 234 637 5324 7555
5 3726 4515 6007 7556
5 1735 1734 1736 7557
5 3784 4685 6064 7558
5 4151 4152 4395 7559
5 4874 5057 5492 7560
5 197 2111 5348 7561
5 1674 1701 4505 7562
5 4833 3137 6164 7563
5 122 525 4687 7564
5 1583 1581 1682 7565
5 1636 722 3595 7566
5 1785 2161 5544 7567
5 3038 2882 5461 7568
5 356 759 4809 7569
5 235 638 5386 7570
5 145 548 4718 7571
5 5732 2753 5933 7572
5 130 533 4691 7573
5 750 346 4714 7574
5 4971 4582 5562 7575
5 4475 1731 4509 7576
5 1879 3404 5363 7577
5 513 109 1776 7578
5 4656 4657 5277 7579
5 1093 1078 5798 7580
5 3695 3696 3697 7581
5 2398 2680 4890 7582
5 539 135 4607 7583
5 5097 5099 5532 7584
5 3128 3415 5878 7585
5 2125 2069 2734 7586
5 5337 5602 5603 7587
5 3786 3782 5246 7588
5 131 534 4776 7589
5 711 1005 5035 7590
5 1761 1760 1876 7591
5 5396 2686 5397 7592
5 4616 4621 4713 7593
5 3347 2906 4825 7594
5 2134 2225 2227 7595
5 3617 3205 5714 7596
5 4445 2603 5071 7597
5 2166 3643 4965 7598
5 214 617 4704 7599
5 927 1051 6071 7600
5 350 753 1690 7601
5 2030 1845 2704 7602
5 1579 1577 1880 7603
5 492 88 1179 7604
5 4202 4211 6122 7605
5 3480 1093 5979 7606
5 1372 1551 2083 7607
5 2653 2116 6069 7608
5 20 423 4746 7609
5 2021 1519 2069 7610
5 3927 5223 5869 7611
5 4882 4434 4943 7612
5 1587 1585 1889 7613
5 4485 2354 5948 7614
5 1990 3686 5533 7615
5 1526 1522 3455 7616
5 757 353 4793 7617
5 4148 2594 4841 7618
5 522 118 1904 7619
5 3625 1549 5386 7620
5 541 137 4662 7621
5 3387 1969 6005 7622
5 3744 3745 3746 7623
5 4043 3937 4480 7624
5 3033 5440 6124 7625
5 138 541 4728 7626
5 4793 3401 5376 7627
5 2843 2844 5034 7628
5 545 141 4743 7629
5 3644 3151 5354 7630
5 4502 1199 5017 7631
5 1149 245 4093 7632
5 548 144 4614 7633
5 351 754 1106 7634
5 4801 2526 4924 7635
5 2679 2168 4760 7636
5 2625 2694 5054 7637
5 3326 2921 6163 7638
5 139 542 4771 7639
5 543 139 4745 7640
5 3108 2400 5912 7641
5 2696 2159 3610 7642
5 2792 2104 5023 7643
5 31 434 3874 7644
5 5096 3282 5097 7645
5 1753 1772 5704 7646
5 2969 4921 5413 7647
5 1571 1536 1644 7648
5 2957 5018 5834 7649
5 799 2213 5209 7650
5 573 169 6172 7651
5 3875 3868 5232 7652
5 136 539 4711 7653
5 1014 1016 5036 7654
5 1951 4456 4457 7655
5 1595 1593 1625 7656
5 325 3605 5208 7657
5 752 348 1691 7658
5 2476 5453 5455 7659
5 3938 4044 5200 7660
5 4911 4915 6178 7661
5 4174 4172 4175 7662
5 1851 1853 1855 7663
5 2952 4103 5363 7664
5 2670 2669 3467 7665
5 4540 4534 6162 7666
5 4850 2748 6035 7667
5 2865 2503 6093 7668
5 2544 2546 2985 7669
5 1598 3081 5960 7670
5 796 392 4236 7671
5 1820 2035 2124 7672
5 143 546 4616 7673
5 3669 3670 3673 7674
5 1550 246 3594 7675
5 318 1635 3595 7676
5 137 540 4790 7677
5 4359 2610 5328 7678
5 1529 1528 1907 7679
5 2901 3323 5598 7680
5 1924 1927 1930 7681
5 2246 4377 4378 7682
5 649 1149 3594 7683
5 3439 2658 5752 7684
5 878 834 5696 7685
5 516 112 4750 7686
5 549 145 2000 7687
5 1647 337 3611 7688
5 547 143 4713 7689
5 1591 1589 1892 7690
5 2548 2550 2551 7691
5 4849 3441 5672 7692
5 2007 4359 5328 7693
5 27 430 4739 7694
5 2635 2632 3246 7695
5 726 1452 3648 7696
5 2265 2149 5514 7697
5 397 2212 5837 7698
5 1452 322 3602 7699
5 3516 3583 5883 7700
5 4368 3513 4385 7701
5 428 24 3879 7702
5 4433 4438 4442 7703
5 5199 3673 5671 7704
5 3695 3697 3704 7705
5 546 142 4773 7706
5 1599 1597 1890 7707
5 1865 1780 1866 7708
5 4554 4551 6097 7709
5 2035 1821 5723 7710
5 2345 5236 6092 7711
5 3126 3397 6041 7712
5 5178 2933 5879 7713
5 4160 3425 6049 7714
5 3919 4970 4971 7715
5 2471 3009 5008 7716
5 2538 2540 2874 7717
5 6047 2606 6137 7718
5 3096 1873 3097 7719
5 3764 2342 3767 7720
5 2165 1982 5041 7721
5 858 883 6065 7722
5 2553 2555 2779 7723
5 3380 3014 5249 7724
5 2477 4030 5711 7725
5 1365 4834 5053 7726
5 3205 3402 5714 7727
5 1996 1957 1997 7728
5 3282 3281 5895 7729
5 1130 252 4092 7730
5 1806 4562 4565 7731
5 4106 4962 5882 7732
5 4606 4604 6126 7733
5 2220 2762 2763 7734
5 4289 4826 5588 7735
5 1162 1163 4808 7736
5 2211 3750 6013 7737
5 1164 1145 4792 7738
5 3628 1545 5400 7739
5 5122 5113 5488 7740
5 526 122 1770 7741
5 754 350 4763 7742
5 230 3727 5308 7743
5 1138 1824 4789 7744
5 2414 2416 2432 7745
5 2439 2441 2663 7746
5 3148 3147 5846 7747
5 400 876 5849 7748
5 3018 3017 5913 7749
5 3348 1711 5781 7750
5 129 532 4843 7751
5 1496 1502 1505 7752
5 1938 1818 3448 7753
5 3316 1450 5229 7754
5 112 515 1788 7755
5 1630 1955 2681 7756
5 4168 3806 4170 7757
5 886 851 5925 7758
5 2435 2437 3578 7759
5 1569 4086 4686 7760
5 2559 2561 2562 7761
5 4242 3249 6139 7762
5 3534 710 3632 7763
5 2905 3169 5748 7764
5 64 1009 4853 7765
5 2410 2412 2791 7766
5 128 531 4703 7767
5 2418 2421 2433 7768
5 4224 4225 4227 7769
5 1135 1138 4789 7770
5 2639 2637 2643 7771
5 5746 5922 6008 7772
5 880 829 5816 7773
5 3245 5319 6067 7774
5 3191 2223 6151 7775
5 5099 2865 5100 7776
5 4596 2785 4962 7777
5 5407 3491 6167 7778
5 354 757 1696 7779
5 26 429 4721 7780
5 2875 2261 5893 7781
5 3562 3563 4991 7782
5 1603 1601 1891 7783
5 2598 2600 3252 7784
5 2564 2566 2838 7785
5 2423 2425 3327 7786
5 740 3543 3611 7787
5 2668 2669 2670 7788
5 4062 4063 4064 7789
5 534 130 1782 7790
5 2399 321 3710 7791
5 3653 1688 5437 7792
5 1612 1609 1790 7793
5 2884 3038 5814 7794
5 656 1130 3613 7795
5 2057 2055 4965 7796
5 542 138 1871 7797
5 1607 1605 1895 7798
5 4836 3215 5578 7799
5 3627 3626 3639 7800
5 1730 393 5207 7801
5 2672 2641 3379 7802
5 3085 2344 4961 7803
5 2711 2712 4955 7804
5 2403 2405 2406 7805
5 1634 323 3648 7806
5 4433 4436 4438 7807
5 2575 2577 2786 7808
5 4356 4355 4357 7809
5 4916 5001 5002 7810
5 2449 4100 5389 7811
5 2428 2430 2434 7812
5 2534 2536 5010 7813
5 319 1636 4870 7814
5 4026 4017 4027 7815
5 3518 4505 5544 7816
5 2873 3416 5315 7817
5 2960 2962 5989 7818
5 2571 2573 2574 7819
5 4064 4065 4066 7820
5 1409 304 3615 7821
5 1566 253 3613 7822
5 355 758 1382 7823
5 4208 4214 4217 7824
5 3639 2713 5632 7825
5 1913 1915 5403 7826
5 1442 3456 5827 7827
5 5742 3826 6098 7828
5 2398 2401 2680 7829
5 2130 2753 3164 7830
5 2760 2759 4665 7831
5 524 120 4641 7832
5 3681 4904 6017 7833
5 4605 3693 6126 7834
5 2025 4330 5235 7835
5 2084 2759 2760 7836
5 2390 2394 4818 7837
5 3395 2540 4840 7838
5 2579 2581 2589 7839
5 756 352 1697 7840
5 2694 3545 4878 7841
5 224 627 5359 7842
5 4416 4313 4417 7843
5 3221 959 6070 7844
5 2733 3654 5426 7845
5 2971 5592 5832 7846
5 378 781 4235 7847
5 741 1647 3716 7848
5 5139 3112 5140 7849
5 3662 3688 5955 7850
5 2713 2145 6131 7851
5 708 1409 3637 7852
5 3156 3155 5438 7853
5 2919 2917 5268 7854
5 2684 2042 2801 7855
5 3746 3747 3748 7856
5 5629 3208 5817 7857
5 2583 2585 2933 7858
5 1983 1944 1985 7859
5 2627 4984 5804 7860
5 2818 5071 5535 7861
5 1923 1924 5174 7862
5 1153 1155 4868 7863
5 1202 1200 4774 7864
5 887 3557 4944 7865
5 4874 3684 5057 7866
5 1635 721 3645 7867
5 4461 4460 4462 7868
5 4339 4338 4340 7869
5 2587 2594 2602 7870
5 1942 1940 1986 7871
5 5491 2273 6041 7872
5 4570 4562 4861 7873
5 540 136 1175 7874
5 3610 2159 4847 7875
5 3643 4081 4965 7876
5 1856 2667 2668 7877
5 360 763 4803 7878
5 2668 2667 2669 7879
5 2000 4618 4624 7880
5 4586 3676 5977 7881
5 785 381 4269 7882
5 5133 5134 5135 7883
5 1464 1468 2644 7884
5 2631 2174 2872 7885
5 3217 4485 5948 7886
5 3954 3866 4977 7887
5 4757 2469 5870 7888
5 2673 2672 5296 7889
5 3725 2953 5961 7890
5 4487 2072 5408 7891
5 25 428 4785 7892
5 3934 4411 4867 7893
5 3049 2481 5293 7894
5 357 760 4815 7895
5 1344 5300 5618 7896
5 4847 1760 5704 7897
5 4358 4664 5527 7898
5 1181 4410 4411 7899
5 4291 4288 4292 7900
5 4529 4527 4740 7901
5 2917 2915 5265 7902
5 3424 2714 5621 7903
5 2153 1881 5071 7904
5 2227 2228 2977 7905
5 2246 4420 5408 7906
5 602 198 2015 7907
5 2496 5117 5844 7908
5 523 119 4891 7909
5 2749 2128 5418 7910
5 2197 2194 2260 7911
5 729 325 5208 7912
5 4290 4291 4294 7913
5 1505 1528 1529 7914
5 1712 1128 4689 7915
5 3545 3036 4878 7916
5 2385 2387 3035 7917
5 3862 3871 3955 7918
5 4272 4273 5351 7919
5 1126 1712 4682 7920
5 2420 712 3711 7921
5 359 762 4811 7922
5 897 3524 5964 7923
5 5077 3048 5997 7924
5 148 551 4799 7925
5 3361 4866 6158 7926
5 358 761 4824 7927
5 4777 2794 5645 7928
5 766 362 1381 7929
5 4225 1766 4226 7930
5 2124 2352 2683 7931
5 1645 1644 2042 7932
5 306 2427 3632 7933
5 758 354 4807 7934
5 2365 2366 4981 7935
5 3485 3405 5657 7936
5 3111 5680 5962 7937
5 1147 1151 5029 7938
5 1488 2164 4767 7939
5 3236 3237 6052 7940
5 2084 1743 2759 7941
5 229 632 5482 7942
5 2675 4959 5042 7943
5 2215 2214 2219 7944
5 4287 4288 4290 7945
5 1009 467 4279 7946
5 613 209 3678 7947
5 1137 1135 4789 7948
5 1484 247 3649 7949
5 3841 4461 4463 7950
5 5297 2890 5928 7951
5 2971 2690 5592 7952
5 551 147 4645 7953
5 1694 3336 5306 7954
5 4714 1686 5659 7955
5 1400 310 3650 7956
5 800 396 5523 7957
5 4286 4283 4289 7958
5 4883 4066 5506 7959
5 427 23 3878 7960
5 2874 3395 4054 7961
5 938 940 5272 7962
5 1124 264 3606 7963
5 4210 4204 4212 7964
5 4342 4340 4343 7965
5 309 2420 3720 7966
5 5072 5073 5766 7967
5 3394 4836 5578 7968
5 822 898 6019 7969
5 175 578 5499 7970
5 305 3637 3719 7971
5 4886 4673 5160 7972
5 1896 4383 5924 7973
5 4285 4286 4287 7974
5 317 1399 3645 7975
5 3804 4302 4304 7976
5 3323 2819 5628 7977
5 725 2399 3602 7978
5 5457 5269 6003 7979
5 4589 4590 4591 7980
5 335 2380 3555 7981
5 3110 2558 5962 7982
5 4337 4336 4338 7983
5 5091 3282 5096 7984
5 1483 250 3593 7985
5 2373 2375 3336 7986
5 1496 1497 1502 7987
5 727 1634 3723 7988
5 4935 5373 5898 7989
5 4168 4171 4173 7990
5 1151 1161 5029 7991
5 1617 1614 1896 7992
5 2192 2190 4071 7993
5 650 1550 3649 7994
5 2794 2793 5645 7995
5 764 360 1714 7996
5 2053 2066 2076 7997
5 1646 338 3716 7998
5 1159 1165 4980 7999
5 2962 4992 5989 8000
5 1184 3522 6159 8001
5 3615 707 3713 8002
5 760 356 1705 8003
5 4424 4423 4425 8004
5 4148 1708 4892 8005
5 634 230 5308 8006
5 1161 1153 4868 8007
5 1670 1162 4808 8008
5 4552 4539 5900 8009
5 1746 3313 4846 8010
5 3490 897 5964 8011
5 3650 713 3720 8012
5 4151 1727 4152 8013
5 2216 2189 3046 8014
5 2158 1876 2159 8015
5 4956 2919 5268 8016
5 2369 2371 2889 8017
5 3979 3875 3980 8018
5 2427 709 3719 8019
5 5118 5096 5159 8020
5 1314 1302 5231 8021
5 714 1400 3694 8022
5 763 359 1713 8023
5 4546 4577 4722 8024
5 1503 1849 2937 8025
5 761 357 1704 8026
5 4155 3117 5885 8027
5 5364 5365 6023 8028
5 3764 5214 6033 8029
5 1737 1736 1954 8030
5 422 18 3776 8031
5 5138 5141 5154 8032
5 1189 1199 5436 8033
5 2227 2977 3047 8034
5 4425 4528 5269 8035
5 1631 1630 4989 8036
5 415 11 4561 8037
5 4528 4527 4529 8038
5 23 426 4737 8039
5 3240 2701 5224 8040
5 3604 1994 5649 8041
5 1551 1373 4984 8042
5 3863 3862 4977 8043
5 4638 4124 5406 8044
5 1621 1619 1966 8045
5 155 558 5084 8046
5 303 1651 3713 8047
5 1626 1623 1886 8048
5 156 559 1498 8049
5 4063 1726 4067 8050
5 1739 1720 4989 8051
5 762 358 1380 8052
5 1638 265 3709 8053
5 4481 3847 5349 8054
5 3662 3664 3688 8055
5 4783 2039 5004 8056
5 2212 5813 5837 8057
5 2455 3588 5012 8058
5 1875 1111 4723 8059
5 3106 3630 6056 8060
5 552 148 2527 8061
5 4633 4635 5331 8062
5 4454 3029 4455 8063
5 4652 4235 4883 8064
5 2867 3539 5828 8065
5 1886 4796 5945 8066
5 3377 2960 5989 8067
5 515 111 4784 8068
5 4670 4669 4671 8069
5 5289 5179 5879 8070
5 1451 324 3723 8071
5 668 1124 3709 8072
5 2319 4433 4442 8073
5 2182 2180 2675 8074
5 1611 4061 4135 8075
5 4089 2836 5459 8076
5 3711 308 5035 8077
5 5451 3958 6175 8078
5 3658 1916 3659 8079
5 4337 4339 4341 8080
5 1565 254 3707 8081
5 3660 3659 3661 8082
5 2203 2199 2204 8083
5 149 552 4832 8084
5 5117 2500 5844 8085
5 2146 1424 4923 8086
5 1066 4134 5520 8087
5 481 77 5520 8088
5 2574 2575 4677 8089
5 657 1566 3707 8090
5 3662 3661 3663 8091
5 3553 2806 5055 8092
5 1190 4283 4285 8093
5 2338 2331 5318 8094
5 2345 2346 4762 8095
5 2328 2330 2988 8096
5 532 128 1174 8097
5 3658 3660 3671 8098
5 3409 1344 5618 8099
5 4036 3964 6170 8100
5 918 3377 5989 8101
5 2899 2901 5598 8102
5 3338 2783 5524 8103
5 3588 4663 5012 8104
5 3583 3451 5883 8105
5 1399 720 3721 8106
5 3172 2334 5740 8107
5 5681 889 5727 8108
5 784 380 4896 8109
5 4584 5202 5585 8110
5 4742 3007 5346 8111
5 3497 3496 5464 8112
5 4295 3932 5903 8113
5 4869 3148 5518 8114
5 2508 2504 2509 8115
5 4402 3195 5446 8116
5 5198 3053 5533 8117
5 3981 4230 5525 8118
5 1505 1502 1528 8119
5 4758 3262 5518 8120
5 3507 2278 5388 8121
5 110 4492 5475 8122
5 4765 1759 6105 8123
5 2826 1191 6024 8124
5 2839 4805 5801 8125
5 4284 4373 4374 8126
5 2158 2159 2695 8127
5 24 427 4838 8128
5 4314 4311 4319 8129
5 2188 2186 2189 8130
5 2176 1973 3446 8131
5 2336 2361 2943 8132
5 2129 2031 2131 8133
5 1698 4154 5496 8134
5 4664 3949 5527 8135
5 4105 4106 4392 8136
5 249 1482 3741 8137
5 1960 3497 5464 8138
5 877 4742 5346 8139
5 3835 3967 3968 8140
5 4885 4673 4886 8141
5 3275 4689 5326 8142
5 194 597 4912 8143
5 1662 311 3694 8144
5 176 579 5548 8145
5 2803 5182 5399 8146
5 4058 2885 5291 8147
5 5023 3176 5676 8148
5 899 4764 4862 8149
5 3593 653 3741 8150
5 3107 2455 5279 8151
5 19 422 4855 8152
5 4106 2591 4156 8153
5 3673 3674 5671 8154
5 2989 2990 5368 8155
5 1439 1442 5827 8156
5 1344 1242 5300 8157
5 2784 3338 5526 8158
5 3606 667 3738 8159
5 1558 243 3609 8160
5 1471 1473 1511 8161
5 1651 706 3731 8162
5 2393 3474 5338 8163
5 3715 1651 3731 8164
5 5286 1335 5530 8165
5 2345 1959 2346 8166
5 4224 4227 4228 8167
5 5239 2158 5770 8168
5 2089 2091 3032 8169
5 3721 316 3722 8170
5 4526 4426 4527 8171
5 5416 1878 5692 8172
5 4920 2911 5377 8173
5 4046 4047 4048 8174
5 578 174 1848 8175
5 4422 4421 4423 8176
5 3307 3711 5035 8177
5 3063 1406 5559 8178
5 2713 3626 5283 8179
5 3355 3354 5304 8180
5 1171 100 4228 8181
5 3235 1644 5026 8182
5 263 1568 3738 8183
5 2226 3394 5578 8184
5 2949 2234 5460 8185
5 2631 2872 4888 8186
5 610 206 1928 8187
5 1534 1559 1960 8188
5 3852 4481 5349 8189
5 3889 4036 6170 8190
5 2743 251 3724 8191
5 1637 266 3735 8192
5 1643 4155 5885 8193
5 3230 3231 6043 8194
5 651 1484 3718 8195
5 2029 2982 5693 8196
5 5500 5499 5501 8197
5 1133 1137 5326 8198
5 2240 2353 5737 8199
5 3607 3608 5482 8200
5 2345 4762 5236 8201
5 1912 3001 3066 8202
5 4654 4653 5333 8203
5 5433 2727 5768 8204
5 4940 4294 5442 8205
5 4062 4064 4297 8206
5 2695 2159 2696 8207
5 3575 3574 5848 8208
5 4653 1185 5333 8209
5 4742 877 5279 8210
5 4034 3907 4035 8211
5 2871 3488 5766 8212
5 612 208 4902 8213
5 648 2249 4093 8214
5 655 2743 4092 8215
5 199 602 4820 8216
5 4525 4526 5700 8217
5 2824 5179 5289 8218
5 4906 4908 4909 8219
5 3629 1402 5575 8220
5 3631 2799 5441 8221
5 3294 3590 4852 8222
5 193 596 2014 8223
5 654 1483 3724 8224
5 4531 4529 4532 8225
5 2170 4833 6164 8226
5 3222 3221 5361 8227
5 3658 3671 5877 8228
5 669 1638 3735 8229
5 2880 4834 5461 8230
5 4596 1428 5524 8231
5 4248 904 5941 8232
5 4170 3806 4216 8233
5 1177 1185 5351 8234
5 2907 5537 5594 8235
5 334 1616 4085 8236
5 2249 244 4083 8237
5 381 784 1725 8238
5 3402 2800 5824 8239
5 1415 291 4112 8240
5 1443 1455 4967 8241
5 742 1646 4127 8242
5 4608 4606 4609 8243
5 302 1408 3731 8244
5 4834 2945 5053 8245
5 3754 5707 5906 8246
5 3945 3948 4022 8247
5 4337 4341 5910 8248
5 1423 2267 4931 8249
5 2611 4975 5402 8250
5 914 3285 5412 8251
5 1066 480 4390 8252
5 120 523 1173 8253
5 2130 2129 2753 8254
5 5244 560 5705 8255
5 1925 3457 5638 8256
5 4040 3946 5525 8257
5 174 577 5125 8258
5 173 576 5589 8259
5 4292 4288 5588 8260
5 936 320 5829 8261
5 330 1611 4135 8262
5 1995 4330 6083 8263
5 177 580 5596 8264
5 2443 4491 5005 8265
5 4262 4261 5758 8266
5 4198 4183 5427 8267
5 4010 4008 4011 8268
5 2055 2166 4965 8269
5 5184 4580 5890 8270
5 1464 2644 5193 8271
5 4129 4128 4130 8272
5 158 561 5587 8273
5 1998 1997 2295 8274
5 4088 269 4116 8275
5 5125 5126 5501 8276
5 2829 5247 5786 8277
5 1433 255 4052 8278
5 2567 285 4165 8279
5 4457 3371 5547 8280
5 1429 267 4082 8281
5 557 153 5602 8282
5 2917 5265 5268 8283
5 4407 4187 5422 8284
5 3767 2220 5689 8285
5 3836 3835 5052 8286
5 270 1427 4117 8287
5 2556 3111 5962 8288
5 867 866 5656 8289
5 4972 2077 5553 8290
5 1445 236 4222 8291
5 4201 4202 4203 8292
5 3102 4778 5542 8293
5 689 2567 4078 8294
5 695 1415 4086 8295
5 1005 3534 3535 8296
5 2800 3425 5824 8297
5 1958 1923 1959 8298
5 262 1567 4055 8299
5 2380 738 4085 8300
5 4122 4123 5647 8301
5 1119 275 4104 8302
5 181 584 5625 8303
5 658 1565 4052 8304
5 402 857 5664 8305
5 111 514 1172 8306
5 3608 1540 5482 8307
5 4680 2204 5225 8308
5 558 154 5119 8309
5 1332 4422 4427 8310
5 2591 274 4156 8311
5 3986 3985 5353 8312
5 1553 268 4108 8313
5 1538 5064 6063 8314
5 1951 4457 5547 8315
5 1185 1182 5333 8316
5 2318 3480 5979 8317
5 1642 290 4131 8318
5 4194 4200 4201 8319
5 2891 2970 5385 8320
5 1195 1197 4933 8321
5 4124 1557 4161 8322
5 715 1662 4074 8323
5 3696 2200 3698 8324
5 3211 3411 5472 8325
5 1616 737 4070 8326
5 4045 3984 5382 8327
5 504 1171 4950 8328
5 694 1642 4112 8329
5 4125 279 4163 8330
5 3957 5450 5451 8331
5 4199 4193 5880 8332
5 4919 3025 5901 8333
5 670 1637 4082 8334
5 719 1660 3722 8335
5 4203 4204 4210 8336
5 1958 1959 2345 8337
5 2503 3282 5895 8338
5 281 1420 4132 8339
5 1630 1628 1955 8340
5 611 207 4903 8341
5 5727 889 6029 8342
5 1568 666 4055 8343
5 154 557 2512 8344
5 1569 292 4086 8345
5 1427 673 4088 8346
5 3044 2971 5832 8347
5 3462 4388 5988 8348
5 3204 2295 3579 8349
5 1115 286 4078 8350
5 2093 2144 2993 8351
5 4956 886 5546 8352
5 5108 2486 5144 8353
5 421 17 5710 8354
5 4437 4432 5493 8355
5 2483 2449 5504 8356
5 1200 3223 4774 8357
5 4309 4307 4310 8358
5 4866 1384 6158 8359
5 3483 5385 6029 8360
5 2656 2842 5407 8361
5 4182 4184 4186 8362
5 1408 705 4111 8363
5 3925 5006 5007 8364
5 2657 3653 5437 8365
5 435 31 5497 8366
5 5179 5178 5879 8367
5 5102 5128 5476 8368
5 678 2591 4104 8369
5 153 556 2510 8370
5 3539 2173 5429 8371
5 383 1724 4069 8372
5 390 793 5851 8373
5 282 1640 4076 8374
5 3491 3490 5964 8375
5 271 1564 3736 8376
5 3378 2223 6146 8377
5 3050 3051 5504 8378
5 1390 4129 4276 8379
5 2658 2659 5752 8380
5 2350 4149 5479 8381
5 4168 4173 5774 8382
5 3466 1023 5917 8383
5 4049 4524 4705 8384
5 2526 4801 6128 8385
5 280 1570 4107 8386
5 4123 4124 4638 8387
5 4620 4615 4621 8388
5 3228 4654 5240 8389
5 3061 3456 5285 8390
5 4155 300 4249 8391
5 3862 3955 4977 8392
5 1417 289 4145 8393
5 1650 276 4114 8394
5 333 1632 4070 8395
5 603 199 4441 8396
5 839 838 5702 8397
5 4330 2025 6083 8398
5 3898 3976 3977 8399
5 2757 4830 5025 8400
5 4601 4602 4604 8401
5 3568 889 5681 8402
5 4169 468 4853 8403
5 4991 902 6133 8404
5 4262 3004 5254 8405
5 1390 339 4127 8406
5 1706 4483 5362 8407
5 503 4224 4228 8408
5 4873 3684 4874 8409
5 1643 704 4155 8410
5 1548 256 4113 8411
5 5191 1784 5259 8412
5 3091 2611 5402 8413
5 4137 260 4219 8414
5 2207 2205 2208 8415
5 647 1558 4083 8416
5 1441 1443 4967 8417
5 3884 3876 3979 8418
5 2088 4072 5699 8419
5 671 1429 4108 8420
5 2922 4956 5546 8421
5 693 1417 4131 8422
5 1420 684 4107 8423
5 3521 2007 5328 8424
5 2528 5144 5918 8425
5 2830 4597 4740 8426
5 301 1643 4111 8427
5 1570 683 4125 8428
5 2331 2333 5318 8429
5 4149 4628 5479 8430
5 672 1553 4116 8431
5 1648 288 4147 8432
5 4760 2168 5531 8433
5 1652 287 4142 8434
5 4084 2863 5567 8435
5 3653 2324 4837 8436
5 3870 5742 6098 8437
5 679 1119 4114 8438
5 261 1434 4110 8439
5 3609 646 4122 8440
5 4633 4634 4635 8441
5 3337 1925 4819 8442
5 1654 734 4135 8443
5 5044 2898 5307 8444
5 2716 2730 3174 8445
5 4982 1694 6123 8446
5 3955 4079 5522 8447
5 609 205 3684 8448
5 2707 3243 3337 8449
5 412 8 4581 8450
5 5212 5806 5808 8451
5 686 4076 4115 8452
5 1424 1430 4923 8453
5 206 609 4927 8454
5 1564 674 4117 8455
5 1918 3726 6007 8456
5 2346 3147 3149 8457
5 1428 272 4121 8458
5 2324 2725 4837 8459
5 3625 3624 3626 8460
5 5100 5112 5477 8461
5 4583 5022 5562 8462
5 3888 3886 3894 8463
5 207 610 4872 8464
5 5808 5809 5810 8465
5 3829 3898 3926 8466
5 1649 277 4144 8467
5 1248 3467 5398 8468
5 2348 1961 4884 8469
5 1421 283 4115 8470
5 1660 315 4243 8471
5 1640 685 4132 8472
5 1722 1720 1739 8473
5 1479 1490 1506 8474
5 3254 3505 5507 8475
5 1810 1845 1846 8476
5 1061 4849 5672 8477
5 5914 3510 6018 8478
5 692 1648 4145 8479
5 1432 258 4160 8480
5 231 1539 4056 8481
5 1751 4486 5789 8482
5 571 167 5650 8483
5 2128 2349 5418 8484
5 4602 1781 4603 8485
5 4377 1951 5547 8486
5 1563 273 4158 8487
5 1639 257 4146 8488
5 5158 5002 6114 8489
5 1661 312 4074 8490
5 2931 4677 5251 8491
5 135 538 5521 8492
5 559 155 5503 8493
5 3817 3819 3829 8494
5 2469 4757 4758 8495
5 3556 3295 5697 8496
5 690 1115 4142 8497
5 2687 3706 5438 8498
5 1422 278 4157 8499
5 5236 3001 6092 8500
5 883 3499 5698 8501
5 691 1652 4147 8502
5 2190 2189 2216 8503
5 675 3736 4121 8504
5 208 611 1929 8505
5 1197 1211 4933 8506
5 688 1641 4165 8507
5 62 2310 4968 8508
5 3520 2814 5394 8509
5 4233 3161 5760 8510
5 3904 3900 3963 8511
5 4357 4355 4376 8512
5 561 157 2507 8513
5 4455 3029 4646 8514
5 659 1433 4113 8515
5 1611 733 4059 8516
5 4354 3964 5785 8517
5 604 200 2108 8518
5 93 496 5443 8519
5 242 1557 4122 8520
5 4558 4560 4563 8521
5 5155 2012 5678 8522
5 1807 5889 5891 8523
5 4173 4302 5774 8524
5 2014 4914 5038 8525
5 3425 3242 6049 8526
5 3897 3893 3901 8527
5 1182 1188 5333 8528
5 1333 1329 5292 8529
5 2627 5311 5531 8530
5 1902 4523 6001 8531
5 1567 665 4110 8532
5 1641 284 4164 8533
5 331 1654 4247 8534
5 4338 4336 4352 8535
5 4392 4106 5882 8536
5 579 175 2489 8537
5 1552 259 4153 8538
5 1947 3470 5468 8539
5 1541 237 4101 8540
5 4527 4426 4587 8541
5 677 1563 4156 8542
5 190 593 2013 8543
5 1921 1923 1958 8544
5 680 1650 4144 8545
5 248 3718 5301 8546
5 1870 4631 4633 8547
5 200 603 4922 8548
5 3528 3204 5581 8549
5 4914 2014 4915 8550
5 682 1422 4163 8551
5 1930 1931 2019 8552
5 1217 1202 4774 8553
5 202 605 4942 8554
5 2308 4842 6079 8555
5 1869 1868 1873 8556
5 4229 4227 4998 8557
5 4423 4421 4647 8558
5 4792 1147 5029 8559
5 5260 3157 6095 8560
5 3924 3922 3925 8561
5 2070 2246 5408 8562
5 3121 5433 5768 8563
5 3902 3839 5052 8564
5 5128 2493 5690 8565
5 1434 664 4137 8566
5 1630 2681 4989 8567
5 605 201 4435 8568
5 1867 1866 1868 8569
5 1806 4565 4566 8570
5 3004 4262 5758 8571
5 183 586 5667 8572
5 5379 3113 5637 8573
5 4417 4313 4489 8574
5 201 604 4929 8575
5 1131 1133 5326 8576
5 681 1649 4157 8577
5 418 14 5039 8578
5 3728 1608 5549 8579
5 5533 3686 5744 8580
5 4954 3154 6068 8581
5 4002 4000 4004 8582
5 5131 5109 5133 8583
5 2837 5783 6136 8584
5 4466 4205 6122 8585
5 3456 4923 5827 8586
5 3868 3866 3954 8587
5 3361 4791 4866 8588
5 4811 1380 5801 8589
5 3818 3817 5220 8590
5 676 1428 4158 8591
5 5073 5322 5766 8592
5 640 1445 4101 8593
5 687 1421 4164 8594
5 1512 3423 3517 8595
5 4311 4310 4335 8596
5 2030 2704 2705 8597
5 1498 5121 5863 8598
5 1632 736 4139 8599
5 3501 880 5675 8600
5 168 571 2498 8601
5 3543 937 3544 8602
5 3237 3437 6052 8603
5 5092 5094 5843 8604
5 1157 1159 4980 8605
5 4134 4133 5520 8606
5 63 4178 4279 8607
5 562 158 2505 8608
5 1470 635 4056 8609
5 99 1766 4224 8610
5 1215 3323 5628 8611
5 2766 4804 4805 8612
5 660 1548 4146 8613
5 4644 2947 5836 8614
5 3532 2969 5413 8615
5 1412 1414 4931 8616
5 2977 4901 6084 8617
5 703 1410 4249 8618
5 3637 1409 3638 8619
5 4957 2963 5468 8620
5 5225 2260 5643 8621
5 167 570 5098 8622
5 2882 2880 5461 8623
5 3659 1916 4484 8624
5 2148 1897 5914 8625
5 607 203 4520 8626
5 238 4244 4264 8627
5 1342 1372 5330 8628
5 5265 3124 5415 8629
5 4306 4303 5343 8630
5 4492 4041 4493 8631
5 662 1432 4153 8632
5 4729 4662 4730 8633
5 295 1655 4232 8634
5 661 1639 4160 8635
5 3632 2427 3633 8636
5 3019 3022 3431 8637
5 2681 1955 2795 8638
5 699 4232 4234 8639
5 3484 3485 5657 8640
5 370 1718 4240 8641
5 3857 4356 5661 8642
5 1400 3650 3651 8643
5 2025 5440 6083 8644
5 4374 4373 5555 8645
5 718 1659 4243 8646
5 663 1552 4219 8647
5 580 176 2488 8648
5 3993 3991 3995 8649
5 65 4169 4216 8650
5 332 1387 4139 8651
5 4462 4460 4510 8652
5 1647 3611 4775 8653
5 5889 5184 5890 8654
5 1383 4791 5804 8655
5 3594 1149 3631 8656
5 576 172 2493 8657
5 384 2201 4119 8658
5 4519 4200 5838 8659
5 2911 3712 5377 8660
5 3955 3956 4079 8661
5 294 1416 4258 8662
5 5106 5122 5123 8663
5 180 583 5146 8664
5 3351 2105 5757 8665
5 1869 1873 5677 8666
5 4175 4177 4179 8667
5 584 180 2490 8668
5 4305 4303 4306 8669
5 1809 4572 4573 8670
5 3585 4053 5491 8671
5 771 367 5447 8672
5 3843 3839 3902 8673
5 1748 1746 4846 8674
5 385 2200 3695 8675
5 3743 2218 3762 8676
5 4406 4407 5422 8677
5 3713 1651 3714 8678
5 386 3704 3732 8679
5 1410 299 4260 8680
5 187 590 2012 8681
5 5706 3059 5984 8682
5 387 1401 4299 8683
5 1445 4222 4900 8684
5 1064 1695 5435 8685
5 1394 1397 4877 8686
5 606 202 4966 8687
5 228 1457 3607 8688
5 716 1661 4220 8689
5 1712 4689 4954 8690
5 2681 2795 4250 8691
5 1732 1728 1967 8692
5 203 606 1932 8693
5 1199 1192 5017 8694
5 577 173 5104 8695
5 1846 2030 2031 8696
5 4979 4714 5659 8697
5 1387 735 4247 8698
5 4226 1766 4252 8699
5 1373 1375 4984 8700
5 3334 2684 5339 8701
5 1947 5468 6052 8702
5 3163 4088 4116 8703
5 3848 3845 3872 8704
5 639 1549 4222 8705
5 2176 4810 5739 8706
5 2369 2889 4981 8707
5 4073 2980 6038 8708
5 5468 3236 6052 8709
5 3806 469 4216 8710
5 2310 465 4379 8711
5 743 1390 4276 8712
5 3862 3854 3871 8713
5 4631 4630 4632 8714
5 3972 3960 3973 8715
5 2479 78 4133 8716
5 4614 4617 4718 8717
5 2220 2219 2762 8718
5 2706 2704 5266 8719
5 1699 5274 5275 8720
5 2184 2182 5042 8721
5 597 193 5038 8722
5 1659 314 4296 8723
5 1051 929 5551 8724
5 1565 3707 4946 8725
5 2727 4948 5031 8726
5 4746 4748 4749 8727
5 3513 4755 5897 8728
5 1482 652 5301 8729
5 5385 2970 6029 8730
5 4245 3226 6016 8731
5 3475 1425 5276 8732
5 241 1446 4161 8733
5 1425 1407 5505 8734
5 555 2511 5606 8735
5 2013 593 5854 8736
5 1181 4411 4511 8737
5 5777 1313 6116 8738
5 4614 4615 4617 8739
5 4769 1206 5701 8740
5 1155 1894 4868 8741
5 2681 4250 5819 8742
5 3671 4612 5877 8743
5 4619 4615 4620 8744
5 1655 698 4258 8745
5 702 1656 4260 8746
5 4590 4463 5862 8747
5 2173 3537 5429 8748
5 3687 4586 5823 8749
5 572 168 5712 8750
5 2823 3276 5741 8751
5 2201 787 4069 8752
5 365 1974 4253 8753
5 1040 958 5516 8754
5 1466 4514 4515 8755
5 588 184 5717 8756
5 889 3483 6029 8757
5 1404 3476 4877 8758
5 5100 2865 5101 8759
5 1656 298 4280 8760
5 5001 2654 6112 8761
5 5604 2510 5624 8762
5 371 1738 4246 8763
5 4779 2502 5818 8764
5 159 562 5713 8765
5 4532 4535 6127 8766
5 1870 4633 4695 8767
5 1116 296 4234 8768
5 2465 4238 4851 8769
5 4969 2804 5626 8770
5 376 1726 4062 8771
5 66 3806 4167 8772
5 4275 3353 6032 8773
5 4699 2864 5646 8774
5 4067 2746 5409 8775
5 17 420 4569 8776
5 4535 4578 4598 8777
5 4307 4306 4658 8778
5 5141 5140 5143 8779
5 3835 3823 3967 8780
5 1192 1195 5017 8781
5 581 177 5114 8782
5 5215 3970 5216 8783
5 482 2479 4230 8784
5 4810 2675 5739 8785
5 2843 5034 5560 8786
5 4795 2809 4796 8787
5 1398 313 4220 8788
5 3804 4304 4482 8789
5 4760 2968 5743 8790
5 4284 4374 4400 8791
5 641 1541 4244 8792
5 2813 3519 5380 8793
5 627 223 5747 8794
5 3649 1550 4659 8795
5 1557 645 4161 8796
5 599 195 2110 8797
5 4053 2273 5491 8798
5 4601 4604 4736 8799
5 1724 786 3729 8800
5 2216 3046 3276 8801
5 232 1470 5400 8802
5 4875 3008 6012 8803
5 1657 297 4320 8804
5 3730 2365 4981 8805
5 701 1657 4280 8806
5 4217 3933 4797 8807
5 3747 3745 3760 8808
5 184 587 5137 8809
5 2747 2749 5357 8810
5 239 1542 4270 8811
5 1718 773 4138 8812
5 375 4150 4166 8813
5 2727 2348 4948 8814
5 240 1554 4257 8815
5 1653 340 4276 8816
5 5224 2701 5894 8817
5 3841 4463 4639 8818
5 3024 3390 3604 8819
5 76 4389 4390 8820
5 1024 4245 6016 8821
5 3976 4031 5270 8822
5 3993 4050 5188 8823
5 717 1398 4296 8824
5 77 1066 5520 8825
5 227 2732 4126 8826
5 1500 5159 5867 8827
5 1190 4285 4351 8828
5 389 3742 3761 8829
5 2762 2959 3561 8830
5 1738 774 4240 8831
5 4615 1176 4621 8832
5 4268 1706 5362 8833
5 182 585 5150 8834
5 1585 1583 5011 8835
5 3817 3808 3819 8836
5 1397 1404 4877 8837
5 2977 2228 4901 8838
5 3738 1568 3739 8839
5 4191 4194 4595 8840
5 4171 4172 4174 8841
5 3782 3781 5246 8842
5 1793 1792 5305 8843
5 5116 5091 5117 8844
5 1766 502 4252 8845
5 1549 235 5386 8846
5 700 1116 4320 8847
5 4178 466 4968 8848
5 372 2630 4332 8849
5 3718 1484 4928 8850
5 4828 3222 5361 8851
5 5014 2590 5882 8852
5 1416 697 5175 8853
5 2205 2204 4680 8854
5 1457 631 4126 8855
5 1401 790 3732 8856
5 4610 4609 4660 8857
5 4067 1726 4166 8858
5 1961 1907 4884 8859
5 5546 886 5925 8860
5 1581 1579 4997 8861
5 589 185 5749 8862
5 382 2305 3729 8863
5 4397 101 4950 8864
5 3712 1293 5459 8865
5 4559 4572 5185 8866
5 4343 4345 4346 8867
5 4425 4423 5700 8868
5 794 1731 4474 8869
5 4356 4357 4358 8870
5 2228 2230 4901 8871
5 4075 1001 6139 8872
5 4152 1727 4251 8873
5 3701 3094 6137 8874
5 4411 4410 4867 8875
5 4179 4180 4196 8876
5 2924 2922 5546 8877
5 4303 4173 5343 8878
5 329 1633 4059 8879
5 2130 3164 4864 8880
5 3724 1483 4987 8881
5 514 110 5475 8882
5 1907 2135 4884 8883
5 2819 2154 5433 8884
5 4506 3316 4806 8885
5 4603 1781 4698 8886
5 3603 4588 5934 8887
5 225 4298 4324 8888
5 197 600 2111 8889
5 3835 3968 5052 8890
5 3996 3995 3997 8891
5 4341 4373 5910 8892
5 5192 4344 5959 8893
5 1553 4108 4109 8894
5 205 608 5057 8895
5 3803 3800 3828 8896
5 550 146 5576 8897
5 226 1562 4329 8898
5 2463 769 4253 8899
5 160 563 5172 8900
5 195 598 5015 8901
5 3263 3462 5916 8902
5 4117 1427 4118 8903
5 4321 4322 5823 8904
5 4142 1115 4143 8905
5 3773 4865 5540 8906
5 1752 103 4265 8907
5 1726 779 4166 8908
5 3781 4028 4029 8909
5 2630 775 4246 8910
5 1577 1575 5016 8911
5 2876 2875 5570 8912
5 2183 4996 5888 8913
5 1914 4819 5996 8914
5 4657 2744 5277 8915
5 1650 4114 4871 8916
5 553 149 5237 8917
5 3774 3773 5540 8918
5 1188 1189 5436 8919
5 233 1545 5340 8920
5 1546 234 5324 8921
5 3955 3871 3956 8922
5 2154 2727 5433 8923
5 583 179 5111 8924
5 5411 1031 5999 8925
5 1542 642 4264 8926
5 433 1193 5160 8927
5 3679 4716 4717 8928
5 1420 4107 4845 8929
5 204 607 4951 8930
5 4243 1659 4759 8931
5 4104 2591 4105 8932
5 3321 2532 5511 8933
5 585 181 5132 8934
5 1640 4132 4266 8935
5 4154 3212 5496 8936
5 4588 3479 6117 8937
5 891 3569 5828 8938
5 904 3503 5941 8939
5 4688 4014 6091 8940
5 1597 1595 5030 8941
5 1430 1436 4923 8942
5 5091 5096 5117 8943
5 4064 4063 4065 8944
5 2546 2548 5043 8945
5 1193 29 5027 8946
5 192 595 4999 8947
5 1407 1412 5505 8948
5 3096 3097 4958 8949
5 4727 2950 6058 8950
5 79 4230 4274 8951
5 2383 2385 5191 8952
5 2954 4911 6178 8953
5 1332 4427 4471 8954
5 1924 1930 5174 8955
5 3798 3796 3833 8956
5 2325 3580 5733 8957
5 3193 5187 5666 8958
5 1570 4125 4969 8959
5 4138 369 4237 8960
5 1375 1383 4984 8961
5 2550 2553 5047 8962
5 4093 2249 4094 8963
5 1589 1587 5049 8964
5 1727 374 4251 8965
5 3537 2825 5429 8966
5 1446 644 4257 8967
5 4255 1031 5411 8968
5 1536 1526 5026 8969
5 4206 4208 4797 8970
5 3778 4855 6072 8971
5 4168 4170 4171 8972
5 1611 4059 4060 8973
5 4163 1422 5183 8974
5 2408 2410 5062 8975
5 2149 2148 5514 8976
5 1169 1177 5351 8977
5 789 3695 3704 8978
5 2379 3427 5508 8979
5 5009 1664 5206 8980
5 4232 1655 4233 8981
5 1832 3556 5697 8982
5 902 3501 6133 8983
5 3740 3240 5224 8984
5 2701 2298 5894 8985
5 3664 3663 3665 8986
5 4030 2477 5884 8987
5 4621 1176 4713 8988
5 4816 2651 5494 8989
5 5142 5155 5678 8990
5 4914 4912 5038 8991
5 3242 4091 6049 8992
5 4174 4175 4794 8993
5 2557 2559 5059 8994
5 4565 4562 4570 8995
5 4694 3172 5740 8996
5 4694 2805 5569 8997
5 2214 2210 2278 8998
5 3557 2910 6026 8999
5 587 183 5152 9000
5 507 1752 4325 9001
5 1461 221 4453 9002
5 2121 5145 5918 9003
5 1809 4573 5582 9004
5 595 191 2654 9005
5 222 4368 4385 9006
5 1601 1599 5063 9007
5 3968 3967 4038 9008
5 3755 394 4098 9009
5 4725 4365 5627 9010
5 4730 4662 4790 9011
5 598 194 4910 9012
5 1421 4115 5257 9013
5 4589 4591 4681 9014
5 723 4870 5829 9015
5 5061 2781 5580 9016
5 3829 3819 3898 9017
5 2200 788 4119 9018
5 4158 1428 4596 9019
5 4139 1387 4140 9020
5 61 4185 4379 9021
5 4671 4669 4750 9022
5 3768 3771 5020 9023
5 3295 3290 5697 9024
5 2817 5009 5206 9025
5 2656 5407 6167 9026
5 3856 4022 5881 9027
5 1731 390 5851 9028
5 4552 4684 6064 9029
5 1554 643 4270 9030
5 4296 1398 4497 9031
5 3998 3997 4012 9032
5 783 379 4649 9033
5 2195 377 4297 9034
5 4632 4630 4745 9035
5 5073 1711 5322 9036
5 5071 2603 5535 9037
5 2569 2571 5075 9038
5 1390 4127 4128 9039
5 4778 2740 5992 9040
5 2684 2801 5339 9041
5 3356 2890 5297 9042
5 586 182 1495 9043
5 1567 4110 4976 9044
5 4348 4428 5771 9045
5 1466 4515 4726 9046
5 4265 506 4353 9047
5 4252 98 4403 9048
5 1974 768 4241 9049
5 2213 4934 4935 9050
5 778 1727 4150 9051
5 4083 1558 4084 9052
5 4717 4162 4902 9053
5 4689 1131 5326 9054
5 5558 2498 5651 9055
5 1447 1456 5177 9056
5 470 4167 4301 9057
5 5110 5109 5131 9058
5 3765 3763 6033 9059
5 1414 1423 4931 9060
5 1492 4947 5896 9061
5 5147 5133 5148 9062
5 4977 3955 5522 9063
5 1737 1954 3434 9064
5 5121 1498 5503 9065
5 326 1453 4503 9066
5 3247 2326 5577 9067
5 1190 46 4282 9068
5 2555 2557 5060 9069
5 4579 4571 4580 9070
5 4873 1928 4927 9071
5 744 1653 4401 9072
5 320 723 5829 9073
5 2575 2786 4677 9074
5 2078 1811 3356 9075
5 1199 4502 5571 9076
5 178 581 5129 9077
5 4263 3339 5917 9078
5 1434 4137 4939 9079
5 2983 3378 5529 9080
5 1891 4644 5836 9081
5 3718 3493 5301 9082
5 4731 4732 4733 9083
5 373 1395 4277 9084
5 780 4062 4297 9085
5 4574 4568 4575 9086
5 186 589 5142 9087
5 1456 1900 5177 9088
5 3697 3696 3699 9089
5 5413 2138 5866 9090
5 5214 5215 5806 9091
5 4103 1879 5363 9092
5 2577 2579 5162 9093
5 3147 5174 5846 9094
5 2561 2564 5072 9095
5 1821 4096 5909 9096
5 4768 894 5657 9097
5 2416 2418 5068 9098
5 4017 4015 4744 9099
5 4005 4004 5439 9100
5 3459 3585 5491 9101
5 2421 2423 5076 9102
5 2168 2627 5531 9103
5 2215 3759 5800 9104
5 21 1335 5286 9105
5 4505 1701 5544 9106
5 18 421 5709 9107
5 4668 1425 5505 9108
5 3488 1798 5217 9109
5 102 3883 4353 9110
5 1755 1753 5704 9111
5 3472 2796 6100 9112
5 5094 5090 5116 9113
5 2478 483 4274 9114
5 3476 5764 5915 9115
5 3423 5630 6008 9116
5 2462 3278 5393 9117
5 3506 1878 5416 9118
5 4605 4027 5782 9119
5 2333 2336 5318 9120
5 1540 229 5482 9121
5 2412 2414 5074 9122
5 4523 2040 6001 9123
5 4490 2123 5323 9124
5 608 204 1933 9125
5 5603 2510 5604 9126
5 1736 1734 2062 9127
5 4323 1478 4835 9128
5 169 572 2499 9129
5 5222 3822 5223 9130
5 3931 4229 4998 9131
5 5384 3100 5975 9132
5 1561 224 5359 9133
5 2072 2070 5408 9134
5 3506 3507 4690 9135
5 4122 1557 4123 9136
5 1741 1441 4967 9137
5 2722 4712 5261 9138
5 4663 2812 5012 9139
5 1478 210 4835 9140
5 3857 75 4355 9141
5 3965 104 4325 9142
5 3684 4873 4927 9143
5 1545 636 5400 9144
5 3789 3786 3834 9145
5 1846 1845 2030 9146
5 2440 5250 5949 9147
5 5742 5343 6022 9148
5 4822 2015 5648 9149
5 2581 2583 5178 9150
5 293 696 5820 9151
5 4012 3997 4523 9152
5 501 1764 4403 9153
5 628 1561 4298 9154
5 1993 211 4321 9155
5 2495 5101 6093 9156
5 5265 896 5268 9157
5 555 151 2511 9158
5 3883 505 4397 9159
5 2062 5703 5755 9160
5 80 2478 4362 9161
5 2566 2569 5166 9162
5 3700 3699 3701 9163
5 4187 4198 5422 9164
5 3135 2843 5560 9165
5 2637 2635 5065 9166
5 3794 3791 3832 9167
5 172 575 5690 9168
5 4290 4288 4291 9169
5 1664 1665 5864 9170
5 4609 4606 5721 9171
5 3967 3823 5220 9172
5 5059 3488 5060 9173
5 1894 1157 4980 9174
5 179 582 5233 9175
5 1649 4144 5295 9176
5 638 1546 5386 9177
5 3698 2200 4119 9178
5 5153 5138 5154 9179
5 2296 4638 5406 9180
5 164 567 5844 9181
5 479 3857 4389 9182
5 1810 1804 1845 9183
5 3744 3743 3745 9184
5 1764 97 4367 9185
5 3868 3954 5232 9186
5 4100 1322 5389 9187
5 2441 2534 5164 9188
5 2430 2435 5170 9189
5 5127 2493 5128 9190
5 4746 4747 4748 9191
5 3109 5912 6042 9192
5 3877 4557 5481 9193
5 74 3810 4376 9194
5 4355 478 4376 9195
5 1395 776 4332 9196
5 3004 3003 5254 9197
5 1055 1048 6148 9198
5 432 3815 5027 9199
5 2401 2403 5189 9200
5 1772 1748 4846 9201
5 2234 2235 5460 9202
5 185 588 2119 9203
5 1868 1866 2039 9204
5 3620 3261 5733 9205
5 567 163 2496 9206
5 4336 43 4352 9207
5 4386 73 4450 9208
5 366 2463 4734 9209
5 2437 2439 5171 9210
5 11 414 4827 9211
5 3860 81 4398 9212
5 3335 3334 5288 9213
5 1663 341 4401 9214
5 1609 1607 5176 9215
5 2405 2408 5181 9216
5 1562 629 4324 9217
5 3093 2776 5370 9218
5 5084 5121 5503 9219
5 4613 3671 4700 9220
5 4251 777 4277 9221
5 3951 4702 5966 9222
5 2174 1983 5190 9223
5 4337 4338 4339 9224
5 2585 2587 5197 9225
5 3810 477 4386 9226
5 696 1569 5820 9227
5 4287 4286 4288 9228
5 2536 2538 5169 9229
5 151 554 5203 9230
5 2212 800 5523 9231
5 1944 1942 5186 9232
5 2641 2639 5180 9233
5 592 188 3114 9234
5 484 4362 4398 9235
5 1605 1603 5195 9236
5 3046 2189 5280 9237
5 4079 1763 6152 9238
5 5058 2930 5405 9239
5 1453 729 5208 9240
5 4440 4823 4905 9241
5 1641 4164 5298 9242
5 60 2309 4387 9243
5 1206 1204 5701 9244
5 2732 630 4329 9245
5 44 2316 4372 9246
5 4339 4340 4342 9247
5 5064 2685 6062 9248
5 485 3860 4408 9249
5 3804 67 4301 9250
5 4282 449 4400 9251
5 450 1190 4351 9252
5 1614 1612 5173 9253
5 3371 3372 5547 9254
5 4025 4776 5205 9255
5 2966 2608 6075 9256
5 4808 1184 6159 9257
5 4834 1365 5461 9258
5 4473 391 4474 9259
5 1775 108 4464 9260
5 4285 4283 4286 9261
5 3693 4605 5782 9262
5 2664 3457 6115 9263
5 508 3965 4418 9264
5 2316 447 4336 9265
5 2312 51 4364 9266
5 3660 3661 3662 9267
5 5093 5242 5244 9268
5 6127 4535 6162 9269
5 3822 5222 6119 9270
5 171 574 5874 9271
5 614 1478 4321 9272
5 105 4418 4486 9273
5 1502 1503 5045 9274
5 1768 3012 4783 9275
5 782 378 5334 9276
5 797 1730 4098 9277
5 47 4351 4384 9278
5 4079 3956 4080 9279
5 5022 5565 5566 9280
5 1380 4860 5801 9281
5 1777 107 4393 9282
5 4133 481 5520 9283
5 4313 71 4489 9284
5 4454 4455 4724 9285
5 3811 72 4415 9286
5 4185 464 4387 9287
5 3029 220 4646 9288
5 3505 4851 6059 9289
5 1076 1061 5672 9290
5 4342 4343 4813 9291
5 59 4188 4406 9292
5 1756 115 4512 9293
5 3688 3664 3689 9294
5 3036 3037 6108 9295
5 4367 500 4444 9296
5 45 4284 4400 9297
5 2218 388 4259 9298
5 4909 4911 5230 9299
5 2744 4657 5278 9300
5 475 4313 4415 9301
5 4555 4556 4557 9302
5 3188 3189 5675 9303
5 2603 3589 5535 9304
5 82 4408 4409 9305
5 519 1756 4414 9306
5 476 3811 4450 9307
5 1455 1447 5177 9308
5 792 2218 3742 9309
5 5196 4953 5789 9310
5 1701 1785 5544 9311
5 4467 68 4482 9312
5 802 398 3766 9313
5 5060 3488 5217 9314
5 1905 116 4414 9315
5 3566 2761 5640 9316
5 4948 1166 5031 9317
5 3942 4993 5953 9318
5 2309 463 4406 9319
5 5773 4759 5993 9320
5 625 1461 4368 9321
5 4209 52 4413 9322
5 95 3908 4517 9323
5 1948 4725 5627 9324
5 4257 1554 5058 9325
5 106 1751 4472 9326
5 4393 510 4472 9327
5 3952 5007 5919 9328
5 1940 1938 5227 9329
5 511 1777 4464 9330
5 3677 4323 5660 9331
5 1384 1391 6158 9332
5 1337 70 4430 9333
5 1009 4279 5056 9334
5 5341 3206 6142 9335
5 57 4448 4449 9336
5 2106 2134 5161 9337
5 364 1975 4241 9338
5 42 2315 4394 9339
5 4382 5288 5653 9340
5 1802 1737 3434 9341
5 3317 4097 5841 9342
5 2265 5514 5871 9343
5 4862 2807 5698 9344
5 575 171 2494 9345
5 1751 509 4486 9346
5 4270 1542 5037 9347
5 4551 4554 4555 9348
5 48 3816 4399 9349
5 3801 53 4452 9350
5 1633 732 4375 9351
5 3413 2862 4990 9352
5 5206 1664 5864 9353
5 1681 730 4503 9354
5 4430 473 4458 9355
5 3692 4660 5721 9356
5 4079 1778 5522 9357
5 1711 5073 5781 9358
5 455 2312 4413 9359
5 3003 2670 4964 9360
5 4901 2988 6084 9361
5 3841 489 4460 9362
5 165 568 5905 9363
5 2190 2216 4071 9364
5 3758 3753 5707 9365
5 163 566 5263 9366
5 3964 4326 5785 9367
5 3746 3745 3747 9368
5 460 4195 4448 9369
5 1539 634 5308 9370
5 5574 2987 5595 9371
5 4244 1541 4366 9372
5 69 3805 4458 9373
5 4924 2526 6030 9374
5 4195 56 4518 9375
5 4460 85 4510 9376
5 58 2311 4459 9377
5 198 601 5648 9378
5 4169 4853 4854 9379
5 3816 451 4384 9380
5 3805 472 4467 9381
5 4284 448 4372 9382
5 1066 4390 4391 9383
5 50 3813 4446 9384
5 3989 4590 5862 9385
5 1812 5070 5767 9386
5 4570 4579 5971 9387
5 4188 462 4459 9388
5 4364 454 4446 9389
5 1743 1333 5292 9390
5 3842 84 4476 9391
5 1903 117 4470 9392
5 4352 446 4394 9393
5 436 2831 5238 9394
5 4509 1731 5851 9395
5 474 1337 4489 9396
5 3132 3130 5980 9397
5 471 3804 4482 9398
5 5106 5113 5122 9399
5 563 159 2506 9400
5 2670 3467 4964 9401
5 218 1916 3657 9402
5 4226 4405 5852 9403
5 495 3847 4479 9404
5 2695 5398 6143 9405
5 96 1765 4444 9406
5 5149 5136 5153 9407
5 4003 4770 5218 9408
5 3021 626 4385 9409
5 456 4209 4452 9410
5 86 3841 4639 9411
5 3135 5560 6151 9412
5 1739 4989 5819 9413
5 520 1905 4470 9414
5 1772 4847 5704 9415
5 2890 4864 5928 9416
5 560 156 5705 9417
5 3511 2834 5513 9418
5 3658 3659 3660 9419
5 1429 4082 5061 9420
5 594 190 6113 9421
5 3662 3663 3664 9422
5 5198 3673 5199 9423
5 2801 4974 5282 9424
5 3349 2381 5259 9425
5 2669 2667 5770 9426
5 3908 498 4451 9427
5 1195 4933 5017 9428
5 2235 3619 5512 9429
5 3045 3044 6027 9430
5 49 3793 4469 9431
5 3812 54 4465 9432
5 4476 487 4511 9433
5 4716 4162 4717 9434
5 2311 461 4449 9435
5 3781 3779 4028 9436
5 4484 217 4692 9437
5 745 1663 4396 9438
5 772 1719 4237 9439
5 5816 3575 5848 9440
5 2020 2081 2140 9441
5 1765 499 4517 9442
5 2237 3421 5622 9443
5 4673 30 5160 9444
5 5398 3467 6143 9445
5 2904 3604 5649 9446
5 457 3801 4465 9447
5 5134 5108 5144 9448
5 4322 1478 4323 9449
5 2520 2522 2524 9450
5 3834 3786 5246 9451
5 4557 4558 4576 9452
5 4422 4423 4424 9453
5 3688 3689 5066 9454
5 3847 91 5349 9455
5 488 3842 4510 9456
5 4145 1648 5284 9457
5 3077 3075 5716 9458
5 215 1466 4726 9459
5 554 150 5078 9460
5 624 3029 4453 9461
5 2315 445 4496 9462
5 2762 2219 2959 9463
5 518 3953 4512 9464
5 2295 1997 3092 9465
5 632 3607 5482 9466
5 188 591 6081 9467
5 1991 212 4585 9468
5 4259 791 4299 9469
5 3813 453 4469 9470
5 3850 92 4479 9471
5 4440 4905 4906 9472
5 1310 1313 5777 9473
5 4370 4214 5788 9474
5 2827 4383 5736 9475
5 4732 3692 5515 9476
5 2624 3525 4990 9477
5 5414 2995 5965 9478
5 4401 1653 5168 9479
5 2194 2192 5067 9480
5 150 553 1504 9481
5 2813 5380 5946 9482
5 41 3814 4496 9483
5 4942 4882 4943 9484
5 2127 3561 4859 9485
5 4319 4311 4335 9486
5 3479 3723 6117 9487
5 3793 452 4399 9488
5 4885 4540 5489 9489
5 4071 2216 5019 9490
5 1181 486 4409 9491
5 3177 4850 6035 9492
5 4937 4935 5898 9493
5 556 152 5624 9494
5 4558 4563 4576 9495
5 1780 1774 5004 9496
5 5084 5120 5121 9497
5 2066 2089 5273 9498
5 2516 2518 2525 9499
5 83 1181 4511 9500
5 4207 4941 6087 9501
5 4851 4239 6059 9502
5 3340 3082 5278 9503
5 1769 124 4640 9504
5 2532 2170 6164 9505
5 5916 2990 6110 9506
5 2115 2116 2117 9507
5 4224 1766 4225 9508
5 4528 4529 4531 9509
5 2949 5662 6058 9510
5 512 1775 4429 9511
5 4535 4598 4599 9512
5 1918 216 3726 9513
5 3817 3829 5220 9514
5 4970 4582 4971 9515
5 3991 3975 4952 9516
5 1975 767 4507 9517
5 1330 55 4500 9518
5 5396 5732 5933 9519
5 5266 1954 5267 9520
5 5324 637 5340 9521
5 5043 2551 5044 9522
5 5225 2204 5262 9523
5 4953 1751 5789 9524
5 4054 1586 6109 9525
5 38 1332 4471 9526
5 2353 5245 5737 9527
5 5295 3309 5467 9528
5 327 1681 4675 9529
5 4526 4527 4528 9530
5 2841 3532 5866 9531
5 3210 4268 5362 9532
5 3238 3102 5542 9533
5 1724 3729 5341 9534
5 458 3812 4500 9535
5 5271 4031 6135 9536
5 5460 2235 5512 9537
5 342 4396 4656 9538
5 4091 2789 5876 9539
5 4358 4357 4894 9540
5 569 165 5352 9541
5 5221 3940 5222 9542
5 459 1330 4518 9543
5 3665 3667 3686 9544
5 3027 3513 5897 9545
5 4195 4518 5838 9546
5 1415 4112 5354 9547
5 2354 3529 5948 9548
5 3423 1476 5630 9549
5 1959 1923 5174 9550
5 4916 2954 6178 9551
5 5047 2779 5048 9552
5 4009 4049 4705 9553
5 3815 28 4683 9554
5 2285 2966 4963 9555
5 4217 4218 5442 9556
5 1335 424 4749 9557
5 596 192 5568 9558
5 1547 5289 5879 9559
5 1332 441 4421 9560
5 1774 4783 5004 9561
5 1437 3596 5025 9562
5 1917 219 4611 9563
5 4731 4661 4732 9564
5 1506 5746 6008 9565
5 4823 4822 4905 9566
5 4421 37 4647 9567
5 925 927 6071 9568
5 1878 3506 4690 9569
5 3188 5675 5848 9570
5 4650 1376 4652 9571
5 2768 361 4361 9572
5 4167 3806 4168 9573
5 4656 4396 4657 9574
5 170 573 6173 9575
5 3953 114 4701 9576
5 5631 4497 5652 9577
5 2381 2383 5259 9578
5 4250 3225 5819 9579
5 2227 3047 5161 9580
5 5072 2838 5073 9581
5 4651 2778 5833 9582
5 2789 3530 5876 9583
5 1681 4503 5299 9584
5 528 1769 4501 9585
5 4626 4625 4627 9586
5 2886 2884 5814 9587
5 1335 4748 5530 9588
5 2730 3016 5317 9589
5 4062 1726 4063 9590
5 15 418 4567 9591
5 1528 1502 5045 9592
5 3762 2218 4259 9593
5 4097 3635 5841 9594
5 5175 293 5820 9595
5 2796 3717 6100 9596
5 3497 3498 5474 9597
5 3851 490 4639 9598
5 3760 3745 5517 9599
5 1503 2937 5045 9600
5 2509 2514 3118 9601
5 879 4878 6108 9602
5 4884 2135 5315 9603
5 1957 1869 5677 9604
5 4832 4802 5237 9605
5 2786 5162 5163 9606
5 494 3852 5349 9607
5 3559 2444 5682 9608
5 4150 1727 4151 9609
5 3384 4808 6159 9610
5 94 1180 4451 9611
5 1349 1316 5935 9612
5 5023 2457 6118 9613
5 765 2768 4780 9614
5 2230 2328 4901 9615
5 1916 621 4484 9616
5 4488 1314 6163 9617
5 582 178 1494 9618
5 2406 5181 5182 9619
5 4147 1652 5384 9620
5 2608 5730 6075 9621
5 521 1903 4495 9622
5 4507 363 4508 9623
5 4426 35 4587 9624
5 4277 1395 4278 9625
5 2109 2113 2469 9626
5 5922 3324 6008 9627
5 4289 4374 5555 9628
5 4530 33 5238 9629
5 568 164 2500 9630
5 3340 5278 5805 9631
5 223 3021 5747 9632
5 3814 444 4594 9633
5 328 1386 4375 9634
5 4531 4532 4533 9635
5 4513 214 4704 9636
5 5124 5088 5243 9637
5 4839 883 5698 9638
5 1583 1682 5011 9639
5 4457 4456 5915 9640
5 4821 2015 4822 9641
5 2589 5178 5179 9642
5 1078 1082 5798 9643
5 4231 1698 5496 9644
5 4012 4523 5316 9645
5 1401 3732 3733 9646
5 2469 4758 5663 9647
5 2910 3572 6026 9648
5 1449 5653 5857 9649
5 5123 5500 5501 9650
5 798 3755 4934 9651
5 39 4349 4522 9652
5 40 3788 4594 9653
5 4068 2350 5586 9654
5 5222 4186 5281 9655
5 3688 4700 5955 9656
5 3695 2200 3696 9657
5 527 4003 4640 9658
5 898 4863 6019 9659
5 1992 213 4648 9660
5 5356 3132 5980 9661
5 2830 34 4597 9662
5 3702 5367 5940 9663
5 4208 4217 4797 9664
5 4985 1547 5879 9665
5 2667 5239 5770 9666
5 1725 4896 5241 9667
5 3852 90 4696 9668
5 1955 5320 5321 9669
5 4194 4201 4595 9670
5 5100 5477 6040 9671
5 4367 4033 5830 9672
5 392 2239 4236 9673
5 349 4719 4756 9674
5 1338 1342 5687 9675
5 1579 1880 4997 9676
5 3857 4355 4356 9677
5 2895 5028 5968 9678
5 4325 1752 4326 9679
5 4349 442 4471 9680
5 3781 4029 5246 9681
5 564 160 5392 9682
5 4027 4017 4744 9683
5 5335 1896 5924 9684
5 4549 4551 5695 9685
5 5712 5558 6040 9686
5 4850 3177 5302 9687
5 4265 4353 4354 9688
5 3634 4816 5494 9689
5 5269 5683 6003 9690
5 4627 4625 5358 9691
5 1985 5186 5187 9692
5 2447 2340 6036 9693
5 3859 4042 5875 9694
5 1682 1581 4997 9695
5 5776 4819 6134 9696
5 1889 1585 5011 9697
5 3273 5411 5999 9698
5 751 4697 4735 9699
5 4403 1764 4404 9700
5 4362 2478 4363 9701
5 3980 3875 5232 9702
5 3168 2888 5817 9703
5 566 162 2501 9704
5 801 397 5837 9705
5 5093 5087 5242 9706
5 1327 4087 6015 9707
5 2199 2197 5262 9708
5 1781 132 4698 9709
5 590 186 5678 9710
5 4235 4652 5334 9711
5 3710 936 5473 9712
5 3065 3629 5775 9713
5 3919 4972 5553 9714
5 5858 3982 6111 9715
5 3860 4398 4899 9716
5 4659 2797 5498 9717
5 4547 4549 4584 9718
5 2117 2118 2120 9719
5 3726 619 4726 9720
5 125 4501 4720 9721
5 570 166 6101 9722
5 1388 746 4656 9723
5 1457 4126 5303 9724
5 4383 2808 5924 9725
5 2186 2184 5280 9726
5 1386 4675 5260 9727
5 3929 36 4525 9728
5 755 4751 4772 9729
5 189 592 5855 9730
5 5798 1082 5954 9731
5 2120 2121 2271 9732
5 4888 1821 5909 9733
5 87 3851 4589 9734
5 1575 3443 5016 9735
5 1187 3570 5726 9736
5 4693 1683 4694 9737
5 20 4746 4749 9738
5 4088 3163 5612 9739
5 2256 4498 5446 9740
5 1593 1591 5665 9741
5 1386 731 4675 9742
5 439 4426 4525 9743
5 1587 1889 5049 9744
5 438 2830 4587 9745
5 1595 1625 5030 9746
5 2241 2240 5737 9747
5 3927 5762 6089 9748
5 4310 4307 4658 9749
5 1986 5227 5228 9750
5 793 3761 5851 9751
5 574 170 1501 9752
5 2288 4494 6060 9753
5 121 3994 4516 9754
5 615 1993 4585 9755
5 2470 4757 5870 9756
5 1856 2668 5258 9757
5 4788 1918 6007 9758
5 3382 3330 6157 9759
5 4418 3965 4419 9760
5 5024 2987 5860 9761
5 1880 1577 5016 9762
5 4271 4013 5431 9763
5 4450 3811 5310 9764
5 5011 1682 5374 9765
5 4863 3355 6019 9766
5 347 1389 4697 9767
5 3804 4301 4302 9768
5 343 1388 4674 9769
5 5808 5810 5813 9770
5 5858 4945 6066 9771
5 2548 2551 5043 9772
5 2350 5479 5586 9773
5 1890 1597 5030 9774
5 536 1781 4601 9775
5 4415 4313 4416 9776
5 623 1917 4646 9777
5 2985 2546 5043 9778
5 3475 5276 5764 9779
5 4787 1625 5665 9780
5 3448 1556 5458 9781
5 3788 443 4522 9782
5 1372 2083 5330 9783
5 4424 4425 5457 9784
5 1915 1921 5403 9785
5 2111 600 5679 9786
5 1892 4787 5665 9787
5 2551 2550 5047 9788
5 437 4530 4597 9789
5 1892 1589 5049 9790
5 4472 1751 4953 9791
5 1777 4393 4945 9792
5 2328 2988 4901 9793
5 3841 4460 4461 9794
5 1204 1217 5701 9795
5 4517 3908 4848 9796
5 5259 1784 5886 9797
5 4624 4618 4625 9798
5 4719 1691 4781 9799
5 4189 4191 5221 9800
5 2487 2492 3054 9801
5 440 3929 4647 9802
5 3971 5252 5873 9803
5 1644 1536 5026 9804
5 2759 1743 5292 9805
5 4973 2127 5294 9806
5 2538 2874 5169 9807
5 5819 3225 5952 9808
5 2553 2779 5047 9809
5 4406 4188 4407 9810
5 2987 5574 5860 9811
5 1853 1856 5258 9812
5 1599 1890 5063 9813
5 622 3657 4611 9814
5 3842 4476 4477 9815
5 1412 4931 5505 9816
5 3742 2218 3743 9817
5 565 161 5842 9818
5 2385 3035 5191 9819
5 3457 2664 5638 9820
5 4679 425 5286 9821
5 1466 618 4513 9822
5 3805 4467 4798 9823
5 5322 2871 5766 9824
5 4003 123 4770 9825
5 2410 2791 5062 9826
5 4708 4546 4722 9827
5 1934 3431 5448 9828
5 3720 2420 5449 9829
5 1526 3455 5026 9830
5 493 3853 4696 9831
5 2559 2562 5059 9832
5 4098 1730 4099 9833
5 1181 4409 4410 9834
5 2208 2205 4680 9835
5 517 1789 4701 9836
5 2414 2432 5074 9837
5 3113 3112 5637 9838
5 3935 5202 6061 9839
5 1519 1517 5579 9840
5 133 4601 4736 9841
5 3959 5865 5911 9842
5 2180 2177 5739 9843
5 4576 4563 5204 9844
5 4633 4631 4634 9845
5 3668 3676 5720 9846
5 1623 1621 5325 9847
5 1891 1601 5063 9848
5 127 4007 4524 9849
5 2261 2263 5893 9850
5 344 1683 4693 9851
5 2534 5010 5164 9852
5 2439 2663 5171 9853
5 496 3850 5443 9854
5 4459 2311 4978 9855
5 351 1106 4751 9856
5 3047 2977 5490 9857
5 888 3725 5961 9858
5 2779 2555 5060 9859
5 1776 109 4429 9860
5 1190 4282 4283 9861
5 2808 4795 5924 9862
5 2051 2053 5610 9863
5 2722 5261 6057 9864
5 1683 747 4674 9865
5 3657 1916 3658 9866
5 2418 2433 5068 9867
5 1389 4714 4979 9868
5 1851 1855 5463 9869
5 1619 1617 5335 9870
5 4970 3919 5204 9871
5 4274 3981 5794 9872
5 1763 4079 4080 9873
5 2097 2656 6167 9874
5 3055 2508 4786 9875
5 379 782 1376 9876
5 1635 3645 5483 9877
5 2435 3578 5170 9878
5 353 4766 4793 9879
5 2423 3327 5076 9880
5 2305 785 4269 9881
5 4924 2519 6153 9882
5 2432 2416 5068 9883
5 4515 4514 4637 9884
5 2571 2574 5075 9885
5 2312 4364 5344 9886
5 4972 2765 4973 9887
5 2564 2838 5072 9888
5 752 1691 4719 9889
5 1790 1609 5176 9890
5 1728 1722 5371 9891
5 4291 4295 5903 9892
5 5433 3121 5628 9893
5 4007 530 4666 9894
5 2562 2561 5072 9895
5 2791 2412 5074 9896
5 5299 3474 5803 9897
5 2239 795 4473 9898
5 5000 2654 5001 9899
5 5649 1994 6156 9900
5 2663 2441 5164 9901
5 2433 2421 5076 9902
5 5278 4657 5805 9903
5 3874 434 4673 9904
5 4130 3011 5404 9905
5 4414 1756 5201 9906
5 4635 4634 4636 9907
5 2786 2577 5162 9908
5 3816 4384 5046 9909
5 3812 4465 4466 9910
5 600 196 5679 9911
5 5005 4491 5006 9912
5 1628 1626 5320 9913
5 1862 4490 5462 9914
5 420 16 5582 9915
5 2336 2943 5318 9916
5 4523 3997 5658 9917
5 1895 1605 5195 9918
5 2497 2504 2508 9919
5 2795 1955 5321 9920
5 4381 3259 6025 9921
5 3578 2437 5171 9922
5 4814 3790 5951 9923
5 5010 2536 5169 9924
5 2639 2643 5180 9925
5 2316 4336 4337 9926
5 1607 1895 5176 9927
5 616 1991 4648 9928
5 3635 2533 5841 9929
5 2704 3434 5266 9930
5 345 1687 4706 9931
5 491 4589 4681 9932
5 1917 4611 4612 9933
5 3093 6047 6137 9934
5 2838 2566 5166 9935
5 4284 4372 4373 9936
5 1107 770 4734 9937
5 4518 1330 4519 9938
5 4772 4751 4875 9939
5 2403 2406 5189 9940
5 535 4025 4698 9941
5 6095 3347 6106 9942
5 1904 118 4495 9943
5 4470 1905 5252 9944
5 5813 5810 5837 9945
5 1687 748 4693 9946
5 3499 4862 5698 9947
5 1218 4727 6058 9948
5 4589 3851 4590 9949
5 2273 3552 6041 9950
5 3853 89 4754 9951
5 1870 140 4630 9952
5 2434 2430 5170 9953
5 3880 22 4679 9954
5 1855 1853 5258 9955
5 2579 2589 5162 9956
5 431 3784 4683 9957
5 126 1771 4666 9958
5 2131 2031 5480 9959
5 1603 1891 5195 9960
5 5762 3826 5850 9961
5 2406 2405 5181 9962
5 3953 4701 4702 9963
5 2635 3246 5065 9964
5 2069 1519 5579 9965
5 5085 5121 5761 9966
5 4394 2315 4812 9967
5 4538 4542 5423 9968
5 1932 4943 5735 9969
5 2144 2707 5360 9970
5 538 134 6176 9971
5 2870 4382 5653 9972
5 5273 3032 5274 9973
5 3574 3188 5848 9974
5 4878 3036 6108 9975
5 4373 4341 5555 9976
5 1612 1790 5173 9977
5 3975 3972 5256 9978
5 2303 4651 5833 9979
5 3049 5372 6145 9980
5 1625 1593 5665 9981
5 1789 113 4669 9982
5 2589 2581 5178 9983
5 4180 4182 5314 9984
5 620 1918 4692 9985
5 2305 4269 5051 9986
5 1691 348 4735 9987
5 1771 529 4720 9988
5 3856 5881 6120 9989
5 2680 2401 5189 9990
5 2508 2509 4786 9991
5 2583 2933 5178 9992
5 4008 4005 5235 9993
5 4453 3029 4454 9994
5 5694 2929 5731 9995
5 4250 2795 5575 9996
5 2643 2637 5065 9997
5 4184 4189 5281 9998
5 3437 1947 6052 9999
5 3532 5413 5866 10000
5 5458 1530 6177 10001
5 1712 4954 6068 10002
5 3603 3109 6042 10003
5 166 569 1500 10004
5 1591 1892 5665 10005
5 3148 2019 5957 10006
5 346 1686 4714 10007
5 2749 5418 6094 10008
5 2371 2373 5336 10009
5 1942 1986 5186 10010
5 2587 2602 5197 10011
5 3028 4724 4919 10012
5 1983 1985 5190 10013
5 2285 2608 2966 10014
5 1559 1912 5355 10015
5 1164 4792 5454 10016
5 3886 3884 5345 10017
5 1896 1614 5173 10018
5 2933 2585 5197 10019
5 2314 5271 5421 10020
5 796 4236 5207 10021
5 759 4782 4809 10022
5 3900 3897 5364 10023
5 1686 749 4706 10024
5 2505 5243 5713 10025
5 525 4516 4687 10026
5 3379 2641 5180 10027
5 4175 4179 4794 10028
5 5156 5143 5157 10029
5 3784 27 4739 10030
5 3922 3904 5369 10031
5 144 1176 4614 10032
5 4025 131 4776 10033
5 1985 1944 5186 10034
5 3703 3762 5510 10035
5 4041 4021 5976 10036
5 5209 5210 5523 10037
5 4826 4292 5588 10038
5 1783 537 4736 10039
5 2785 5014 5882 10040
5 2373 3336 5336 10041
5 2872 2174 5190 10042
5 3669 3673 5198 10043
5 522 1904 4752 10044
5 5675 3189 6133 10045
5 2192 4071 5067 10046
5 1179 88 4681 10047
5 3496 1532 5464 10048
5 5675 880 5848 10049
5 141 4695 4743 10050
5 533 4018 4691 10051
5 3561 2959 5416 10052
5 3034 5631 5652 10053
5 1705 4809 4960 10054
5 5312 4012 6124 10055
5 4617 4615 4619 10056
5 3994 524 4641 10057
5 4365 3058 5627 10058
5 781 2195 4235 10059
5 544 1870 4695 10060
5 2182 2675 5042 10061
5 2747 5357 6035 10062
5 3075 3573 5920 10063
5 4619 4620 4623 10064
5 1938 3448 5227 10065
5 5204 3919 5994 10066
5 617 1992 4704 10067
5 2394 4890 5248 10068
5 3761 3744 4509 10069
5 756 1697 4766 10070
5 1759 4765 5410 10071
5 1389 750 4714 10072
5 492 1179 4754 10073
5 3098 5773 5993 10074
5 2646 3528 5581 10075
5 1690 753 4756 10076
5 2819 5433 5628 10077
5 4000 3998 5312 10078
5 2621 4982 6123 10079
5 5532 5098 5867 10080
5 2197 2260 5262 10081
5 142 1872 4773 10082
5 1986 1940 5227 10083
5 4584 3877 5202 10084
5 3414 2837 6136 10085
5 4913 4912 4914 10086
5 2000 145 4718 10087
5 4018 129 4843 10088
5 2685 5395 6062 10089
5 4630 543 4745 10090
5 3982 5858 6066 10091
5 3814 4594 5192 10092
5 2011 4757 4963 10093
5 5722 3693 5782 10094
5 3039 5206 5864 10095
5 2893 4892 6051 10096
5 2134 2227 5161 10097
5 5897 3028 5901 10098
5 355 1382 4782 10099
5 4942 4943 4966 10100
5 4881 4436 4882 10101
5 2425 2428 5769 10102
5 1789 4669 4670 10103
5 2040 4523 5658 10104
5 5316 1902 5815 10105
5 4745 139 4771 10106
5 1001 4242 6139 10107
5 1849 1851 5463 10108
5 1697 352 4772 10109
5 161 564 1499 10110
5 367 1107 5447 10111
5 5359 627 5747 10112
5 4211 4519 5908 10113
5 934 1025 6086 10114
5 4636 2998 6099 10115
5 2511 5115 5605 10116
5 1872 545 4743 10117
5 3405 4768 5657 10118
5 2259 5199 5671 10119
5 4669 516 4750 10120
5 4592 3912 5847 10121
5 3773 2078 5297 10122
5 5582 4573 6021 10123
5 2120 2271 2285 10124
5 1532 1534 5464 10125
5 4662 137 4790 10126
5 1381 362 4780 10127
5 3061 5285 5745 10128
5 4014 4688 6004 10129
5 1176 547 4713 10130
5 1714 4803 4804 10131
5 3932 4295 6048 10132
5 1770 122 4687 10133
5 4677 2786 5251 10134
5 4818 2394 5248 10135
5 2216 3276 5019 10136
5 4588 2396 5350 10137
5 1886 1623 5325 10138
5 526 1770 4770 10139
5 2428 2434 5769 10140
5 4578 4529 4740 10141
5 3956 3987 5455 10142
5 548 4614 4718 10143
5 1332 4421 4422 10144
5 4943 1932 4966 10145
5 4544 26 4721 10146
5 143 4616 4713 10147
5 1380 4824 4860 10148
5 3788 4522 5381 10149
5 539 4607 4711 10150
5 119 4752 4891 10151
5 1782 130 4691 10152
5 2091 2093 5753 10153
5 4461 3958 6161 10154
5 4501 1769 5431 10155
5 541 4662 4728 10156
5 3327 2425 5769 10157
5 1471 1511 5859 10158
5 531 4524 4703 10159
5 4628 3076 5479 10160
5 5138 5135 5139 10161
5 3501 5675 6133 10162
5 4196 4180 5314 10163
5 2076 2066 5273 10164
5 1897 1899 5914 10165
5 1966 1619 5335 10166
5 350 1690 4763 10167
5 2567 4165 5557 10168
5 2096 4779 5970 10169
5 2954 2653 6069 10170
5 12 415 4861 10171
5 3605 3478 5968 10172
5 896 5265 5415 10173
5 1871 138 4728 10174
5 4058 1024 6016 10175
5 3766 398 5981 10176
5 2968 4760 5531 10177
5 380 3064 4896 10178
5 3962 4899 5821 10179
5 4525 4426 4526 10180
5 3964 5982 6170 10181
5 4865 4028 5540 10182
5 2833 25 4785 10183
5 3467 2669 6143 10184
5 5476 5874 6077 10185
5 4734 2463 5507 10186
5 937 3555 5424 10187
5 2805 4694 5740 10188
5 4607 135 5521 10189
5 3998 4012 5312 10190
5 430 4544 4739 10191
5 3703 3760 5517 10192
5 423 3778 4746 10193
5 3263 5916 6110 10194
5 3434 1954 5266 10195
5 112 1788 4750 10196
5 5806 5215 5807 10197
5 2210 2207 5388 10198
5 4888 2872 5723 10199
5 5127 5104 5589 10200
5 534 1782 4776 10201
5 31 3874 5497 10202
5 766 1381 4508 10203
5 5519 3185 5943 10204
5 147 1999 4645 10205
5 4235 2195 4883 10206
5 3678 209 4162 10207
5 3246 4888 5909 10208
5 4606 3693 5721 10209
5 1760 1755 5704 10210
5 3854 3848 5428 10211
5 3845 3843 5432 10212
5 3572 3399 6026 10213
5 4625 4618 5358 10214
5 2528 5134 5144 10215
5 2285 2271 2608 10216
5 4616 546 4773 10217
5 1468 1471 5859 10218
5 5135 2528 5139 10219
5 429 2833 4721 10220
5 4343 4346 4813 10221
5 3978 3913 5754 10222
5 1704 4815 5372 10223
5 4518 4519 5838 10224
5 2970 4858 5727 10225
5 3022 3024 5456 10226
5 1175 136 4711 10227
5 3310 3061 5745 10228
5 5367 2217 5940 10229
5 1106 754 4763 10230
5 4687 4516 4688 10231
5 4759 3122 5993 10232
5 542 1871 4771 10233
5 2053 2076 5610 10234
5 764 1714 4361 10235
5 1696 757 4793 10236
5 3783 5423 5792 10237
5 4692 1918 4788 10238
5 4923 1436 5827 10239
5 1621 1966 5325 10240
5 2260 2194 5067 10241
5 2944 4378 5790 10242
5 4494 3426 6060 10243
5 5048 2779 5217 10244
5 2990 3333 6110 10245
5 1696 4793 5376 10246
5 2380 4085 5607 10247
5 1173 4891 5188 10248
5 2089 3032 5273 10249
5 5070 3327 5769 10250
5 2406 5182 5327 10251
5 2779 5060 5217 10252
5 3476 3475 5764 10253
5 3858 4319 5591 10254
5 1436 1439 5827 10255
5 2937 1849 5463 10256
5 1912 3066 5355 10257
5 601 5348 5648 10258
5 5243 2506 5713 10259
5 2604 3522 6043 10260
5 3534 3632 5465 10261
5 1866 1780 5004 10262
5 196 599 5725 10263
5 3977 3976 5270 10264
5 2557 5059 5060 10265
5 4524 4007 4705 10266
5 2459 5776 6134 10267
5 4551 4555 5695 10268
5 1705 356 4809 10269
5 1149 4093 5478 10270
5 3522 3230 6043 10271
5 5337 5603 5685 10272
5 1617 1896 5335 10273
5 3595 1635 5484 10274
5 5083 5120 5337 10275
5 4762 2346 5390 10276
5 2025 5235 5439 10277
5 2644 1468 5859 10278
5 3048 4960 5997 10279
5 5364 3901 5365 10280
5 5245 2353 5715 10281
5 613 3678 4835 10282
5 3415 3000 5393 10283
5 1550 3594 5441 10284
5 2653 5379 5637 10285
5 1626 1886 5320 10286
5 4989 2681 5819 10287
5 4601 1781 4602 10288
5 3761 4509 5851 10289
5 2408 5062 5181 10290
5 540 1175 4790 10291
5 3037 4926 6108 10292
5 4063 4067 5409 10293
5 2788 4976 5654 10294
5 2493 5127 5589 10295
5 3206 5219 5763 10296
5 3672 4515 4637 10297
5 2889 2371 5336 10298
5 2569 5075 5166 10299
5 3995 3991 4952 10300
5 2499 6040 6172 10301
5 3683 4874 5493 10302
5 1480 4762 5390 10303
5 2786 5163 5251 10304
5 5274 1699 5290 10305
5 5126 5104 5127 10306
5 5189 2406 5327 10307
5 1690 4756 5380 10308
5 5313 5312 6124 10309
5 134 1783 6176 10310
5 1955 1628 5320 10311
5 2434 5070 5769 10312
5 4686 4086 5973 10313
5 2967 5623 5868 10314
5 4685 4552 6064 10315
5 4018 4843 4844 10316
5 2792 5023 5676 10317
5 3778 19 4855 10318
5 1534 1960 5464 10319
5 3611 3543 5469 10320
5 187 2012 6080 10321
5 354 1696 4807 10322
5 5395 2131 6062 10323
5 2753 2129 5933 10324
5 1782 4691 5050 10325
5 3815 4683 4684 10326
5 4035 3905 5956 10327
5 2383 5191 5259 10328
5 1958 2345 6092 10329
5 2903 3351 5757 10330
5 2361 3412 5417 10331
5 3716 1647 5471 10332
5 4004 5312 5313 10333
5 5022 5563 5565 10334
5 4936 4935 4937 10335
5 3874 4673 4885 10336
5 2947 4506 5836 10337
5 5710 4569 6021 10338
5 3629 3063 5559 10339
5 2259 3685 5485 10340
5 426 3880 4737 10341
5 2140 5518 5957 10342
5 1991 4585 4586 10343
5 5287 5286 5530 10344
5 4405 4034 5978 10345
5 1960 1559 5355 10346
5 428 3879 4785 10347
5 5716 3075 5920 10348
5 3779 3774 5540 10349
5 1031 3655 5999 10350
5 1174 128 4703 10351
5 4962 2785 5882 10352
5 6103 3939 6119 10353
5 801 5837 5981 10354
5 2207 2208 5388 10355
5 4356 4358 5527 10356
5 3674 3680 5671 10357
5 5078 5079 5115 10358
5 5133 5109 5134 10359
5 1382 758 4807 10360
5 1870 4630 4631 10361
5 2420 3711 5487 10362
5 1999 550 5576 10363
5 1788 515 4784 10364
5 3294 4852 5426 10365
5 1473 1512 5861 10366
5 1391 1508 6158 10367
5 3762 3703 5517 10368
5 1714 360 4803 10369
5 1466 4513 4514 10370
5 3933 4217 5442 10371
5 2654 191 6112 10372
5 5610 2076 5611 10373
5 2204 2199 5262 10374
5 3879 24 4838 10375
5 4174 5742 6022 10376
5 2950 2949 6058 10377
5 5110 5131 5609 10378
5 2184 5042 5280 10379
5 532 1174 4843 10380
5 2189 2186 5280 10381
5 2527 148 4799 10382
5 1704 357 4815 10383
5 4186 4184 5281 10384
5 3262 4869 5518 10385
5 1921 1958 5403 10386
5 3032 2091 5753 10387
5 1484 3649 5498 10388
5 5488 5114 5596 10389
5 4239 5447 6059 10390
5 3694 1400 5502 10391
5 5221 5222 5281 10392
5 1713 359 4811 10393
5 551 4645 4799 10394
5 3081 5069 5960 10395
5 5112 5102 5476 10396
5 3999 4039 6091 10397
5 4123 4638 5646 10398
5 4254 2288 6060 10399
5 2748 2747 6035 10400
5 4652 1376 5334 10401
5 2511 5605 5606 10402
5 1997 1957 5677 10403
5 4728 4662 4729 10404
5 5159 5097 5532 10405
5 3174 2730 5317 10406
5 1380 358 4824 10407
5 760 1705 4815 10408
5 4704 1992 5167 10409
5 4425 5269 5457 10410
5 1023 4263 5917 10411
5 5115 2511 5203 10412
5 3958 5451 6161 10413
5 763 1713 4803 10414
5 3893 3890 5892 10415
5 3957 5451 6175 10416
5 2011 4963 5584 10417
5 3632 3633 5465 10418
5 2707 3337 5360 10419
5 3985 3961 5875 10420
5 1476 1479 5630 10421
5 2330 2338 5434 10422
5 2675 2180 5739 10423
5 4236 3758 5207 10424
5 2943 2361 5417 10425
5 3878 23 4737 10426
5 4323 4716 5660 10427
5 3535 3534 5465 10428
5 2993 2144 5360 10429
5 761 1704 4824 10430
5 4495 1903 5617 10431
5 2488 5488 5596 10432
5 5235 4005 5439 10433
5 2093 2993 5753 10434
5 2727 5031 5768 10435
5 5930 4466 6122 10436
5 3966 5196 5789 10437
5 2988 2330 5434 10438
5 120 1173 4641 10439
5 3220 5460 5512 10440
5 1872 4743 5331 10441
5 4022 3948 5881 10442
5 762 1380 4811 10443
5 5397 2686 5835 10444
5 5719 1978 6001 10445
5 4010 4023 6155 10446
5 4535 4599 6162 10447
5 3969 4953 5196 10448
5 3785 5538 6121 10449
5 4441 199 4820 10450
5 4860 2839 5801 10451
5 4240 1718 5668 10452
5 2949 5460 5662 10453
5 1479 1506 5630 10454
5 2278 2210 5388 10455
5 5632 2713 6131 10456
5 3544 937 5424 10457
5 4614 1176 4615 10458
5 2039 1866 5004 10459
5 1928 206 4927 10460
5 602 2015 4820 10461
5 5288 2948 5653 10462
5 4904 4903 6017 10463
5 4021 3899 5976 10464
5 4917 2110 5015 10465
5 4321 1478 4322 10466
5 5391 2782 5410 10467
5 1400 3651 5502 10468
5 3631 1149 5478 10469
5 2015 198 5648 10470
5 3904 3963 5369 10471
5 1722 1739 5371 10472
5 4747 3778 6072 10473
5 381 1725 4269 10474
5 2129 2131 5933 10475
5 3330 2629 6157 10476
5 1148 5357 5620 10477
5 5477 5112 6077 10478
5 4858 2866 5727 10479
5 3897 3901 5364 10480
5 1173 523 4891 10481
5 2791 5074 5623 10482
5 4131 1417 5680 10483
5 3753 3756 6171 10484
5 4191 4595 5221 10485
5 1810 1846 5684 10486
5 5245 3383 5737 10487
5 1511 1473 5861 10488
5 4011 4008 5235 10489
5 979 4231 6006 10490
5 1967 1728 5371 10491
5 5194 2644 5859 10492
5 2319 4442 5445 10493
5 4659 1550 5441 10494
5 552 2527 4832 10495
5 2201 4069 5763 10496
5 1647 4775 5471 10497
5 3594 3631 5441 10498
5 3884 3979 5345 10499
5 4775 3611 5469 10500
5 1342 5330 5687 10501
5 3948 4664 5881 10502
5 4911 4914 4915 10503
5 1848 174 5125 10504
5 4515 3672 6007 10505
5 2296 5406 5793 10506
5 4758 2140 5663 10507
5 4162 612 4902 10508
5 5169 2874 6109 10509
5 4182 4186 5314 10510
5 208 1929 4902 10511
5 3776 18 5709 10512
5 3870 5343 5742 10513
5 4894 4357 5831 10514
5 1498 559 5503 10515
5 1662 3694 5528 10516
5 1483 3593 5608 10517
5 1878 4690 5691 10518
5 4286 4289 5588 10519
5 5180 2643 5452 10520
5 427 3878 4838 10521
5 1734 1732 5536 10522
5 2031 2030 5480 10523
5 3943 4022 5995 10524
5 2030 2705 5480 10525
5 4564 4582 4970 10526
5 2838 5166 5781 10527
5 578 1848 5499 10528
5 1115 4078 5572 10529
5 5275 3032 5753 10530
5 3651 3650 5947 10531
5 2522 2646 5581 10532
5 5062 2791 5655 10533
5 2249 4083 5567 10534
5 207 4872 4903 10535
5 4928 1484 5498 10536
5 3960 3952 5919 10537
5 4004 5313 5439 10538
5 4916 5002 5379 10539
5 4294 4291 5903 10540
5 3894 3886 5345 10541
5 111 1172 4784 10542
5 4127 1646 5583 10543
5 4910 4917 5015 10544
5 3543 3544 5469 10545
5 1708 4148 6000 10546
5 4034 4035 5978 10547
5 2078 3356 5297 10548
5 5078 5115 5203 10549
5 3756 3749 6171 10550
5 3963 3900 5364 10551
5 4440 4906 4907 10552
5 3583 3030 5913 10553
5 3972 3973 5256 10554
5 4548 4708 4898 10555
5 152 5606 5624 10556
5 4879 4436 4881 10557
5 1119 4104 5574 10558
5 5418 3182 6094 10559
5 155 5084 5503 10560
5 3337 4819 5776 10561
5 4174 4794 5742 10562
5 416 12 4562 10563
5 4112 1642 5561 10564
5 3722 1660 5772 10565
5 4093 4094 5478 10566
5 4087 2855 6015 10567
5 5510 3733 5931 10568
5 3925 3922 5369 10569
5 4439 4823 5708 10570
5 193 2014 5038 10571
5 3791 3789 5554 10572
5 1172 514 5475 10573
5 6 409 5564 10574
5 5521 538 6176 10575
5 3176 5023 6118 10576
5 3649 4659 5498 10577
5 4870 3408 5829 10578
5 4853 1009 5616 10579
5 4821 4822 4823 10580
5 2509 3118 4786 10581
5 880 5816 5848 10582
5 2489 175 5499 10583
5 3760 3702 5940 10584
5 3871 3854 5428 10585
5 2115 2117 2470 10586
5 2108 200 4922 10587
5 3872 3845 5432 10588
5 4225 4226 5852 10589
5 1506 1490 5896 10590
5 2346 3149 5390 10591
5 4679 5286 5287 10592
5 5084 558 5119 10593
5 5209 4936 5210 10594
5 1427 4088 5612 10595
5 1568 4055 5594 10596
5 3819 3808 5550 10597
5 4125 4163 5597 10598
5 5574 4105 5860 10599
5 4143 1115 5572 10600
5 422 3776 4855 10601
5 5912 2397 6042 10602
5 3733 3700 5931 10603
5 3808 3803 5550 10604
5 4033 4444 6020 10605
5 5021 5020 5022 10606
5 5002 3113 5379 10607
5 1821 4888 5723 10608
5 5451 3989 5862 10609
5 4435 201 4929 10610
5 4074 1662 5552 10611
5 1652 4142 5613 10612
5 4105 4392 5860 10613
5 3800 3798 5556 10614
5 2993 5275 5753 10615
5 4004 4000 5312 10616
5 3826 4794 5850 10617
5 3637 3638 6057 10618
5 4108 1429 5580 10619
5 3923 4671 5728 10620
5 3064 783 4649 10621
5 4107 1570 5626 10622
5 4142 4143 5613 10623
5 4341 4339 5634 10624
5 4969 4125 5597 10625
5 3743 3762 5517 10626
5 4243 4759 5773 10627
5 4840 2985 5674 10628
5 4528 4531 5269 10629
5 4845 4107 5626 10630
5 3112 5139 5145 10631
5 156 1498 5705 10632
5 4085 1616 5845 10633
5 3843 3902 5432 10634
5 4963 2966 5584 10635
5 4144 1650 5600 10636
5 3848 3872 5428 10637
5 5374 1682 6154 10638
5 5367 2209 6013 10639
5 4755 3028 5897 10640
5 4918 2110 5944 10641
5 4109 4108 5580 10642
5 4055 1567 5636 10643
5 154 2512 5119 10644
5 3828 3800 5556 10645
5 2791 5623 5655 10646
5 3431 3022 5456 10647
5 4945 3969 6066 10648
5 4104 4105 5574 10649
5 2062 1734 5536 10650
5 5405 2930 5406 10651
5 202 4942 4966 10652
5 4164 1421 5619 10653
5 3685 2107 5485 10654
5 3739 1568 5594 10655
5 4987 1483 5608 10656
5 3796 3794 5614 10657
5 4737 3880 4738 10658
5 4801 4802 6128 10659
5 1725 784 4896 10660
5 4871 4114 5595 10661
5 4118 1427 5612 10662
5 2803 5033 5327 10663
5 4163 5183 5597 10664
5 1634 3648 5934 10665
5 4871 2986 5600 10666
5 4987 3101 6076 10667
5 4952 3975 5256 10668
5 1650 4871 5600 10669
5 3901 3893 5892 10670
5 4065 4063 5409 10671
5 5629 2886 5814 10672
5 4165 1641 5599 10673
5 4080 3956 5455 10674
5 5261 3719 6057 10675
5 5514 3268 5871 10676
5 4497 1398 5652 10677
5 1490 1492 5896 10678
5 203 1932 4520 10679
5 169 2499 6172 10680
5 3382 3329 5985 10681
5 2518 2520 5635 10682
5 1421 5257 5619 10683
5 4976 4110 5654 10684
5 5912 3109 6055 10685
5 4649 1376 4650 10686
5 610 1928 4872 10687
5 2512 557 5602 10688
5 5469 3544 5470 10689
5 4266 4132 6034 10690
5 5321 3065 5775 10691
5 1570 4969 5626 10692
5 4128 4127 5583 10693
5 5166 3348 5781 10694
5 3678 4162 4716 10695
5 1511 5194 5859 10696
5 4094 2249 5567 10697
5 4114 1119 5595 10698
5 5806 5807 5809 10699
5 5001 6112 6113 10700
5 1661 4074 5601 10701
5 4296 4497 5991 10702
5 3299 5716 5920 10703
5 2488 176 5548 10704
5 5073 2838 5781 10705
5 4083 4084 5567 10706
5 4544 4721 5724 10707
5 4110 1434 5654 10708
5 4388 1837 5988 10709
5 4746 3778 4747 10710
5 4771 1871 5822 10711
5 4926 879 6108 10712
5 4759 1659 5991 10713
5 1660 4243 5773 10714
5 4802 4800 6128 10715
5 5295 4144 5600 10716
5 3684 205 5057 10717
5 1567 4976 5636 10718
5 3024 3604 5456 10719
5 1420 4845 6034 10720
5 5927 1341 6147 10721
5 5298 4164 5619 10722
5 4344 5872 5959 10723
5 2505 158 5587 10724
5 1187 5790 5791 10725
5 4584 4549 5695 10726
5 3833 3796 5614 10727
5 3724 4987 6076 10728
5 1641 5298 5599 10729
5 153 2510 5602 10730
5 579 2489 5548 10731
5 1398 4220 5652 10732
5 3650 3720 5947 10733
5 5234 4682 6068 10734
5 1562 4324 5883 10735
5 5020 3771 5562 10736
5 4545 4547 5585 10737
5 4583 5184 5889 10738
5 4430 4458 5825 10739
5 5210 4936 5211 10740
5 5575 2795 5775 10741
5 3329 3382 6157 10742
5 1116 4234 5787 10743
5 4665 2088 5699 10744
5 2014 596 5568 10745
5 1800 5169 6109 10746
5 561 2507 5587 10747
5 5104 173 5589 10748
5 5368 2990 5916 10749
5 1635 5483 5484 10750
5 609 3684 4927 10751
5 149 4832 5237 10752
5 603 4441 4922 10753
5 1434 4939 5654 10754
5 3200 5225 5643 10755
5 1646 3716 5969 10756
5 1929 611 4903 10757
5 4231 5496 6006 10758
5 3108 5912 6055 10759
5 3973 3960 5919 10760
5 3874 5489 5497 10761
5 3092 1997 5677 10762
5 5449 2420 5487 10763
5 2874 4054 6109 10764
5 1553 4109 6078 10765
5 2490 180 5146 10766
5 4211 5930 6122 10767
5 5354 4112 5561 10768
5 5187 2822 5666 10769
5 5084 5119 5120 10770
5 4023 4049 6155 10771
5 4910 194 4912 10772
5 5155 5142 6054 10773
5 1429 5061 5580 10774
5 4189 5221 5281 10775
5 4660 4609 5721 10776
5 5114 177 5596 10777
5 1566 3613 5974 10778
5 604 2108 4929 10779
5 4781 3247 5577 10780
5 4984 1383 5804 10781
5 577 5104 5125 10782
5 605 4435 4942 10783
5 4148 4841 6000 10784
5 5792 3935 6061 10785
5 1616 4070 5965 10786
5 17 4569 5710 10787
5 4874 5492 5493 10788
5 3277 5610 5611 10789
5 4932 4684 5900 10790
5 580 2488 5596 10791
5 1732 1967 5536 10792
5 576 2493 5589 10793
5 3101 5942 6076 10794
5 3727 3370 6082 10795
5 2502 3386 6005 10796
5 2498 571 5650 10797
5 4086 1415 5973 10798
5 4823 4440 5708 10799
5 4841 3252 6000 10800
5 3687 3670 5720 10801
5 3151 4686 5973 10802
5 1410 4260 5802 10803
5 5384 1652 5613 10804
5 5284 1648 5975 10805
5 4910 4913 4917 10806
5 4123 5646 5647 10807
5 5536 1967 5703 10808
5 2124 2683 5834 10809
5 2019 2020 5957 10810
5 378 4235 5334 10811
5 2795 5321 5775 10812
5 3033 5316 5815 10813
5 3874 4885 5489 10814
5 5075 3348 5166 10815
5 16 419 1809 10816
5 584 2490 5625 10817
5 4060 4059 6106 10818
5 5691 1801 5692 10819
5 5856 2606 6047 10820
5 2038 5302 5545 10821
5 1648 4147 5975 10822
5 190 2013 6113 10823
5 2110 195 5015 10824
5 4642 3921 5728 10825
5 1106 4763 5673 10826
5 1415 5354 5973 10827
5 4264 4244 5694 10828
5 4911 2954 5230 10829
5 2476 5455 5884 10830
5 2697 4360 5987 10831
5 1217 4774 6009 10832
5 3832 3791 5554 10833
5 5602 2510 5603 10834
5 3395 4840 5674 10835
5 3665 3686 5734 10836
5 4356 5527 5661 10837
5 3757 4473 4474 10838
5 5983 3918 6046 10839
5 4570 4571 4579 10840
5 3457 4955 6115 10841
5 1811 1810 5684 10842
5 1800 5010 5169 10843
5 5230 2954 6069 10844
5 5000 4916 6178 10845
5 3428 2699 6050 10846
5 5132 181 5625 10847
5 4092 2743 5942 10848
5 3803 3828 5550 10849
5 5037 2928 5738 10850
5 4912 597 5038 10851
5 3693 4606 6126 10852
5 167 5098 5650 10853
5 5553 3772 5994 10854
5 4147 5384 5975 10855
5 2081 2109 5663 10856
5 2519 4924 6030 10857
5 4279 4178 5688 10858
5 4820 2015 4821 10859
5 1932 606 4966 10860
5 4854 4853 5616 10861
5 4520 1932 5735 10862
5 5614 3832 5718 10863
5 4078 2567 6010 10864
5 4936 4937 5211 10865
5 4270 5037 5738 10866
5 4028 3779 5540 10867
5 3974 5617 5926 10868
5 5483 3079 5495 10869
5 3692 5721 5722 10870
5 3720 5449 5947 10871
5 3154 5234 6068 10872
5 4682 1712 6068 10873
5 2821 5458 6177 10874
5 5423 3935 5792 10875
5 3798 3833 5556 10876
5 4132 1420 6034 10877
5 2510 556 5624 10878
5 5250 3014 5949 10879
5 4934 3755 5373 10880
5 3793 4399 5938 10881
5 4317 4894 5831 10882
5 4935 4934 5373 10883
5 1542 4264 5731 10884
5 2743 3724 6076 10885
5 4463 4461 6161 10886
5 4534 6127 6162 10887
5 1659 4296 5991 10888
5 2140 2081 5663 10889
5 5037 1542 5731 10890
5 5058 1554 5738 10891
5 5317 2665 6140 10892
5 2498 5650 5651 10893
5 3189 4991 6133 10894
5 1009 5056 5616 10895
5 6099 2647 6138 10896
5 4171 4174 6022 10897
5 5264 2826 6024 10898
5 562 2505 5713 10899
5 2493 172 5690 10900
5 4244 4366 5694 10901
5 2859 5298 5619 10902
5 4288 4286 5588 10903
5 4947 3180 5746 10904
5 3093 5370 6047 10905
5 1554 4270 5738 10906
5 5305 1792 6038 10907
5 2062 5755 5756 10908
5 5440 1956 6083 10909
5 1933 204 4951 10910
5 2020 2140 5957 10911
5 4201 4203 5641 10912
5 168 2498 5712 10913
5 5746 1506 5896 10914
5 5078 1504 5079 10915
5 607 4520 4951 10916
5 4203 4210 6103 10917
5 3832 5686 5718 10918
5 5260 4675 5803 10919
5 1681 5299 5803 10920
5 5152 183 5667 10921
5 3350 4266 6034 10922
5 1495 182 5150 10923
5 2866 5681 5727 10924
5 5121 5120 5761 10925
5 3671 3660 5955 10926
5 3745 3743 5517 10927
5 5018 2124 5834 10928
5 2461 4256 6125 10929
5 5360 3337 5776 10930
5 5285 2056 5745 10931
5 4173 4171 6022 10932
5 5087 5124 5242 10933
5 5120 5083 5761 10934
5 1444 4830 5750 10935
5 1314 5231 6037 10936
5 4179 4196 5850 10937
5 4657 4396 5805 10938
5 4449 4448 5880 10939
5 3691 5722 5782 10940
5 3789 3834 5554 10941
5 5390 3149 5729 10942
5 1837 5368 5988 10943
5 3436 5175 5820 10944
5 5563 4583 5889 10945
5 2060 5401 5669 10946
5 6001 1978 6002 10947
5 5557 4165 5599 10948
5 5083 5337 5685 10949
5 4339 4342 5634 10950
5 4442 2112 5445 10951
5 4557 4576 5481 10952
5 2463 4253 5778 10953
5 5444 2607 5950 10954
5 583 5111 5146 10955
5 3877 4584 5695 10956
5 4885 4886 5963 10957
5 5854 189 5855 10958
5 4595 3940 5221 10959
5 2012 590 5678 10960
5 4960 3049 6145 10961
5 3794 3832 5614 10962
5 2489 5499 5500 10963
5 1000 4275 6032 10964
5 586 1495 5667 10965
5 4214 5344 5788 10966
5 1724 5341 6142 10967
5 4561 11 4827 10968
5 6107 2526 6128 10969
5 5484 5483 5495 10970
5 1752 4265 5785 10971
5 5125 5104 5126 10972
5 4253 1974 5779 10973
5 5607 4085 5845 10974
5 5527 3949 5661 10975
5 3694 5502 5528 10976
5 1863 5629 5814 10977
5 5361 3221 6070 10978
5 3719 3637 6057 10979
5 2478 4274 5794 10980
5 3997 3995 5658 10981
5 5790 4378 5791 10982
5 5111 179 5233 10983
5 3660 3662 5955 10984
5 4069 1724 6142 10985
5 2524 2522 5581 10986
5 184 5137 5717 10987
5 2567 5557 6010 10988
5 2305 5051 5765 10989
5 2525 2518 5635 10990
5 4497 3122 5991 10991
5 5703 1967 5952 10992
5 4595 4201 5641 10993
5 3723 1634 6117 10994
5 5056 4279 5688 10995
5 5730 2096 5970 10996
5 5112 5476 6077 10997
5 5808 5806 5809 10998
5 5518 3148 5957 10999
5 4716 3679 5660 11000
5 585 5132 5150 11001
5 2499 572 5712 11002
5 4301 4167 5774 11003
5 5142 5749 6054 11004
5 2979 5267 5756 11005
5 3903 4041 5976 11006
5 6112 594 6113 11007
5 192 4999 5568 11008
5 5137 587 5152 11009
5 5367 2606 5856 11010
5 4452 4209 6087 11011
5 4385 3513 6053 11012
5 2804 4845 5626 11013
5 3664 3665 5734 11014
5 5056 4176 5616 11015
5 2119 588 5717 11016
5 3553 4979 5659 11017
5 598 4910 5015 11018
5 5343 4173 6022 11019
5 5460 3220 5662 11020
5 5705 1498 5863 11021
5 5570 2875 5967 11022
5 5142 589 5749 11023
5 581 5114 5129 11024
5 4049 4009 6155 11025
5 4719 4781 5946 11026
5 3044 5494 6027 11027
5 4396 1663 5805 11028
5 3065 5321 5945 11029
5 3474 5260 5803 11030
5 4364 4446 5788 11031
5 5709 421 5710 11032
5 4675 1681 5803 11033
5 2520 2524 5635 11034
5 595 2654 4999 11035
5 4439 4879 4880 11036
5 608 1933 5057 11037
5 599 2110 5725 11038
5 4955 3174 6115 11039
5 3114 188 6081 11040
5 4265 4354 5785 11041
5 4398 4362 5821 11042
5 5783 1487 5784 11043
5 5862 4463 6161 11044
5 1974 4241 5780 11045
5 4363 2478 5794 11046
5 1662 5528 5552 11047
5 1764 4367 5830 11048
5 4059 1633 6106 11049
5 3716 5471 5969 11050
5 4408 3860 5826 11051
5 3729 2305 5765 11052
5 4302 4301 5774 11053
5 5240 2936 6031 11054
5 4326 1752 5785 11055
5 4794 4179 5850 11056
5 2506 159 5713 11057
5 5212 5808 5813 11058
5 5098 570 6101 11059
5 4167 4168 5774 11060
5 3356 1811 5684 11061
5 3995 4952 5658 11062
5 3667 3669 5744 11063
5 1494 5129 5130 11064
5 5444 2521 6030 11065
5 3689 3664 5734 11066
5 4899 4398 5821 11067
5 591 6080 6081 11068
5 5174 1930 5846 11069
5 4362 4363 5821 11070
5 5594 4055 5636 11071
5 4700 3671 5955 11072
5 4404 1764 5830 11073
5 3860 4899 5826 11074
5 1878 5691 5692 11075
5 4464 1777 5858 11076
5 5502 2964 5528 11077
5 3060 4987 5608 11078
5 4910 4912 4913 11079
5 5146 5111 5609 11080
5 2131 5480 6062 11081
5 3775 5204 5994 11082
5 5772 1660 5773 11083
5 6113 2013 6114 11084
5 4074 5552 5601 11085
5 2511 151 5203 11086
5 1119 5574 5595 11087
5 1930 2019 5846 11088
5 5344 4364 5788 11089
5 1892 5049 6025 11090
5 2443 5005 6023 11091
5 2790 4969 5597 11092
5 1756 4512 5865 11093
5 1905 4414 5873 11094
5 5646 2864 5647 11095
5 5514 2148 6018 11096
5 5341 3729 5765 11097
5 2974 5341 5765 11098
5 4116 1553 6078 11099
5 3832 5554 5686 11100
5 2315 4496 5872 11101
5 1777 4945 5858 11102
5 5202 3777 6061 11103
5 185 2119 5749 11104
5 5001 6113 6114 11105
5 3349 5259 5886 11106
5 4531 4533 5683 11107
5 5269 4531 5683 11108
5 4826 3918 5983 11109
5 575 2494 5690 11110
5 5447 1107 6059 11111
5 5065 3246 5909 11112
5 563 2506 5172 11113
5 5583 1646 5969 11114
5 5507 2463 5778 11115
5 186 5142 5678 11116
5 5746 3180 5922 11117
5 3623 5324 5340 11118
5 3830 5983 6046 11119
5 5572 4078 6010 11120
5 2496 163 5263 11121
5 1967 5371 5952 11122
5 5241 4896 6104 11123
5 5907 3753 6171 11124
5 4012 5316 6124 11125
5 3775 4576 5204 11126
5 4800 4626 6107 11127
5 3805 4798 5923 11128
5 4915 5000 6178 11129
5 1504 553 5237 11130
5 4372 2316 5910 11131
5 1330 4500 5908 11132
5 5845 1616 5965 11133
5 1494 178 5129 11134
5 5490 2977 6084 11135
5 3122 4759 5991 11136
5 567 2496 5844 11137
5 573 6172 6173 11138
5 5605 5604 5606 11139
5 6140 2665 6141 11140
5 4960 4809 5997 11141
5 4744 2085 5401 11142
5 4519 1330 5908 11143
5 5201 1756 5865 11144
5 160 5172 5392 11145
5 4414 5201 5873 11146
5 3042 5484 5495 11147
5 4612 4611 5877 11148
5 2494 171 5874 11149
5 3953 4702 5911 11150
5 5494 2651 6027 11151
5 5252 1905 5873 11152
5 5172 5095 5392 11153
5 4098 4099 6096 11154
5 1903 4470 5926 11155
5 4373 4372 5910 11156
5 4241 1975 5839 11157
5 3917 4814 5951 11158
5 5081 5604 5605 11159
5 3669 5198 5744 11160
5 5139 2528 5145 11161
5 4812 2315 5872 11162
5 5144 2486 5918 11163
5 4458 3805 5923 11164
5 3686 3667 5744 11165
5 5354 3151 5973 11166
5 3940 4595 5641 11167
5 4547 4584 5585 11168
5 4399 3816 5939 11169
5 592 3114 5855 11170
5 3812 4466 5930 11171
5 3816 5046 5939 11172
5 4470 5252 5926 11173
5 5401 2085 5669 11174
5 1926 5649 6156 11175
5 2980 5305 6038 11176
5 4444 1765 6020 11177
5 3027 5897 5901 11178
5 4999 2654 5000 11179
5 4779 1850 5970 11180
5 3657 3658 5877 11181
5 3676 5972 5977 11182
5 2110 4917 5944 11183
5 5916 3462 5988 11184
5 1975 4507 5878 11185
5 4772 4875 6012 11186
5 554 5078 5203 11187
5 3163 4116 6078 11188
5 2316 4337 5910 11189
5 5208 3605 5968 11190
5 4611 3657 5877 11191
5 4567 418 5039 11192
5 1705 4960 6145 11193
5 4756 4719 5946 11194
5 5380 4756 5946 11195
5 2109 2469 5663 11196
5 1789 4670 5966 11197
5 5244 5705 5863 11198
5 1634 5934 6117 11199
5 4702 4701 5966 11200
5 5489 4600 5497 11201
5 5982 3887 6170 11202
5 2500 164 5844 11203
5 4500 3812 5930 11204
5 1992 4648 5972 11205
5 3881 5902 5978 11206
5 150 1504 5078 11207
5 4512 3953 5911 11208
5 5352 165 5905 11209
5 6040 5477 6172 11210
5 1704 5372 6150 11211
5 4574 5710 6021 11212
5 1682 4997 6154 11213
5 5934 4588 6117 11214
5 4292 4826 5983 11215
5 5529 3378 6146 11216
5 4522 4349 5986 11217
5 4860 4824 6150 11218
5 4582 4583 5562 11219
5 582 1494 5233 11220
5 5308 3727 6082 11221
5 5942 2743 6076 11222
5 4264 5694 5731 11223
5 3021 4385 6053 11224
5 3814 5192 5959 11225
5 415 4561 4861 11226
5 4496 3814 5959 11227
5 5898 5373 6028 11228
5 5372 4815 6145 11229
5 4569 420 5582 11230
5 4845 3350 6034 11231
5 2077 4973 5294 11232
5 5381 4522 5986 11233
5 379 1376 4649 11234
5 1501 170 6173 11235
5 5630 1506 6008 11236
5 5641 4203 6103 11237
5 4516 3994 6004 11238
5 4701 1789 5966 11239
5 3268 5514 6018 11240
5 2970 5727 6029 11241
5 5762 3927 6174 11242
5 3752 5906 5907 11243
5 3930 5457 6003 11244
5 5368 5916 5988 11245
5 4810 3095 6168 11246
5 5721 3693 5722 11247
5 5692 1801 6014 11248
5 5440 3033 6165 11249
5 4809 4782 5997 11250
5 4688 4516 6004 11251
5 2113 2115 5870 11252
5 5932 3930 6003 11253
5 4540 4885 5963 11254
5 568 2500 5905 11255
5 803 399 5812 11256
5 5158 5854 5855 11257
5 566 2501 5263 11258
5 2206 5856 6047 11259
5 5884 2477 6105 11260
5 4903 4872 6017 11261
5 5852 4405 5902 11262
5 574 1501 5874 11263
5 5763 4069 6142 11264
5 5617 1903 5926 11265
5 5556 3833 6135 11266
5 3099 5384 5613 11267
5 5552 2965 5601 11268
5 3514 5359 5747 11269
5 4196 5314 6089 11270
5 1697 4772 6012 11271
5 166 1500 6101 11272
5 4687 4688 6073 11273
5 3146 4860 6150 11274
5 4748 4747 6097 11275
5 1850 4779 5818 11276
5 2904 5649 6044 11277
5 4947 5746 5896 11278
5 1376 782 5334 11279
5 4007 4666 6045 11280
5 5201 3971 5873 11281
5 4018 4844 6088 11282
5 4705 4007 6045 11283
5 161 1499 5842 11284
5 6120 3895 6129 11285
5 4918 4908 5347 11286
5 1799 5490 6084 11287
5 4683 3784 6064 11288
5 2469 2113 5870 11289
5 4648 1991 5977 11290
5 417 13 1806 11291
5 5050 4691 6088 11292
5 5902 4405 5978 11293
5 4626 4627 6107 11294
5 4691 4018 6088 11295
5 5653 2948 5857 11296
5 2832 4865 5928 11297
5 2476 5884 6105 11298
5 1770 4687 6073 11299
5 5167 1992 5972 11300
5 5867 5098 6101 11301
5 5778 4253 5779 11302
5 4896 3064 6104 11303
5 1500 569 5352 11304
5 3755 4098 6096 11305
5 5825 4458 5923 11306
5 2652 5230 6069 11307
5 5403 1958 6092 11308
5 5779 1974 5780 11309
5 5533 3053 5936 11310
5 5149 5152 5667 11311
5 2115 2470 5870 11312
5 3820 5762 6174 11313
5 4684 4683 6064 11314
5 3703 5510 5931 11315
5 3977 5270 6079 11316
5 5638 1919 5996 11317
5 5532 5099 5651 11318
5 4576 3775 5481 11319
5 5906 3753 5907 11320
5 2040 5719 6001 11321
5 1499 564 5392 11322
5 5330 3040 5687 11323
5 5316 3033 6124 11324
5 4815 1705 6145 11325
5 5938 4399 5939 11326
5 3644 5354 5561 11327
5 4039 6073 6091 11328
5 3174 5317 6140 11329
5 1991 4586 5977 11330
5 1816 4959 6168 11331
5 4824 1704 6150 11332
5 5780 4241 5839 11333
5 3100 5284 5975 11334
5 4541 4932 5900 11335
5 1339 5927 6147 11336
5 10 413 1808 11337
5 2813 5577 6074 11338
5 2907 5594 5636 11339
5 5449 2816 5947 11340
5 2860 5557 5599 11341
5 5683 3928 6003 11342
5 5099 5558 5651 11343
5 5902 3881 6130 11344
5 4748 4553 5530 11345
5 1847 5730 5970 11346
5 5839 1975 5878 11347
5 3920 5902 6130 11348
5 5874 1501 6077 11349
5 2209 5367 5856 11350
5 5348 4822 5648 11351
5 5865 4512 5911 11352
5 5908 4500 5930 11353
5 2669 5770 6143 11354
5 5703 3078 5755 11355
5 2955 5572 6010 11356
5 5606 5604 5624 11357
5 4608 5521 6176 11358
5 5872 4496 5959 11359
5 5471 3010 5969 11360
5 408 4 3770 11361
5 1925 5638 5996 11362
5 5252 3974 5926 11363
5 7 410 1807 11364
5 3427 5607 5845 11365
5 5093 5244 5863 11366
5 1500 5867 6101 11367
5 3751 5907 6171 11368
5 5558 5100 6040 11369
5 5159 5532 5867 11370
5 5451 5862 6161 11371
5 4568 4574 6021 11372
5 3098 5772 5773 11373
5 5154 5141 6054 11374
5 5373 3755 6096 11375
5 5370 2206 6047 11376
5 6115 3174 6140 11377
5 3254 5507 5778 11378
5 4308 5825 5923 11379
5 5372 3146 6150 11380
5 5575 1402 6102 11381
5 3920 5852 5902 11382
5 4800 6107 6128 11383
5 5649 1926 6044 11384
5 5837 5810 5981 11385
5 4553 4748 6097 11386
5 2094 5632 6131 11387
5 4562 12 4861 11388
5 5707 3753 5906 11389
5 5972 4648 5977 11390
5 4908 4918 5944 11391
5 1803 5692 6014 11392
5 6028 5373 6096 11393
5 5577 2326 6074 11394
5 16 1809 5582 11395
5 6168 3095 6169 11396
5 3754 5898 6028 11397
5 4293 5938 5939 11398
5 5679 196 5725 11399
5 5842 1499 5843 11400
5 3780 5792 6061 11401
5 1956 5440 6165 11402
5 6073 4688 6091 11403
5 1902 6001 6002 11404
5 4211 5908 5930 11405
5 2521 5444 5950 11406
5 3928 5932 6003 11407
5 3858 6120 6129 11408
5 2664 6140 6141 11409
5 1816 6168 6169 11410
5 2976 5241 6104 11411
5 3278 5779 5780 11412
5 6080 5156 6081 11413
5 5730 1847 6075 11414
5 4350 5381 5986 11415
5 4099 6028 6096 11416
5 5151 5842 5843 11417
5 6172 5477 6173 11418
5 5094 5151 5843 11419
5 3206 5763 6142 11420
5 3415 5839 5878 11421
5 2664 6115 6140 11422
5 4574 5709 5710 11423
5 4918 5679 5725 11424
5 5141 5155 6054 11425
5 5118 5352 5905 11426
5 3 406 3769 11427
5 410 6 5564 11428
5 411 7 1807 11429
5 414 10 1808 11430
5 13 416 4562 11431
5 14 417 1806 11432
5 419 15 4567 11433
5 404 0 5216 11434
5 0 803 5812 11435
5 5216 0 5807 11436
5 5807 0 5811 11437
5 5811 0 5812 11438
5 1 404 5216 11439
5 405 1 3769 11440
5 2 405 3769 11441
5 409 5 5564 11442
5 9 412 4581 11443
5 413 9 1808 11444
5 399 802 5812 11445
5 407 3769 3770 11446
5 4751 1106 5673 11447
5 4278 1395 4332 11448
5 1558 3609 5647 11449
5 4099 1730 5207 11450
5 4770 1770 6073 11451
5 4776 1782 5050 11452
5 1804 1802 3434 11453
5 1873 1868 2039 11454
5 4773 1872 5331 11455
5 2219 2214 2278 11456
5 2271 2485 5332 11457
5 2311 4449 5880 11458
5 2492 2497 2508 11459
5 2514 2516 2525 11460
5 2665 3019 3431 11461
5 2763 2762 3561 11462
5 2764 2765 3771 11463
5 2767 3492 4804 11464
5 4779 3055 4786 11465
5 3679 4717 4904 11466
5 3764 3768 3970 11467
5 5021 3769 5216 11468
5 4594 3788 5381 11469
5 3811 4415 4416 11470
5 3933 4294 5903 11471
5 3965 4325 4326 11472
5 5214 3970 5215 11473
5 4061 4060 4825 11474
5 4188 4459 4978 11475
5 5555 4341 5634 11476
5 4393 4472 4953 11477
5 4409 4408 5826 11478
5 4513 4704 5167 11479
5 4566 4567 5039 11480
5 5890 4581 5891 11481
NPOIN= 6179
1 -2.775557561562891e-17 0
0.9999383162408303 1.49422917483516e-05 1
0.9997532801828658 5.975829557143542e-05 2
0.999444937480985 0.0001344154163860217 3
0.9990133642141358 0.0002388593929220501 4
0.998458666866564 0.0003730143932622054 5
0.99778098230154 0.0005367831480695417 6
0.9969804777275898 0.0007300471209813614 7
0.9960573506572389 0.0009526667154986235 8
0.9950118288582788 0.001204481517558254 9
0.9938441702975689 0.001485310572837781 10
0.9925546630773869 0.001794952697704619 11
0.9911436253643444 0.002133186822592822 12
0.9896114053108829 0.002499772366466119 13
0.9879583809693737 0.002894449640903449 14
0.9861849601988383 0.003316940282236266 15
0.9842915805643155 0.003766947710052496 16
0.9822787092288989 0.004244157610293328 17
0.9801468428384714 0.00474823844106835 18
0.977896507399165 0.005278841959240291 19
0.9755282581475768 0.005835603765750555 20
0.9730426794137726 0.00641814386759347 21
0.9704403844771128 0.007026067254293861 22
0.9677220154149337 0.007658964486690359 23
0.9648882429441257 0.008316412295794176 24
0.9619397662556433 0.00899797418946538 25
0.9588773128419905 0.009703201064629324 26
0.9557016383177226 0.01043163182275089 27
0.9524135262330097 0.01118279398628529 28
0.9490137878803078 0.0119562043138403 29
0.9455032620941839 0.01275136941180244 30
0.9418828150443468 0.01356778634021795 31
0.9381533400219317 0.01440494321076047 32
0.9343157572190957 0.01526231977466667 33
0.9303710135019718 0.01613938799858847 34
0.926320082177046 0.01703561262637784 35
0.9221639627510074 0.01795045172490001 36
0.917903680684135 0.01888335721206243 37
0.9135402871372809 0.01983377536534163 38
0.9090748587125117 0.02080114730919319 39
0.9045084971874737 0.02178490947984643 40
0.8998423292435452 0.02278449406609939 41
0.8950775061878452 0.02379932942485918 42
0.8902152036691648 0.02482884047030016 43
0.8852566213878945 0.02587244903565145 44
0.8802029828000155 0.02692957420676567 45
0.8750555348152298 0.02799963262676601 46
0.8698155474893048 0.02908203877121544 47
0.8644843137107057 0.03017620519340859 48
0.8590631488815943 0.03128154273953398 49
0.8535533905932737 0.03239746073361539 50
0.8479563982961571 0.03352336713229288 51
0.8422735529643444 0.03465866864966361 52
0.8365062567548867 0.03580277085255559 53
0.8306559326618259 0.03695507822676408 54
0.8247240241650917 0.03811499421493265 55
0.8187119948743449 0.03928192122690885 56
0.8126213281678526 0.04045526062355562 57
0.8064535268264883 0.04163441267513775 58
0.800210112662942 0.04281877649554454 59
0.7938926261462365 0.04400774995374186 60
0.7875026260216393 0.04520072956397349 61
0.7810416889260654 0.04639711035635528 62
0.7745114089990659 0.04759628572961608 63
0.7679133974894985 0.0487976472878495 64
0.7612492823579744 0.05000058466323869 65
0.7545207078751857 0.05120448532680365 66
0.7477293342162038 0.0524087343893077 67
0.7408768370508577 0.05361271439452524 68
0.7339649071302866 0.05481580510714129 69
0.7269952498697734 0.05601738329760184 70
0.7199695849279576 0.05721682252627836 71
0.7128896457825363 0.0584134929293406 72
0.7057571793025543 0.05960676100875246 73
0.6985739453173904 0.0607959894288166 74
0.6913417161825448 0.06198053682169261 75
0.6840622763423388 0.06315975760429912 76
0.6767374218896285 0.06433300180899117 77
0.6693689601226457 0.06549961493036482 78
0.6619587090990747 0.06665893779050047 79
0.6545084971874735 0.06781030642489613 80
0.6470201626161519 0.06895305199127696 81
0.6394955530196146 0.07008650070339015 82
0.6319365249826865 0.07120997379180372 83
0.6243449435824274 0.07232278749363252 84
0.6167226819279528 0.07342425307300537 85
0.6090716206982711 0.07451367687397153 86
0.6013936476782562 0.07559036040741722 87
0.5936906572928623 0.07665360047342983 88
0.5859645501397048 0.077702689320405 89
0.5782172325201154 0.07873691484204079 90
0.5704506159687912 0.0797555608132087 91
0.5626666167821521 0.08075790716552615 92
0.5548671555455226 0.08174323030328852 93
0.5470541566592572 0.08271080346024348 94
0.5392295478639224 0.08365989709751449 95
0.5313952597646567 0.08458977934279688 96
0.5235532253548213 0.08549971647076721 97
0.5157053795390641 0.08638897342445923 98
0.5078536586559103 0.08725681437717189 99
0.4999999999999999 0.08810250333428597 100
0.4921463413440897 0.08892530477417841 101
0.4842946204609358 0.08972448432723422 102
0.4764467746451787 0.09049930949177022 103
0.4686047402353433 0.09124905038550241 104
0.4607704521360775 0.09197298053100623 105
0.4529458433407428 0.09267037767344304 106
0.4451328444544773 0.09334052462865523 107
0.4373333832178478 0.09398271015956422 108
0.4295493840312086 0.09459622987864519 109
0.4217827674798845 0.09518038717410024 110
0.4140354498602952 0.09573449415720285 111
0.4063093427071376 0.09625787262815064 112
0.3986063523217436 0.09674985505763234 113
0.3909283793017286 0.09720978558119571 114
0.3832773180720472 0.09763702100339197 115
0.3756550564175726 0.09803093180857368 116
0.3680634750173136 0.09839090317513194 117
0.3605044469803853 0.09871633598988341 118
0.352979837383848 0.09900664785924987 119
0.3454915028125263 0.09926127411381992 120
0.3380412909009253 0.09947966880284079 121
0.3306310398773543 0.09966130567515906 122
0.3232625781103714 0.09980567914311346 123
0.3159377236576609 0.09991230522588009 124
0.3086582838174551 0.09998072246878 125
0.3014260546826097 0.1000104928350834 126
0.2942428206974456 0.1000012025668812 127
0.2871103542174637 0.09995246301164439 128
0.2800304150720425 0.09986391141115518 129
0.2730047501302266 0.09973521164957128 130
0.2660350928697133 0.09956605495747067 131
0.2591231629491424 0.09935616056883033 132
0.2522706657837962 0.09910527632800248 133
0.2454792921248144 0.09881317924388122 134
0.2387507176420255 0.09847967598858784 135
0.2320866025105017 0.09810460333815398 136
0.2254885910009342 0.09768782855284069 137
0.2189583110739347 0.09722924969490139 138
0.2124973739783607 0.09672879588177757 139
0.2061073738537634 0.09618642747290375 140
0.1997898873370579 0.09560213618849629 141
0.1935464731735118 0.09497594515890587 142
0.1873786718321474 0.09430790890332584 143
0.1812880051256551 0.09359811323686659 144
0.1752759758349082 0.09284667510523228 145
0.169344067338174 0.09205374234646335 146
0.1634937432451133 0.09121949337944318 147
0.1577264470356557 0.09034413681910339 148
0.1520436017038428 0.08942791101850087 149
0.1464466094067262 0.0884710835381808 150
0.1409368511184055 0.087473950543481 151
0.1355156862892942 0.08643683613067311 152
0.1301844525106952 0.08536009158307815 153
0.1249444651847702 0.08424409455852998 154
0.1197970171999845 0.08308924820979713 155
0.1147433786121054 0.08189598023980417 156
0.1097847963308351 0.08066474189372169 157
0.1049224938121548 0.0793960068902158 158
0.1001576707564547 0.07809027029436318 159
0.09549150281252627 0.07674804733494768 160
0.09092514128748824 0.07536987216905446 161
0.08645971286271908 0.07395629659707102 162
0.08209631931586486 0.0725078887313874 163
0.07783603724899246 0.07102523162226182 164
0.07367991782295386 0.06950892184448032 165
0.06962898649802818 0.06795956804859131 166
0.0656842427809044 0.06637778948063525 167
0.06184665997806821 0.06476421447441789 168
0.05811718495565327 0.06311947892048991 169
0.05449673790581605 0.06144422471609706 170
0.05098621211969218 0.05973909820045304 171
0.04758647376699021 0.05800474857976087 172
0.04429836168227735 0.0562418263464677 173
0.04112268715800943 0.05445098169728232 174
0.03806023374435663 0.05263286295451525 175
0.03511175705587427 0.05078811499531476 176
0.03227798458506631 0.04891737769337289 177
0.02955961552288727 0.04702128437765885 178
0.02695732058622735 0.0451004603127073 179
0.02447174185242323 0.0431555212049427 180
0.02210349260083494 0.04118707173945937 181
0.01985315716152847 0.03919570415160254 182
0.01772129077110096 0.03718199683760338 183
0.01570841943568446 0.03514651300841828 184
0.01381503980116172 0.033089799390802 185
0.01204161903062628 0.03101238497951305 186
0.01038859468911713 0.02891477984440391 187
0.008856374635655639 0.02679747399598897 188
0.007445336922613066 0.0246609363129155 189
0.006155829702431115 0.02250561353457577 190
0.004988171141721232 0.02033192932191168 191
0.003942649342761062 0.01814028338925154 192
0.003019522272410147 0.01593105070981411 193
0.002219017698460002 0.0137045807972834 194
0.001541333133436018 0.011461197065635 195
0.0009866357858642205 0.009201196269151387 196
0.0005550625190149927 0.006924848024320567 197
0.0002467198171342 0.004632394415062752 198
6.168375916970614e-05 0.002324049682471871 199
0 0 200
6.168375916970614e-05 -0.002324049682471871 201
0.0002467198171342 -0.004632394415062752 202
0.0005550625190149927 -0.006924848024320567 203
0.0009866357858642205 -0.009201196269151387 204
0.001541333133436018 -0.011461197065635 205
0.002219017698460002 -0.0137045807972834 206
0.003019522272410147 -0.01593105070981411 207
0.003942649342761062 -0.01814028338925154 208
0.004988171141721232 -0.02033192932191168 209
0.006155829702431115 -0.02250561353457577 210
0.007445336922613066 -0.0246609363129155 211
0.008856374635655639 -0.02679747399598897 212
0.01038859468911713 -0.02891477984440391 213
0.01204161903062628 -0.03101238497951305 214
0.01381503980116172 -0.033089799390802 215
0.01570841943568446 -0.03514651300841828 216
0.01772129077110096 -0.03718199683760338 217
0.01985315716152847 -0.03919570415160254 218
0.02210349260083494 -0.04118707173945937 219
0.02447174185242323 -0.0431555212049427 220
0.02695732058622735 -0.0451004603127073 221
0.02955961552288727 -0.04702128437765885 222
0.03227798458506631 -0.04891737769337289 223
0.03511175705587427 -0.05078811499531476 224
0.03806023374435663 -0.05263286295451525 225
0.04112268715800943 -0.05445098169728232 226
0.04429836168227735 -0.0562418263464677 227
0.04758647376699021 -0.05800474857976087 228
0.05098621211969218 -0.05973909820045304 229
0.05449673790581605 -0.06144422471609706 230
0.05811718495565327 -0.06311947892048991 231
0.06184665997806821 -0.06476421447441789 232
0.0656842427809044 -0.06637778948063525 233
0.06962898649802818 -0.06795956804859131 234
0.07367991782295386 -0.06950892184448032 235
0.07783603724899246 -0.07102523162226182 236
0.08209631931586486 -0.0725078887313874 237
0.08645971286271908 -0.07395629659707102 238
0.09092514128748824 -0.07536987216905446 239
0.09549150281252627 -0.07674804733494768 240
0.1001576707564547 -0.07809027029436318 241
0.1049224938121548 -0.0793960068902158 242
0.1097847963308351 -0.08066474189372169 243
0.1147433786121054 -0.08189598023980417 244
0.1197970171999845 -0.08308924820979713 245
0.1249444651847702 -0.08424409455852998 246
0.1301844525106952 -0.08536009158307815 247
0.1355156862892942 -0.08643683613067311 248
0.1409368511184055 -0.087473950543481 249
0.1464466094067262 -0.0884710835381808 250
0.1520436017038428 -0.08942791101850087 251
0.1577264470356557 -0.09034413681910339 252
0.1634937432451133 -0.09121949337944318 253
0.169344067338174 -0.09205374234646335 254
0.1752759758349082 -0.09284667510523228 255
0.1812880051256551 -0.09359811323686659 256
0.1873786718321474 -0.09430790890332584 257
0.1935464731735118 -0.09497594515890587 258
0.1997898873370579 -0.09560213618849629 259
0.2061073738537634 -0.09618642747290375 260
0.2124973739783607 -0.09672879588177757 261
0.2189583110739347 -0.09722924969490139 262
0.2254885910009342 -0.09768782855284069 263
0.2320866025105017 -0.09810460333815398 264
0.2387507176420255 -0.09847967598858784 265
0.2454792921248144 -0.09881317924388122 266
0.2522706657837962 -0.09910527632800248 267
0.2591231629491424 -0.09935616056883033 268
0.2660350928697133 -0.09956605495747067 269
0.2730047501302266 -0.09973521164957128 270
0.2800304150720425 -0.09986391141115518 271
0.2871103542174637 -0.09995246301164439 272
0.2942428206974456 -0.1000012025668812 273
0.3014260546826097 -0.1000104928350834 274
0.3086582838174551 -0.09998072246878 275
0.3159377236576609 -0.09991230522588009 276
0.3232625781103714 -0.09980567914311346 277
0.3306310398773543 -0.09966130567515906 278
0.3380412909009253 -0.09947966880284079 279
0.3454915028125263 -0.09926127411381992 280
0.352979837383848 -0.09900664785924987 281
0.3605044469803853 -0.09871633598988341 282
0.3680634750173136 -0.09839090317513194 283
0.3756550564175726 -0.09803093180857368 284
0.3832773180720472 -0.09763702100339197 285
0.3909283793017286 -0.09720978558119571 286
0.3986063523217436 -0.09674985505763234 287
0.4063093427071376 -0.09625787262815064 288
0.4140354498602952 -0.09573449415720285 289
0.4217827674798845 -0.09518038717410024 290
0.4295493840312086 -0.09459622987864519 291
0.4373333832178478 -0.09398271015956422 292
0.4451328444544773 -0.09334052462865523 293
0.4529458433407428 -0.09267037767344304 294
0.4607704521360775 -0.09197298053100623 295
0.4686047402353433 -0.09124905038550241 296
0.4764467746451787 -0.09049930949177022 297
0.4842946204609358 -0.08972448432723422 298
0.4921463413440897 -0.08892530477417841 299
0.4999999999999999 -0.08810250333428597 300
0.5078536586559103 -0.08725681437717189 301
0.5157053795390641 -0.08638897342445923 302
0.5235532253548213 -0.08549971647076721 303
0.5313952597646567 -0.08458977934279688 304
0.5392295478639224 -0.08365989709751449 305
0.5470541566592572 -0.08271080346024348 306
0.5548671555455226 -0.08174323030328852 307
0.5626666167821521 -0.08075790716552615 308
0.5704506159687912 -0.0797555608132087 309
0.5782172325201154 -0.07873691484204079 310
0.5859645501397048 -0.077702689320405 311
0.5936906572928623 -0.07665360047342983 312
0.6013936476782562 -0.07559036040741722 313
0.6090716206982711 -0.07451367687397153 314
0.6167226819279528 -0.07342425307300537 315
0.6243449435824274 -0.07232278749363252 316
0.6319365249826865 -0.07120997379180372 317
0.6394955530196146 -0.07008650070339015 318
0.6470201626161519 -0.06895305199127696 319
0.6545084971874735 -0.06781030642489613 320
0.6619587090990747 -0.06665893779050047 321
0.6693689601226457 -0.06549961493036482 322
0.6767374218896285 -0.06433300180899117 323
0.6840622763423388 -0.06315975760429912 324
0.6913417161825448 -0.06198053682169261 325
0.6985739453173904 -0.0607959894288166 326
0.7057571793025543 -0.05960676100875246 327
0.7128896457825363 -0.0584134929293406 328
0.7199695849279576 -0.05721682252627836 329
0.7269952498697734 -0.05601738329760184 330
0.7339649071302866 -0.05481580510714129 331
0.7408768370508577 -0.05361271439452524 332
0.7477293342162038 -0.0524087343893077 333
0.7545207078751857 -0.05120448532680365 334
0.7612492823579744 -0.05000058466323869 335
0.7679133974894985 -0.0487976472878495 336
0.7745114089990659 -0.04759628572961608 337
0.7810416889260654 -0.04639711035635528 338
0.7875026260216393 -0.04520072956397349 339
0.7938926261462365 -0.04400774995374186 340
0.800210112662942 -0.04281877649554454 341
0.8064535268264883 -0.04163441267513775 342
0.8126213281678526 -0.04045526062355562 343
0.8187119948743449 -0.03928192122690885 344
0.8247240241650917 -0.03811499421493265 345
0.8306559326618259 -0.03695507822676408 346
0.8365062567548867 -0.03580277085255559 347
0.8422735529643444 -0.03465866864966361 348
0.8479563982961571 -0.03352336713229288 349
0.8535533905932737 -0.03239746073361539 350
0.8590631488815943 -0.03128154273953398 351
0.8644843137107057 -0.03017620519340859 352
0.8698155474893048 -0.02908203877121544 353
0.8750555348152298 -0.02799963262676601 354
0.8802029828000155 -0.02692957420676567 355
0.8852566213878945 -0.02587244903565145 356
0.8902152036691648 -0.02482884047030016 357
0.8950775061878452 -0.02379932942485918 358
0.8998423292435452 -0.02278449406609939 359
0.9045084971874737 -0.02178490947984643 360
0.9090748587125117 -0.02080114730919319 361
0.9135402871372809 -0.01983377536534163 362
0.917903680684135 -0.01888335721206243 363
0.9221639627510074 -0.01795045172490001 364
0.926320082177046 -0.01703561262637784 365
0.9303710135019718 -0.01613938799858847 366
0.9343157572190957 -0.01526231977466667 367
0.9381533400219317 -0.01440494321076047 368
0.9418828150443468 -0.01356778634021795 369
0.9455032620941839 -0.01275136941180244 370
0.9490137878803078 -0.0119562043138403 371
0.9524135262330097 -0.01118279398628529 372
0.9557016383177226 -0.01043163182275089 373
0.9588773128419905 -0.009703201064629324 374
0.9619397662556433 -0.00899797418946538 375
0.9648882429441257 -0.008316412295794176 376
0.9677220154149337 -0.007658964486690359 377
0.9704403844771128 -0.007026067254293861 378
0.9730426794137726 -0.00641814386759347 379
0.9755282581475768 -0.005835603765750555 380
0.977896507399165 -0.005278841959240291 381
0.9801468428384714 -0.00474823844106835 382
0.9822787092288989 -0.004244157610293328 383
0.9842915805643155 -0.003766947710052496 384
0.9861849601988383 -0.003316940282236266 385
0.9879583809693737 -0.002894449640903449 386
0.9896114053108829 -0.002499772366466119 387
0.9911436253643444 -0.002133186822592822 388
0.9925546630773869 -0.001794952697704619 389
0.9938441702975689 -0.001485310572837781 390
0.9950118288582788 -0.001204481517558254 391
0.9960573506572389 -0.0009526667154986235 392
0.9969804777275898 -0.0007300471209813614 393
0.99778098230154 -0.0005367831480695417 394
0.998458666866564 -0.0003730143932622054 395
0.9990133642141358 -0.0002388593929220501 396
0.999444937480985 -0.0001344154163860217 397
0.9997532801828658 -5.975829557143542e-05 398
0.9999383162408303 -1.49422917483516e-05 399
-20 0 400
0 20 401
-1.224606353822377e-15 -20 402
20 -2.449212707644755e-15 403
0.9999691581204152 7.471145874161055e-06 404
0.999845798211848 3.735029365989031e-05 405
0.9995991088319254 9.708685597872854e-05 406
0.9992291508475604 0.0001866374046540358 407
0.99873601554035 0.0003059368930921144 408
0.998119824584052 0.0004548987706658737 409
0.9973807300145648 0.0006334151345254519 410
0.9965189141924143 0.0008413569182399924 411
0.9955345897577589 0.001078574116528438 412
0.9944279995779239 0.001344896045197994 413
0.9931994166874779 0.0016401316352712 414
0.9918491442208646 0.001964069760148994 415
0.9903775153376136 0.002316479594529471 416
0.9887848931401286 0.002697111003684711 417
0.9870716705841059 0.003105694961569858 418
0.9852382703815769 0.003541943996144381 419
0.9832851448966282 0.004005552660167937 420
0.9812127760336852 0.004496198025680839 421
0.9790216751188182 0.005013540200154321 422
0.9767123827733709 0.005557222862495423 423
0.9742854687806953 0.006126873816667195 424
0.971741531945443 0.006722105560943595 425
0.9690811999460234 0.007342515870492092 426
0.9663051291795308 0.007987688391242016 427
0.9634140045998848 0.00865719324262971 428
0.9604085395488169 0.009350587627047352 429
0.9572894755798566 0.01006741644369011 430
0.9540575822753867 0.01080721290451338 431
0.9507136570566588 0.01156949915006279 432
0.9472585249872462 0.0123537868628213 433
0.9436930385692656 0.01315957787601014 434
0.9400180775331396 0.01398636477548914 435
0.9362345486205137 0.01483363149271357 436
0.9323433853605548 0.01570085388662288 437
0.9283455478395088 0.01658750031248316 438
0.9242420224640474 0.01749303217563437 439
0.9200338217175715 0.01841690446848115 440
0.9157219839107292 0.0193585662886974 441
0.9113075729248966 0.02031746133726735 442
0.9067916779501585 0.0212930283944841 443
0.9021754132155095 0.02228470177297291 444
0.8974599177156952 0.02329191174547929 445
0.8926463549285053 0.02431408494757962 446
0.887735912528551 0.02535064475297132 447
0.882729802093955 0.02640101162120856 448
0.8776292588076229 0.02746460341676578 449
0.8724355411522673 0.02854083569899073 450
0.8671499306000053 0.02962912198231199 451
0.8617737312961504 0.0307288739664712 452
0.856308269737434 0.03183950173657468 453
0.8507548944447446 0.03296041393294826 454
0.8451149756302921 0.03409101789096997 455
0.8393899048596161 0.0352307197511095 456
0.8335810947083774 0.03637892453965567 457
0.827689978413459 0.03753503622084832 458
0.8217180095197185 0.0386984577209207 459
0.815666661521099 0.03986859092523218 460
0.8095374274971501 0.04104483664935059 461
0.8033318197447151 0.04222659458534114 462
0.7970513694045896 0.0434132632246431 463
0.7906976260839379 0.04460423975885768 464
0.7842721574738312 0.04579891996016831 465
0.7777765489625659 0.04699669804298563 466
0.7712124032442822 0.04819696650873279 467
0.7645813399237367 0.04939911597554406 468
0.75788499511658 0.05060253499502117 469
0.7511250210457158 0.05180660985805195 470
0.744303085633531 0.05301072439191643 471
0.7374208720905726 0.05421425975083318 472
0.7304800785000513 0.05541659420236789 473
0.723482417398866 0.05661710291194002 474
0.7164296153552678 0.05781515772780595 475
0.7093234125425455 0.05901012696904649 476
0.7021655623099933 0.06020137521878107 477
0.6949578307499894 0.06138826312525104 478
0.6877019962624427 0.06257014721299572 479
0.6803998491160053 0.0637463797066417 480
0.6730531910061587 0.06491630836967457 481
0.6656638346108602 0.06607927636043265 482
0.6582336031432742 0.0672346221076983 483
0.6507643299018339 0.06838167920808332 484
0.6432578578179045 0.06951977634733036 485
0.6357160390011721 0.07064823724759371 486
0.628140734282557 0.07176638064271812 487
0.6205338127552114 0.07287352028331588 488
0.612897151313112 0.07396896497348845 489
0.605232634188264 0.07505201864069433 490
0.5975421524855805 0.07612198044042058 491
0.5898276037162832 0.07717814489691746 492
0.5820908913299101 0.07821980208122289 493
0.5743339242444746 0.07924623782762195 494
0.5665586163754713 0.08025673398936747 495
0.5587668861638373 0.08125056873440734 496
0.5509606561024118 0.08222701688176327 497
0.5431418522616115 0.08318535027887636 498
0.5353124038142899 0.08412483822015565 499
0.5274742425597818 0.08504474790677707 500
0.5196293024469641 0.08594434494761079 501
0.5117795190974872 0.08682289390081556 502
0.5039268293279873 0.08767965885572547 503
0.4960731706720555 0.08851390405423107 504
0.4882204809025133 0.08932489455070626 505
0.480370697553079 0.09011189690950007 506
0.4725257574402824 0.09087417993863427 507
0.4646875961857211 0.09161101545825333 508
0.4568581477384317 0.09232167910222272 509
0.4490393438976208 0.0930054511510482 510
0.4412331138361735 0.09366161739410882 511
0.4334413836245389 0.09428947001910386 512
0.4256660757555575 0.09488830852637188 513
0.4179091086700897 0.09545744066565155 514
0.4101723962837272 0.09599618339267602 515
0.4024578475144406 0.09650386384289149 516
0.3947673658117471 0.09697982031941337 517
0.3871028486868881 0.09742340329229383 518
0.3794661872448424 0.09783397640598115 519
0.3718592657174539 0.0982109174918523 520
0.3642839609988495 0.09855361958250768 521
0.3567421421821166 0.09886149192456664 522
0.3492356700981871 0.0991339609865349 523
0.3417663968567366 0.09937047145833004 524
0.3343361653891289 0.09957048723900019 525
0.3269468089938845 0.09973349240913583 526
0.3196001508840162 0.09985899218449677 527
0.3122980037375797 0.09994651384732983 528
0.3050421692500324 0.09999560765193169 529
0.2978344376900385 0.1000058477009823 530
0.2906765874574763 0.09997683278926295 531
0.283570384644753 0.09990818721139978 532
0.2765175826011345 0.09979956153036322 533
0.2695199214999808 0.09965063330352124 534
0.262579127909417 0.09946110776315017 535
0.2556969143664801 0.0992307184484168 536
0.2488749789543269 0.09895922778594278 537
0.2421150048834308 0.09864642761623507 538
0.235418660076269 0.09829213966337121 539
0.2287875967557289 0.09789621594549802 540
0.2222234510374344 0.09745853912387105 541
0.2157278425261529 0.09697902278833988 542
0.209302373916062 0.09645761167734065 543
0.2029486305954211 0.09589428183070099 544
0.1966681802552956 0.09528904067370216 545
0.1904625725028352 0.09464192703111647 546
0.1843333384789063 0.09395301107009681 547
0.1782819904802923 0.09322239417105077 548
0.1723100215865411 0.09245020872584782 549
0.166418905291649 0.09163661786295403 550
0.1606100951403898 0.09078181509927409 551
0.1548850243697493 0.08988602391880213 552
0.1492451055553113 0.0889494972783454 553
0.1436917302625663 0.08797251704083099 554
0.1382262687038661 0.08695539333708016 555
0.1328500693999999 0.08589846385687669 556
0.1275644588477353 0.08480209307080462 557
0.1223707411923837 0.08366667138416498 558
0.1172701979060507 0.082492614224802 559
0.1122640874714779 0.08128036106676484 560
0.1073536450715013 0.08003037439197042 561
0.1025400822843105 0.07874313859229105 562
0.097824586784498 0.07741915881465759 563
0.09320832205000974 0.07605895975200182 564
0.08869242707510444 0.07466308438306299 565
0.08427801608930174 0.07323209266423246 566
0.07996617828243675 0.07176656017682742 567
0.07575797753598273 0.07026707673337457 568
0.07165445216049665 0.06873424494653797 569
0.0676566146394733 0.06716867876461609 570
0.06376545137948764 0.06557100197752713 571
0.05998192246686868 0.06394184669745741 572
0.0563069614307331 0.06228185181829277 573
0.05274147501275518 0.06059166145827557 574
0.04928634294334659 0.05887192339010971 575
0.04594241772463856 0.05712328746311685 576
0.04271052442014513 0.05534640402187599 577
0.03959146045118622 0.05354192232590069 578
0.03658599540011959 0.0517104889749176 579
0.03369487082047029 0.04985274634434383 580
0.03091880005397916 0.04796933103551752 581
0.02825846805456103 0.04606087234518582 582
0.02571453121932721 0.0441279907588265 583
0.02328761722663349 0.0421712964722047 584
0.02097832488118369 0.04019138794553272 585
0.01878722396631674 0.03818885049460487 586
0.0167148551034001 0.03616425492301831 587
0.01476172961842376 0.03411815619961087 588
0.01292832941589501 0.0320510921851587 589
0.01121510685987335 0.02996358241196057 590
0.009622484662387028 0.02785612692019733 591
0.008150855779135026 0.02572920515445326 592
0.006800583312523583 0.02358327492374813 593
0.005572000422077303 0.02141877142824583 594
0.004465410242243732 0.01923610635558703 595
0.00348108580758657 0.01703566704953513 596
0.00261926998543626 0.01481781575355205 597
0.001880175415948666 0.01258288893146137 598
0.001263984459651176 0.0103311966673975 599
0.0007708491524400131 0.008063022146738121 600
0.0004008911680750442 0.005778621219694989 601
0.0001542017881521922 0.003478222048770295 602
3.084187958493746e-05 0.001162024841239115 603
3.084187958477027e-05 -0.001162024841232816 604
0.0001542017881517686 -0.003478222048765011 605
0.0004008911680742832 -0.005778621219689332 606
0.0007708491524391684 -0.008063022146733666 607
0.001263984459649063 -0.01033119666738889 608
0.001880175415947354 -0.01258288893145703 609
0.002619269985433996 -0.01481781575354576 610
0.003481085807584639 -0.01703566704953051 611
0.004465410242238561 -0.01923610635557619 612
0.005572000422074761 -0.0214187714282411 613
0.006800583312520598 -0.02358327492374314 614
0.008150855779133159 -0.02572920515445043 615
0.009622484662384774 -0.02785612692019422 616
0.01121510685987006 -0.02996358241195639 617
0.01292832941589233 -0.03205109218515556 618
0.01476172961842174 -0.03411815619960867 619
0.01671485510338667 -0.03616425492300473 620
0.01878722396631269 -0.03818885049460104 621
0.02097832488117635 -0.04019138794552622 622
0.02328761722662602 -0.04217129647219849 623
0.02571453121932206 -0.04412799075882247 624
0.02825846805455359 -0.04606087234518032 625
0.03091880005397597 -0.0479693310355153 626
0.03369487082046842 -0.04985274634434259 627
0.03658599540011192 -0.0517104889749128 628
0.03959146045117984 -0.05354192232589689 629
0.04271052442014166 -0.05534640402187403 630
0.045942417724629 -0.05712328746311172 631
0.0492863429433358 -0.05887192339010421 632
0.05274147501275304 -0.06059166145827453 633
0.05630696143073311 -0.06228185181829277 634
0.05998192246685079 -0.06394184669744951 635
0.06376545137948783 -0.06557100197752722 636
0.06765661463945835 -0.06716867876461009 637
0.07165445216048628 -0.068734244946534 638
0.07575797753596358 -0.07026707673336757 639
0.07996617828241973 -0.0717665601768215 640
0.0842780160892822 -0.07323209266422596 641
0.08869242707510289 -0.07466308438306249 642
0.09320832205000477 -0.07605895975200032 643
0.09782458678448298 -0.07741915881465326 644
0.102540082284299 -0.07874313859228792 645
0.1073536450714899 -0.08003037439196742 646
0.1122640874714619 -0.08128036106676087 647
0.1172701979060404 -0.08249261422479957 648
0.1223707411923722 -0.08366667138416239 649
0.1275644588477249 -0.08480209307080241 650
0.1328500693999895 -0.08589846385687458 651
0.1382262687038342 -0.08695539333707406 652
0.1436917302625659 -0.08797251704083089 653
0.1492451055552577 -0.08894949727833626 654
0.1548850243697493 -0.08988602391880213 655
0.1606100951403792 -0.09078181509927248 656
0.1664189052916384 -0.0916366178629525 657
0.1723100215865411 -0.09245020872584782 658
0.178281990480271 -0.09322239417104811 659
0.1843333384788956 -0.09395301107009556 660
0.1904625725028242 -0.09464192703111528 661
0.1966681802552741 -0.0952890406737 662
0.2029486305954002 -0.09589428183069905 663
0.209302373916062 -0.09645761167734067 664
0.2157278425261421 -0.09697902278833904 665
0.2222234510374342 -0.09745853912387104 666
0.2287875967557071 -0.09789621594549665 667
0.2354186600762581 -0.0982921396633706 668
0.2421150048834091 -0.09864642761623399 669
0.2488749789542999 -0.09895922778594161 670
0.2556969143664585 -0.09923071844841601 671
0.2625791279094062 -0.09946110776314984 672
0.2695199214999483 -0.09965063330352045 673
0.2765175826011237 -0.09979956153036303 674
0.2835703846447422 -0.09990818721139964 675
0.2906765874574329 -0.09997683278926264 676
0.2978344376900168 -0.1000058477009823 677
0.3050421692500324 -0.0999956076519317 678
0.3122980037375363 -0.09994651384733025 679
0.3196001508840162 -0.09985899218449677 680
0.3269468089938628 -0.09973349240913626 681
0.334336165389118 -0.09957048723900046 682
0.3417663968567149 -0.09937047145833068 683
0.3492356700981871 -0.0991339609865349 684
0.3567421421821058 -0.09886149192456706 685
0.3642839609988386 -0.09855361958250815 686
0.3718592657174215 -0.09821091749185383 687
0.3794661872448098 -0.09783397640598283 688
0.3871028486868879 -0.09742340329229383 689
0.3947673658117145 -0.09697982031941532 690
0.4024578475144406 -0.09650386384289149 691
0.4101723962837054 -0.09599618339267749 692
0.4179091086700791 -0.09545744066565232 693
0.4256660757555356 -0.09488830852637355 694
0.4334413836245174 -0.09428947001910555 695
0.4412331138361518 -0.09366161739411061 696
0.4490393438975993 -0.09300545115105006 697
0.4568581477383886 -0.09232167910222655 698
0.4646875961856994 -0.09161101545825534 699
0.4725257574402499 -0.09087417993863736 700
0.4803706975530355 -0.09011189690950437 701
0.4882204809025122 -0.08932489455070637 702
0.4960731706720341 -0.08851390405423332 703
0.5039268293279655 -0.08767965885572782 704
0.5117795190974872 -0.08682289390081556 705
0.5196293024469213 -0.08594434494761564 706
0.5274742425597391 -0.08504474790678204 707
0.5353124038142896 -0.08412483822015568 708
0.5431418522615684 -0.08318535027888158 709
0.5509606561023686 -0.08222701688176864 710
0.558766886163816 -0.08125056873441003 711
0.5665586163754713 -0.08025673398936747 712
0.574333924244432 -0.07924623782762753 713
0.5820908913299101 -0.07821980208122289 714
0.5898276037162619 -0.07717814489692035 715
0.5975421524855805 -0.07612198044042058 716
0.6052326341882637 -0.07505201864069438 717
0.612897151313112 -0.07396896497348845 718
0.62053381275519 -0.07287352028331895 719
0.6281407342825357 -0.07176638064272123 720
0.6357160390011714 -0.07064823724759384 721
0.643257857817862 -0.06951977634733675 722
0.6507643299018128 -0.06838167920808655 723
0.658233603143253 -0.06723462210770158 724
0.6656638346108602 -0.06607927636043265 725
0.6730531910061375 -0.06491630836967793 726
0.6803998491159837 -0.06374637970664514 727
0.6877019962624213 -0.06257014721299918 728
0.6949578307499887 -0.06138826312525115 729
0.702165562309972 -0.0602013752187846 730
0.7093234125425241 -0.05901012696905009 731
0.7164296153552256 -0.05781515772781309 732
0.7234824173988231 -0.05661710291194733 733
0.7304800785000297 -0.05541659420237161 734
0.7374208720905717 -0.05421425975083335 735
0.7443030856335305 -0.05301072439191651 736
0.7511250210456947 -0.05180660985805568 737
0.75788499511658 -0.05060253499502117 738
0.7645813399237362 -0.04939911597554414 739
0.7712124032442818 -0.04819696650873288 740
0.7777765489625657 -0.04699669804298568 741
0.7842721574738731 -0.04579891996016054 742
0.7906976260839375 -0.04460423975885777 743
0.797051369404589 -0.04341326322464324 744
0.8033318197447151 -0.04222659458534114 745
0.8095374274971497 -0.04104483664935064 746
0.815666661521077 -0.03986859092523641 747
0.8217180095197181 -0.0386984577209208 748
0.8276899784134586 -0.03753503622084842 749
0.8335810947083352 -0.036378924539664 750
0.8393899048596157 -0.03523071975110955 751
0.8451149756302082 -0.03409101789098674 752
0.8507548944446862 -0.03296041393296002 753
0.8563082697374338 -0.03183950173657474 754
0.8617737312961495 -0.03072887396647137 755
0.8671499306000051 -0.02962912198231205 756
0.8724355411522673 -0.02854083569899073 757
0.8776292588076224 -0.0274646034167659 758
0.882729802093955 -0.02640101162120856 759
0.8877359125285084 -0.02535064475298029 760
0.8926463549285255 -0.02431408494757534 761
0.8974599177156952 -0.02329191174547929 762
0.9021754132154888 -0.02228470177297735 763
0.906791677949827 -0.02129302839455553 764
0.9113075729248959 -0.02031746133726747 765
0.9157219839106866 -0.01935856628870666 766
0.9200338217175709 -0.01841690446848128 767
0.9242420224640268 -0.01749303217563893 768
0.9283455478394882 -0.01658750031248773 769
0.9323433853605129 -0.01570085388663221 770
0.9362345486205137 -0.01483363149271357 771
0.9400180775331389 -0.01398636477548927 772
0.9436930385692651 -0.01315957787601024 773
0.9472585249872455 -0.01235378686282143 774
0.9507136570566587 -0.01156949915006279 775
0.9540575822753661 -0.01080721290451809 776
0.9572894755798566 -0.01006741644369011 777
0.9604085395488169 -0.009350587627047352 778
0.9634140045998841 -0.008657193242629846 779
0.9663051291795308 -0.007987688391242016 780
0.9690811999460232 -0.007342515870492127 781
0.9717415319454219 -0.006722105560948539 782
0.9742854687806747 -0.006126873816672013 783
0.9767123827733709 -0.005557222862495423 784
0.9790216751188182 -0.005013540200154321 785
0.9812127760336852 -0.004496198025680839 786
0.9832851448965862 -0.004005552660177891 787
0.985238270381577 -0.003541943996144381 788
0.9870716705841061 -0.003105694961569857 789
0.988784893140128 -0.002697111003684857 790
0.9903775153376136 -0.002316479594529471 791
0.9918491442208646 -0.001964069760148994 792
0.9931994166874779 -0.0016401316352712 793
0.9944279995779237 -0.00134489604519804 794
0.9955345897577588 -0.001078574116528439 795
0.9965189141924143 -0.0008413569182399924 796
0.997380730014565 -0.0006334151345254512 797
0.998119824584052 -0.0004548987706658734 798
0.9987360155403499 -0.0003059368930921381 799
0.9992291508475604 -0.0001866374046540359 800
0.9995991088319254 -9.70868559787286e-05 801
0.999845798211848 -3.735029365989351e-05 802
0.9999691581204151 -7.471145874189716e-06 803
-19.93168985981604 1.6515869132766 804
-19.72722606663685 3.291891814109906 805
-19.38800531544157 4.909709756025211 806
-18.91634482763148 6.493989402681525 807
-18.3154665228145 8.033908516510573 808
-17.58947501056316 9.518947885810395 809
-16.74332954713868 10.93896319017085 810
-15.7828101642206 12.28425428425245 811
-14.71447818432233 13.54563146416962 812
-13.54563140112884 14.71447824235546 813
-12.28425422504773 15.78281021030149 814
-10.9389631351618 16.74332958307789 815
-9.518947835617869 17.58947503772599 816
-8.033908470405489 18.31546654303807 817
-6.493989364934301 18.91634484059011 818
-4.909709728712011 19.38800532235822 819
-3.291891795532119 19.72722606973693 820
-1.65158690393386 19.9316898605902 821
-1.651586913276601 -19.93168985981604 822
-3.291891814109907 -19.72722606663685 823
-4.909709756025212 -19.38800531544157 824
-6.493989402681525 -18.91634482763148 825
-8.033908516510575 -18.3154665228145 826
-9.518947885810396 -17.58947501056316 827
-10.93896319017085 -16.74332954713868 828
-12.28425428425246 -15.7828101642206 829
-13.54563146416963 -14.71447818432233 830
-14.71447824235546 -13.54563140112884 831
-15.78281021030149 -12.28425422504773 832
-16.74332958307789 -10.9389631351618 833
-17.58947503772599 -9.518947835617867 834
-18.31546654303807 -8.033908470405487 835
-18.91634484059011 -6.493989364934301 836
-19.38800532235822 -4.90970972871201 837
-19.72722606973693 -3.291891795532118 838
-19.9316898605902 -1.651586903933858 839
19.93168985981604 -1.651586913276602 840
19.72722606663685 -3.291891814109908 841
19.38800531544157 -4.909709756025213 842
18.91634482763148 -6.493989402681527 843
18.3154665228145 -8.033908516510575 844
17.58947501056316 -9.518947885810396 845
16.74332954713868 -10.93896319017085 846
15.7828101642206 -12.28425428425246 847
14.71447818432233 -13.54563146416963 848
13.54563140112884 -14.71447824235546 849
12.28425422504773 -15.78281021030149 850
10.9389631351618 -16.74332958307789 851
9.518947835617867 -17.58947503772599 852
8.033908470405487 -18.31546654303807 853
6.493989364934299 -18.91634484059011 854
4.909709728712008 -19.38800532235822 855
3.291891795532117 -19.72722606973693 856
1.651586903933857 -19.9316898605902 857
1.651586913276603 19.93168985981604 858
3.291891814109909 19.72722606663685 859
4.909709756025214 19.38800531544157 860
6.493989402681528 18.91634482763148 861
8.033908516510577 18.3154665228145 862
9.518947885810398 17.58947501056316 863
10.93896319017085 16.74332954713868 864
12.28425428425246 15.7828101642206 865
13.54563146416963 14.71447818432233 866
14.71447824235546 13.54563140112884 867
15.78281021030149 12.28425422504773 868
16.74332958307789 10.9389631351618 869
17.58947503772599 9.518947835617865 870
18.31546654303807 8.033908470405486 871
18.91634484059011 6.493989364934298 872
19.38800532235822 4.909709728712008 873
19.72722606973693 3.291891795532115 874
19.9316898605902 1.651586903933856 875
-18.55241128433221 -0.8438874209659322 876
-17.33438889911245 6.775590981646662 877
-16.66638897481845 -8.147701066641163 878
-13.20907196544921 13.26344841441523 879
-12.21985741000351 -14.2782627097437 880
-6.667555716796196 17.40874073381532 881
-5.163931869440111 -17.99504650758109 882
0.639207275129279 18.73584575686519 883
2.268109848814758 -18.40131346821678 884
8.152127921466809 16.78426396909764 885
9.4699394611477 -16.16821529219245 886
14.18475060565379 12.07269061921742 887
15.22764742509645 -10.89450966089021 888
17.7697756675876 5.296270006873121 889
18.17406016092874 -3.854412575139325 890
18.69024117657549 0.7616544876239578 891
17.28871923743816 -6.752925225666544 892
16.68566000405867 8.203971091477712 893
13.30081330573697 -13.09888443328839 894
12.31272943400638 14.10757689159863 895
6.823144868954273 -17.44687153013051 896
5.2933796150823 17.78014865128307 897
-0.7666351400705271 -18.53552871050502 898
-2.251804155488123 18.53627518650628 899
-8.011747722766589 -16.79892182438638 900
-9.385407218645092 15.76907596989962 901
-14.15625954808836 -11.989740189172 902
-15.13208626596129 10.7465954786045 903
-17.82323668294907 -5.310031577833634 904
-18.05417553223582 4.029053863382688 905
17.81272951634718 -5.34145425475381 906
16.72876392624185 -4.318746626394151 907
16.98604420826313 -2.88858778259455 908
15.66265921742731 -3.370509447292786 909
15.88505170418264 -2.009211876327104 910
14.63474866649092 -2.514530025647021 911
14.40232974365019 -3.763869538632437 912
13.46835392210586 -2.923112353916585 913
13.67748276584102 -1.78477747537063 914
12.57104015190039 -2.176621964713581 915
12.35369365692089 -3.21205642361569 916
11.53502539519042 -2.489333960329344 917
11.6878067714092 -1.552053685087623 918
10.73724099519928 -1.884396571953551 919
10.56392557512939 -2.811775071532889 920
9.844878265931975 -2.182609868224939 921
10.00417655959242 -1.297613722308933 922
9.671826263394069 -3.09781463717558 923
9.004750447420587 -2.507195300503359 924
8.826009033946971 -3.328167469490553 925
8.196668472317249 -2.808890900676492 926
8.030612181596146 -3.578830530138688 927
7.443310307036459 -3.094385742703464 928
7.310091210909324 -3.848412849275612 929
6.718380452861648 -3.376563538335967 930
6.864187893420632 -2.662710798126313 931
6.593744022272357 -4.202841985032721 932
6.041526371489073 -3.651221333277461 933
5.892886644006818 -4.332965761806668 934
5.343800313103588 -3.774324299260091 935
0.6563553847005431 -0.0714771148981463 936
0.7667809039542028 -0.05204377444249664 937
5.240810826780411 -4.520100789061482 938
4.739806461953091 -4.09637193772561 939
4.61746191879189 -4.741459209943169 940
4.085643792162579 -4.245724388790009 941
4.003590137667413 -4.947432824393569 942
3.526763015608064 -4.547500095388491 943
3.412772138387857 -5.165072038597589 944
2.957053198899079 -4.764387169439406 945
2.82939018838702 -5.371424991814604 946
2.338695727847758 -4.909456805802077 947
2.240082503594357 -5.566289750362821 948
1.773260399518833 -5.166540604757991 949
1.655391461240177 -5.780246926355344 950
1.202924159499622 -5.377039181097674 951
1.062889765700482 -5.98580345928893 952
0.5498827652917432 -5.542795457965142 953
4.790233523282423 -3.589685401029234 954
0.4521784324762045 -6.201437929545783 955
-0.06914847927584711 -5.800818201577352 956
-0.1763314642942313 -6.438326748509567 957
-0.6633072247597371 -5.996752116978966 958
-0.5200249891769521 -5.300908774453861 959
-1.13160122783261 -5.580996828306842 960
-1.030422356751251 -4.886360718108337 961
-1.621140621634907 -5.146729971161921 962
-1.507193848377312 -4.496966964865097 963
-2.085745166991427 -4.685344904013885 964
-1.959574763017241 -4.096213917331011 965
-2.528817582193057 -4.269045963567256 966
-2.402444968846905 -3.701616045271115 967
-2.96112256300974 -3.872999223953516 968
-2.834946894668049 -3.321859193781172 969
-3.387671162172107 -3.482638256254653 970
-3.202565570142451 -2.864659660289867 971
-3.80600231015002 -3.084710262129337 972
-3.689147979169144 -2.521874111982798 973
-4.250824685530425 -2.700942455414232 974
-4.125784634721493 -2.118142949544209 975
-4.702881955607841 -2.301749311251866 976
-4.570781396192324 -1.694993433498976 977
-3.883940337611834 -3.602734085499771 978
-2.207809792696434 -5.374522117994752 979
-5.176047563983213 -1.885504882883229 980
-5.033454621970429 -1.247361319511368 981
-5.677277134676784 -1.445662416329017 982
-5.519382726728378 -0.7825796752204095 983
-5.818464439381964 -2.120343256329149 984
-4.778734775602875 -0.6042372271411102 985
-5.338377216901513 -0.1300689500499791 986
-4.709702939213559 0.06321204873005887 987
-5.186619563319834 0.5089056912764509 988
-4.571539199555557 0.6916600955166645 989
-5.033340357803415 1.130996579514366 990
-4.43258554672655 1.302077471528788 991
-4.882619605777655 1.742396515944004 992
-4.283459312756314 1.910859991662148 993
-4.732161804364073 2.353249902832789 994
-4.113563076117368 2.532809792569284 995
-4.583594143431398 2.976912194316749 996
-3.961108799673524 3.149766332777241 997
-4.433245410711294 3.619327693662761 998
-3.75378883041888 3.81520018630117 999
-5.35002973800758 2.183358984192847 1000
-6.002830871439047 -0.2582100344865238 1001
-4.274323213612548 4.307962597772306 1002
-3.580387444523853 4.493404005939048 1003
-0.9671914908099335 -4.282198558169092 1004
0.5574072546068838 -0.08487848117565547 1005
-3.066781028745648 4.004146271562096 1006
-2.892553427321498 4.670912190927899 1007
-2.412734768361271 4.182568337562059 1008
0.7700983875423361 0.05144377237710552 1009
-2.227596654074627 4.838041911885639 1010
-1.762442206410644 4.360121964709906 1011
-1.57698678797136 5.002612515953529 1012
-1.103172057883009 4.530741933974239 1013
-0.9317039653691959 5.167430963164332 1014
-0.4630228551175057 4.691427822577875 1015
-0.2741893763206725 5.340032334093811 1016
0.2047116383823072 4.853704440000169 1017
0.398773053769777 5.528357981436253 1018
0.868029367531766 5.029646624212721 1019
-1.366967844451181 5.650781565484767 1020
1.096463903645523 5.724083167024316 1021
1.534254398237171 5.21556428831461 1022
0.9407261604139263 -6.637419908112742 1023
3.318572276798838 -5.775496874839804 1024
5.687725534733193 -5.011216938509415 1025
1.831485109999716 5.918633828508326 1026
2.315585714167349 5.244534999532421 1027
3.013963894668565 -4.151022845206217 1028
-4.109713749440514 5.021049525779324 1029
-4.843642414389227 4.813771706825889 1030
1.301660847692571 6.410054861795894 1031
2.602792613418444 6.118579934791121 1032
3.164988509009306 5.527294078926166 1033
-3.582918949629553 -1.937595678614198 1034
2.951472492031484 4.739399895905562 1035
3.735293905986006 4.954941352098118 1036
3.525334047126457 4.175813679335167 1037
-3.709343887206684 2.089529679369549 1038
-2.272873231267291 -3.194620149371698 1039
-0.8222827982419012 -6.669882162530469 1040
4.312652342016477 4.35930696821227 1041
-4.669778167186543 5.581050323199168 1042
4.552473316389637 5.170989867554328 1043
-5.454887614876191 5.350232490658685 1044
-1.268789399021492 3.827040023225905 1045
5.150029123575964 4.534406043679392 1046
5.406889704335168 5.386871064904826 1047
6.017760711030609 4.773420625450099 1048
0.6346914092518295 4.376915559014538 1049
-5.274343096498255 6.185281783178984 1050
8.00676819637377 -4.261336259056074 1051
-6.118451014654466 5.93426150489759 1052
4.089680502309943 3.60300267898811 1053
6.30456531465577 5.622577961918013 1054
6.947644638569942 4.974664257234958 1055
3.244050486844781 3.444828583738117 1056
3.83260638555051 2.928734039584555 1057
-5.912020749907673 6.808207204774781 1058
3.175379688565965 2.764601458539746 1059
3.610743008961094 2.319996993204844 1060
-6.799579167931662 6.509489072649207 1061
4.276511724428804 2.414507780281357 1062
4.014108905405468 1.874822418363413 1063
4.658055177393859 1.927437283344492 1064
2.97592684509351 2.199962087587972 1065
0.6787717396911175 0.06727647771890145 1066
-5.036260935784761 7.06595283026135 1067
-7.005942381283181 5.622945936398775 1068
4.414219660860364 1.326338712655669 1069
7.251630525086047 5.861804614334298 1070
7.926496200759654 5.121718198188935 1071
6.566216006914988 6.574925042016802 1072
-5.72597579238748 7.713581741368483 1073
-4.777910936730118 7.995380965929024 1074
5.065978476940298 1.429717776657605 1075
-7.730482444774802 6.230883303755451 1076
-7.928170760476309 5.267584062477513 1077
-8.669802072068453 5.947549814620956 1078
-8.898873825896668 4.921124147983641 1079
-5.514618220885929 8.685324521998174 1080
-4.505816711720315 8.975532738046972 1081
-8.276588442396005 6.882672095614945 1082
7.549449383231131 6.820117693002214 1083
6.827491917340955 7.584428028325028 1084
4.829659059621419 0.8230274318282194 1085
4.184611107141899 0.7180221542631955 1086
5.484541746927385 0.9191032776862522 1087
4.589082830081045 0.258202144800032 1088
4.017379593392724 0.1633980772484799 1089
-4.147108177827915 0.2723680667088494 1090
-5.239267414228398 9.710896074558502 1091
-4.211300302972333 10.00136013990045 1092
-9.757003741181995 5.773682672867134 1093
-9.942790046927342 4.608475581283826 1094
7.896899317931286 7.840211645702292 1095
7.118949415572463 8.64674607980594 1096
1.337598070172345 -4.712576264818435 1097
4.366723058465226 -0.2653593221241412 1098
3.852445989852044 -0.3379703484024628 1099
3.542886606116014 0.04150206231199603 1100
3.394611399687047 -0.3860446848891935 1101
3.112435762934897 -0.07355895318268232 1102
2.994661211390848 -0.4244928881419916 1103
2.768085049837121 -0.1767411792727862 1104
2.6668683727516 -0.4733544721050419 1105
0.857812887183605 -0.033603704966022 1106
0.9337609967270345 -0.0173175065146778 1107
2.865950356559051 -0.726778408039902 1108
2.55876011286626 -0.7690876033598699 1109
2.479042368994939 -0.2389880888207823 1110
2.735901624499423 -1.021275264360934 1111
2.429740894053275 -1.06306797747755 1112
2.607615929543238 -1.31603359983479 1113
2.291519149093258 -1.350785794361702 1114
0.3930493355918128 -0.1005365202525251 1115
0.4709277721400465 -0.09482994742419509 1116
2.099159957497725 -1.092710381043817 1117
1.986519791313008 -1.372767053291504 1118
0.3105022164196171 -0.1031162814719049 1119
1.804377276621215 -1.152664884610679 1120
1.703873549585508 -1.396931692054436 1121
1.549656188258212 -1.18436225746382 1122
1.442398484925319 -1.41924996132014 1123
0.2334732879329115 -0.1006997406113525 1124
1.295074914568653 -1.184365579314078 1125
1.191758479973933 -1.43747592399216 1126
1.039841881895708 -1.221731282459365 1127
0.9544879616794876 -1.458227265092703 1128
0.8120517970009207 -1.276408279100603 1129
0.1587369421917508 -0.09364145815694416 1130
0.7275590719060658 -1.480807091327974 1131
0.5994273692389412 -1.304068007044998 1132
0.5016032920410715 -1.505848927375204 1133
0.3732259622619284 -1.295554345879558 1134
0.2740980025171771 -1.529992373490134 1135
0.1515915458350839 -1.347079322691126 1136
0.4440140525603821 -1.721100147766699 1137
0.04267787039499645 -1.561375567680181 1138
-0.07834077352551445 -1.339465620750377 1139
1.57324293352151 -1.658944834169614 1140
1.645492076359298 -0.9455719279045833 1141
-0.1980412557541552 -1.586751406892425 1142
-0.3346723916969286 -1.386816536536011 1143
-0.2457349977163414 -1.171833863379223 1144
-0.4690695514890758 -1.199517792226007 1145
-0.3742728149957009 -0.994641344718637 1146
-0.5912782604639492 -1.0185079532289 1147
-0.1570216642086181 -0.9815125938693298 1148
0.1205648138158945 -0.08565129184876791 1149
-0.5144202949452575 -0.821651470077273 1150
-0.7161990173575183 -0.8455727903944368 1151
-0.6307313552175138 -0.6615651875245859 1152
-0.835224052144544 -0.6776684862383446 1153
-0.7258996377222001 -0.4812227300119962 1154
-0.95061896580795 -0.5077813860163876 1155
-0.8633769961835607 -0.3280618261957344 1156
-1.070564131107418 -0.3433037007773931 1157
-0.9751683034871682 -0.1432244797581377 1158
-1.197351231141934 -0.1692336412960754 1159
-1.107667968629 0.0430006025907675 1160
-0.9283596798999186 -0.8817524636361981 1161
-1.337188800147545 0.01707897394177466 1162
-1.230876941590619 0.2373764163787628 1163
-0.5905404500347845 -1.408236738645076 1164
-1.438351744134579 -0.2067431858342872 1165
-0.9693195407323405 0.2574098000846081 1166
-1.125768333880608 0.4692680602068338 1167
-0.8697258187956033 0.4844463802712558 1168
-1.00709035362352 0.6768818644179229 1169
-0.7609900024785918 0.6857428354298383 1170
0.4985819956474843 0.09180890333305225 1171
0.4160912897678804 0.09951804086551526 1172
0.3472828913551047 0.1030850990570561 1173
0.2849270214142672 0.1044504569072999 1174
0.230205853494685 0.1012567344052571 1175
0.1825051527269415 0.09639718263990943 1176
-0.8912703374369022 0.888980200130965 1177
-0.6562312161030709 0.8927699456664452 1178
0.5927637981628544 0.08073944275027616 1179
0.5495021104625522 0.08706530554125942 1180
0.6343127601094466 0.07420226067364799 1181
-0.7767699842773045 1.109374249824772 1182
-0.5214229680299537 1.120180569752936 1183
-1.373719840907684 0.4524728800666339 1184
-1.031421177586871 1.100753328759271 1185
0.6774375481897584 -1.125560625345163 1186
1.140885455489693 -1.038975340834558 1187
-0.6665969998499286 1.348864530393632 1188
-0.3772091902177693 1.358391656813624 1189
0.8742101551057392 0.03051947105341448 1190
-0.2361304940207654 1.106503028173616 1191
-0.09316619571922702 1.360885343486608 1192
0.9484816578085562 0.01381681739166609 1193
0.05565884121664812 1.124713174040421 1194
0.1880819337638681 1.361610603095026 1195
0.3181924954942975 1.132066878748237 1196
0.4664539207145751 1.370988541044162 1197
0.6097275848835693 1.120684175014694 1198
-0.2183338285112677 1.622368556274847 1199
2.556125524640401 0.02640903159683549 1200
2.264983377284686 -0.04924875059617018 1201
2.36638575547443 0.2139387917666085 1202
2.12542103261509 0.1614640223406564 1203
2.199907794477268 0.3812724933340479 1204
1.945502994135232 0.3186038134693785 1205
2.046137735023328 0.5470991546091343 1206
1.813002577431317 0.4938064746921786 1207
1.894401533176922 0.7296205449969101 1208
1.920416459138902 0.117031217504815 1209
0.7611746846189802 1.371414551160462 1210
0.6054491363894995 1.637170524195466 1211
-0.427703798992721 -0.6453391734648929 1212
2.481062935425559 -1.617722056327151 1213
2.81405368812452 -1.579176577472801 1214
-0.6871585964952582 -0.3044735132294231 1215
-0.5569817672782005 0.6887628298859765 1216
2.435116535431457 0.4540968216578337 1217
2.700679981291028 2.625161870275505 1218
4.175799053944793 -0.7418781465280968 1219
-9.074031968861053 3.909123367316483 1220
-10.13920054831232 3.52512862460212 1221
-10.98104424691507 4.232502374976737 1222
-11.1862957426983 3.128988479760524 1223
-10.31669472141009 2.413625142404294 1224
-11.36990456661394 2.022809880552547 1225
-10.51715573440194 1.333811136058503 1226
-11.55548911208438 0.9269283910937217 1227
-10.69475406939478 0.2183800510179421 1228
-11.73044189031608 -0.1743035824962642 1229
-10.88353798676944 -0.899324105624274 1230
-11.90954513530095 -1.286224133289056 1231
-11.04207150114687 -2.020292590387624 1232
-3.375079791802835 9.114792301575527 1233
-3.129316716587099 10.25605328562113 1234
-3.929620314408876 11.0677886521698 1235
-2.838396208435992 11.34511193189621 1236
-2.053487728439614 10.53391766536483 1237
-1.74292976075999 11.61127015755054 1238
-0.9692486761138099 10.7947520641944 1239
-0.6362487097885394 11.88796003576524 1240
0.1448767092179057 11.05290868896542 1241
0.4717178164297545 12.14575612978985 1242
1.27006041938301 11.30355889015478 1243
2.680639214730163 -1.907258788918134 1244
3.053249518925699 -1.859484814393314 1245
7.486378904663423 4.145994892991239 1246
8.591077595108533 4.361875282745958 1247
0.168791108120607 0.9094129898310948 1248
-12.11518280501556 -2.407795964290809 1249
-11.21554796735974 -3.158151574319773 1250
8.290874143009276 3.388921840550646 1251
9.290402107478576 3.599296305295844 1252
9.639791167021144 4.602727586274487 1253
10.35477975020602 3.7466364911608 1254
10.72314305276165 4.851002860610034 1255
11.49169760346918 3.936092424811967 1256
8.357796082484544 -1.982706888361619 1257
4.700778128999541 -0.6844687944699254 1258
6.028833196541698 8.41099197014027 1259
6.332460123291486 9.461047467471163 1260
8.207611149468537 8.923820845227448 1261
1.534995476548043 12.44151264835004 1262
-12.63157843066493 0.4818443119410191 1263
-12.32251456491143 -3.55591000583657 1264
-11.40571217741866 -4.290908091765752 1265
-10.32082169880381 -3.895217711282581 1266
-10.49566730158876 -5.010469902402927 1267
-9.437146026763328 -4.592778608367224 1268
-9.609231779717845 -5.680664556127646 1269
-8.57399317026999 -5.388333713693322 1270
-8.762215864848166 -6.359403695133946 1271
-7.759677433614204 -6.033473778202393 1272
-7.935274162960106 -7.023914094523857 1273
-6.962000511288471 -6.648759124158284 1274
-7.097984314721274 -7.680149751860114 1275
-8.108642931714595 -8.073634784343207 1276
-7.253264904743078 -8.737257617882676 1277
-6.244933375529784 -8.333212474414973 1278
-6.38915449291278 -9.401992005640588 1279
-5.376879739009213 -9.002612405572208 1280
-5.520752589238566 -10.05429636061104 1281
-4.508169051751185 -9.661623948428081 1282
-4.644933568582311 -10.70990207920509 1283
-3.626097556358977 -10.30150705189572 1284
-3.7765724166437 -11.38488979209724 1285
-2.76479525088253 -10.95654905937883 1286
-2.900764093339653 -12.06836427988851 1287
-1.837991609931045 -11.62878426676667 1288
-10.53018639715259 -5.956292477880563 1289
-6.490064967503365 -10.53882762616442 1290
0.9378897668217954 1.640861432874597 1291
0.7491297103733962 1.952513472219987 1292
-3.665602535700232 12.157135880281 1293
-12.08505198665768 3.862266347093313 1294
-1.997279992230996 -12.77185991004523 1295
-0.9387275164258254 -12.31252793707333 1296
-0.7855000634247055 -11.18997186180039 1297
0.103102350363486 -11.85112956144893 1298
0.1850710255596783 -10.82409098477489 1299
1.104255690830589 -11.42037858175638 1300
1.077153923213018 -12.51699517506792 1301
2.03196537610201 -12.04197473778957 1302
2.123363032314158 -10.91681363246449 1303
3.032275099271444 -11.55397284671321 1304
3.164817420906723 -10.48443482905403 1305
4.033341716953501 -11.14391928722306 1306
4.142328214970256 -10.07468200405094 1307
5.006816655041971 -10.68360264662791 1308
5.11404198704086 -9.626629745671044 1309
5.960703984730472 -10.16219777944391 1310
6.067219921774383 -9.109257301097088 1311
7.007662827891313 -9.838356142326738 1312
5.824507998728694 -11.16150119831201 1313
3.047402052785571 -12.7471881058442 1314
7.050690684685631 -8.657350260044161 1315
7.915279579185131 -9.247483693547181 1316
-12.39720431908702 -4.771874393790103 1317
-5.181738109524315 -7.876532640059994 1318
1.652920768626836 0.6653000965307982 1319
1.594158143974068 0.4344392532982083 1320
-10.05335534939106 -1.511739609037074 1321
-3.945790466615609 -12.45030544419321 1322
-6.306366432860775 9.402219027577006 1323
2.899838188896908 -2.217929424507181 1324
2.532520611883191 -2.236504784105052 1325
3.294889882796822 -2.17753888068406 1326
-9.485466478832482 1.70478267988569 1327
-1.287187202536262 9.693643867009616 1328
1.445621916597093 0.5937476395250434 1329
0.8237503621416498 0.0411236431217766 1330
1.397024518789987 0.3969270971517305 1331
0.9150426786564839 0.0214855756561619 1332
1.270848244008684 0.5331711694142227 1333
1.24041526997747 0.3850159241905334 1334
0.9739163213606935 0.007348796005420734 1335
1.110552213493236 0.4713074660533635 1336
0.7253040598579439 0.06010483167711615 1337
1.306180155535814 0.2673942736736141 1338
1.194239930254501 0.2851324744830857 1339
1.293762776731172 0.1610881113348003 1340
1.18782083496629 0.1609933305801284 1341
1.377800259081572 0.1859591781219931 1342
1.345089002273843 0.09656719283534573 1343
-0.3698302834412827 12.99020260042953 1344
8.00629439315904 -8.168654067227255 1345
8.915895750023399 -8.789895809224728 1346
8.999901686497324 -7.68697593469256 1347
9.925291369417655 -8.316096420815846 1348
8.838839777980045 -9.983898956229167 1349
-13.19846369217818 -2.774688916187886 1350
11.88293292393591 5.112133237100549 1351
4.501263690432162 -1.166936893265317 1352
12.68980117419018 4.205695362774758 1353
-11.8657794265604 5.027163470439069 1354
-8.279076173311688 -9.167556046266389 1355
9.462893038777782 -4.010101153795759 1356
-6.34946036191575 -1.652219489947466 1357
-6.806654347750323 -5.670396269265575 1358
-6.039677864165918 10.48485793172515 1359
-7.158662426360544 10.15941496405299 1360
8.958493757356148 2.632409652178228 1361
-6.50923016456412 -2.384783068752232 1362
12.27762717327654 3.010199626120288 1363
13.49338250276664 3.283113591593803 1364
3.306212062254966 -9.583146225537101 1365
5.03828881958675 -1.121914204988641 1366
1.713136814206512 0.917525513901551 1367
1.99415229923397 0.9853302669538413 1368
-6.875852005559243 11.31979528358081 1369
-8.059516431429742 10.97016317036373 1370
-3.506174008335039 -9.243337203389011 1371
1.433713968080416 0.1094629364580988 1372
1.39162991717639 0.0211254823931573 1373
1.294683342660957 0.01699624598721908 1374
1.347383017302873 -0.06082562527645188 1375
0.9725788455270883 -0.007856124230739031 1376
1.25984190896119 -0.07001853253987328 1377
1.310345326749733 -0.1461488480276897 1378
1.22747630816176 -0.1476501211007357 1379
0.8968666129919449 -0.02585695417654491 1380
0.9149962870149561 -0.02130890323155638 1381
0.8792652289330714 -0.0292693672243044 1382
1.402875910570995 -0.1452705285560122 1383
1.270779572404366 -0.2262864044173442 1384
1.176632010370118 -0.2167361576973736 1385
0.7116213989878287 -0.06178931770613245 1386
0.7396027846681765 -0.05719696324378289 1387
0.8113803547866056 -0.04313858269453855 1388
0.8358123000036282 -0.03888128929129295 1389
0.7896167013771167 -0.04766943588045871 1390
1.22910142979159 -0.3003630517792645 1391
1.13976333639237 -0.3011851156413585 1392
1.091355146530591 -0.2309196844699846 1393
1.05608606392757 -0.298368648726458 1394
0.9553117701323961 -0.0117666154833669 1395
1.012197630399549 -0.2323578999991769 1396
0.9820118399611826 -0.2979288055175506 1397
0.6037960099675452 -0.07878032891705603 1398
0.6302865701499449 -0.07435258370238138 1399
0.5806150497290725 -0.08194091163717879 1400
0.9894407206873429 -0.003350481005951532 1401
0.9520272067380073 -0.2455235941897858 1402
0.9116712031807468 -0.2968951546486649 1403
0.9477370819274396 -0.3630215997596176 1404
0.8733039580405749 -0.3599837287649571 1405
0.8396901757942005 -0.2944119626178487 1406
0.8031289520984617 -0.3534895319710593 1407
0.5141166822406594 -0.08959658989337976 1408
0.5337564826129445 -0.08774965503874137 1409
0.4943850158056072 -0.092486717623328 1410
0.7745581595087647 -0.2961584563635644 1411
0.7389612261325862 -0.3476975262612162 1412
0.712915126199577 -0.2870996160645946 1413
0.6782964452297381 -0.3432284333691916 1414
0.4317609332997557 -0.09786573329329598 1415
0.4513230998410639 -0.09563044944421939 1416
0.4162199652786868 -0.09933763432202704 1417
0.6532985113762879 -0.290125304276993 1418
0.6145439017792829 -0.3301110310733993 1419
0.3512259948297524 -0.1023998683441739 1420
0.3701172634960638 -0.1016986793723586 1421
0.3325620276954852 -0.1028154087058112 1422
0.6441640073911286 -0.3960020215082437 1423
0.5799524492424369 -0.3887124344332507 1424
0.8304334178523253 -0.4210999876074095 1425
0.5525783386857499 -0.3324733031204559 1426
0.2711919622881883 -0.102825848529143 1427
0.288768399976341 -0.1032958947688371 1428
0.2538657419954002 -0.1022060891502335 1429
0.5175711860349503 -0.382138509582535 1430
0.4943867440459176 -0.3226416827699024 1431
0.1948523068378358 -0.09736820890007947 1432
0.1764555916450974 -0.09562189235081506 1433
0.2106628489045244 -0.09946716618316581 1434
0.4582065500988487 -0.3738163692514248 1435
0.4787479174897278 -0.4332738521913211 1436
0.4166960498431023 -0.4251215568285356 1437
0.4311943570695286 -0.3210159720552254 1438
0.4378135272383399 -0.492151984428604 1439
0.3564484750117949 -0.4704076372981836 1440
0.3896847078088135 -0.5566865323400177 1441
0.4847265101283012 -0.5656888323689149 1442
0.3057038778696896 -0.5419234839749314 1443
0.2723036749003918 -0.4681041125720145 1444
0.07826527680460044 -0.07322289907140669 1445
0.09848714585261586 -0.07955026719895855 1446
0.221761863675328 -0.5273626632896815 1447
0.1978592551700121 -0.4418644530216252 1448
0.528579809726709 -0.2818470383975457 1449
0.6782078720338761 -0.2472369165700785 1450
0.6865748668090903 -0.06669963174468206 1451
0.6714920477909213 -0.06911331786589166 1452
0.6964803040384842 -0.0645774024823942 1453
0.8026655623562813 -0.2462266638660563 1454
0.2530938215595212 -0.6155025772785676 1455
0.1390324694981092 -0.5100602186369724 1456
0.04598671113271342 -0.05931940316855364 1457
0.1172874740080703 -0.429634926835092 1458
0.1611134053600747 -0.3720470335490349 1459
0.09713293104505778 -0.3581127683444517 1460
0.02679691091510327 -0.04660200634409466 1461
0.1376318001584252 -0.3119277456698936 1462
0.07950874555355526 -0.290881359206242 1463
0.03779418759994146 -0.3383121850863283 1464
0.02192974719015287 -0.2810339210114544 1465
0.01247213778134496 -0.03333835950742012 1466
0.05583941201437614 -0.4939790558117592 1467
-0.01832644687290361 -0.3209439583007788 1468
-0.03251174808890558 -0.2677736206847308 1469
0.06018093382107555 -0.0661347651025942 1470
-0.07519318407952888 -0.3036142836489317 1471
-0.08508372519436139 -0.2412995434113484 1472
-0.1344630548258602 -0.2862433241428112 1473
-0.1476450640968591 -0.2257260574295371 1474
-0.1048877699708709 -0.1850643367291401 1475
-0.155634275610408 -0.1682962230194516 1476
-0.1142168554646702 -0.1323984013852046 1477
0.005553130450894036 -0.02359790762042868 1478
-0.1674301764345957 -0.1155014131156144 1479
-0.0701791404225196 -0.1543197726662656 1480
0.1220925427815107 -0.2602553194631164 1481
0.1389276279183378 -0.09032977310946128 1482
0.1474177742741157 -0.09120749360574593 1483
0.1310305493639963 -0.08799535729306054 1484
0.166364610556437 -0.2713389580197432 1485
0.1511852614865544 -0.2279829071101989 1486
0.186488543787856 -0.2394794313648269 1487
0.1139316241418876 -0.2207985953893597 1488
-0.1311435008967742 -0.08324507317509652 1489
-0.1800552746260321 -0.06151355190162019 1490
-0.1340583218365975 -0.02345414912152868 1491
-0.1931379729698505 -0.003440426191080604 1492
-0.1493074901157933 0.03452340562238154 1493
0.02830369540301817 0.04766497834105439 1494
0.0181519093681896 0.03977886423476116 1495
-0.2155210544132428 0.05802538925707985 1496
-0.1470278929348374 0.1037105448589368 1497
0.1154942399166823 0.0843650033489686 1498
0.09147534264781902 0.07767388826734067 1499
0.06983766562134398 0.07071510031316479 1500
0.05288076501967898 0.0625380453428972 1501
-0.2307997714159804 0.1355001656820843 1502
-0.1676603805053228 0.1897702773154841 1503
0.1471858133283615 0.09083189034689067 1504
-0.2960556937208331 0.06972946095108008 1505
-0.2244763615270013 -0.09928394038151231 1506
1.189054932688365 -0.3880850027181417 1507
1.293301824623999 -0.3786019264674026 1508
0.134429227782518 -0.1961252369693742 1509
0.106580864673527 -0.1899845775932337 1510
-0.1150924924942832 -0.35257894934192 1511
-0.1973663926135882 -0.2687807884685575 1512
0.1251538658093955 -0.1689894027059881 1513
0.1011624182762069 -0.1644980000855664 1514
0.1489308337137384 -0.1741824725095716 1515
1.046476078286006 -0.1692653150747536 1516
0.2062347505064796 -0.2711734589218904 1517
0.2244428455670046 -0.2354279502219939 1518
0.2443694384149004 -0.2725920729336779 1519
0.2629743343553203 -0.2399822177105889 1520
0.2500079041423031 -0.2099957096668285 1521
0.2795723704482024 -0.2116053926676811 1522
0.2670409494889263 -0.1858303442070817 1523
0.2941247518970328 -0.1884140543585761 1524
0.2423102609797827 -0.1842541530147692 1525
0.3073963949282086 -0.2106668915936306 1526
0.3205185488807703 -0.185637281828529 1527
-0.3204492828123274 0.1677323903054493 1528
-0.3953342595433856 0.08684354782421162 1529
0.1166148054877859 -0.149027431711783 1530
0.09654370097439992 -0.1445334469334964 1531
0.08141580867815562 -0.1574585695204494 1532
0.07739576495352378 -0.1376806865981706 1533
0.06238047487538157 -0.1509906920796216 1534
0.05657704304299402 -0.1295643658511653 1535
0.3334978192547845 -0.209230112716138 1536
0.3461628106005232 -0.1869714173201551 1537
1.185945839110407 -0.08804662560495626 1538
0.05612508076979263 -0.06480020896030997 1539
0.05071966706193102 -0.06233136503845881 1540
0.08256589574420288 -0.07474160028942996 1541
0.08917575421366444 -0.07704471049614814 1542
0.2552858794885488 -0.1651508291858679 1543
0.2357127263573672 -0.1637578805558894 1544
0.06365206984639143 -0.06773072894485083 1545
0.0701662039396517 -0.07041547448940226 1546
0.3043215201286513 -0.1710207822134021 1547
0.1824555900959209 -0.09599293077112166 1548
0.07377596008131969 -0.07183681073159598 1549
0.1257515163638498 -0.08684268461598023 1550
1.49671750608037 0.02418947879798844 1551
0.2011311568526337 -0.09802991603768585 1552
0.2607606398291221 -0.1023890300199384 1553
0.09373289621649729 -0.07847718178627078 1554
0.1083200469078197 -0.1308437036291016 1555
0.1245092777948979 -0.1336077798744069 1556
0.1030099237517823 -0.0812492423575736 1557
0.1104956855173905 -0.08310201897445392 1558
0.04275053882757262 -0.1447661362191789 1559
0.03650539323589573 -0.1250775990384231 1560
0.03509277748391813 -0.05285913024132356 1561
0.03956980529542817 -0.05532253323865445 1562
0.2960248231027923 -0.1027717510951147 1563
0.2782186818369101 -0.1024851980672338 1564
0.1705173865632646 -0.0952287843562668 1565
0.1645974115791304 -0.09394499676971042 1566
0.2171249015170074 -0.1000087406982975 1567
0.2236561922159728 -0.1005075108224547 1568
0.4403553910520756 -0.09799858535471608 1569
0.3437320406488552 -0.1026601477981999 1570
0.3589453129971188 -0.2080697963391719 1571
0.3694836487630683 -0.1854663358934457 1572
0.357392853990687 -0.1661528767810045 1573
0.379185990646283 -0.1661326124010769 1574
0.3913028787078882 -0.1827648843641533 1575
0.3998606274295398 -0.1620940335338523 1576
0.4117486899993729 -0.1797286332421982 1577
0.42012022275212 -0.1613880422095346 1578
0.4316935369418345 -0.1771949133658902 1579
0.4389126985328613 -0.159336138010357 1580
0.4511616731740314 -0.1746944656568589 1581
0.4580996135920744 -0.1554734181592038 1582
0.4705531047087885 -0.1717111839609591 1583
0.4778921392296481 -0.1549100652606925 1584
0.4896224280763929 -0.1695185575035649 1585
0.4966831717486741 -0.1507479844334254 1586
0.5084878891865388 -0.1667574552774754 1587
0.5150563388916745 -0.149757162570465 1588
0.5271959755483404 -0.1644773945321729 1589
0.5332815302457715 -0.1455407809655838 1590
0.5458251059967699 -0.1615821474978345 1591
0.5546487038637367 -0.1428187092629986 1592
0.5650042775883614 -0.1590206770408392 1593
0.5735761350474514 -0.1424611808998881 1594
0.5839157560410886 -0.157093261869493 1595
0.5908704350201914 -0.1392069581535806 1596
0.6025043131659572 -0.1546006127395484 1597
0.6092832587541193 -0.1361151110541713 1598
0.621229656850197 -0.1520358904972997 1599
0.6290122940045646 -0.1346935777141293 1600
0.6401973646997048 -0.1497487428344995 1601
0.6478832084960039 -0.1304727882848713 1602
0.6590982471673721 -0.1470360042120496 1603
0.6669407938928812 -0.1295481157717501 1604
0.6781271685911385 -0.1448635505321648 1605
0.6850793467441936 -0.1274919606855884 1606
0.6971721155986716 -0.1425821485310496 1607
0.7046123395786081 -0.1240450476719044 1608
0.7165836023077101 -0.1400379727980003 1609
0.7247424113775895 -0.1230285643403961 1610
0.7257562079580983 -0.05934774149236408 1611
0.7362535955146498 -0.1378372426501255 1612
0.7434555130806277 -0.1199798854330597 1613
0.7558224240400289 -0.1353725391453479 1614
0.7626706275260681 -0.115268132014162 1615
0.7533410783291707 -0.05441959687418435 1616
0.7756236817786482 -0.132400861593501 1617
0.7826301295343734 -0.1150612860211245 1618
0.7959494409968867 -0.1299651684974026 1619
0.8020556966020879 -0.1101615086267699 1620
0.8170161396717128 -0.1276694393195027 1621
0.824645273805114 -0.1094927530004214 1622
0.8388055176696151 -0.1253157128700732 1623
0.8459073669098005 -0.1044234559454754 1624
0.576346231890847 -0.1756341304685777 1625
0.861274774023557 -0.1229015004808187 1626
0.8696535422162277 -0.1025855840984195 1627
0.8843850161689067 -0.1205734612894086 1628
0.892632288963734 -0.09655621341709716 1629
0.9080855772829739 -0.1179073114503387 1630
0.915767134302338 -0.09574182351187278 1631
0.7465568394349642 -0.05530495525788175 1632
0.7184879874034829 -0.06072194018593949 1633
0.6790599809489253 -0.06712008095264249 1634
0.638099300329696 -0.07367264490700315 1635
0.6455992598283009 -0.0722146861718963 1636
0.246694290768933 -0.1024676629701457 1637
0.2402418105189225 -0.1010622972917893 1638
0.1886356397554207 -0.09671335658227886 1639
0.3587490033081913 -0.102047165489306 1640
0.3777311987473935 -0.1013312816500342 1641
0.4238764310628134 -0.09874651736420451 1642
0.5062564380522185 -0.09086897057077566 1643
0.3469319589884352 -0.2338824377888408 1644
0.3768587961935622 -0.2322465599874915 1645
0.7831710528212819 -0.04888216007511809 1646
0.7766779152691186 -0.05020993099798505 1647
0.4084677820601209 -0.09954130171853781 1648
0.3251670214394398 -0.1029506457122689 1649
0.3178106568957382 -0.1031635905093884 1650
0.5219762401477174 -0.08911951241056081 1651
0.4007458996231019 -0.1000454160069022 1652
0.7959868383850272 -0.04644605849495825 1653
0.7325916290998652 -0.05825460746964154 1654
0.458868499277995 -0.0961030233840669 1655
0.4862925167293557 -0.09378847362472525 1656
0.4787440705874337 -0.09370205117567475 1657
1.244514400302891 -0.4838470504025013 1658
0.611468740718631 -0.07765809677398058 1659
0.6191033022686493 -0.07645788256789621 1660
0.5962052917050417 -0.07997468176173653 1661
0.5883483105029675 -0.08078930581654804 1662
0.8023495382322665 -0.04552468355915971 1663
5.264738937478752 9.191154469145854 1664
5.581584953365978 10.27044538931525 1665
6.677649577760353 10.57925312375825 1666
5.82461980002087 11.4284328582392 1667
7.023226883917273 11.75218362117294 1668
1.370376827428397 -0.4691563654549858 1669
-1.590980471032742 -0.002427659751753852 1670
-1.709963098830877 -0.2690252824345949 1671
-1.885111669006873 -0.01048495531964432 1672
-2.0133692827893 -0.3197914266735863 1673
-2.209567656570155 -0.04470587300284466 1674
-2.349204451037598 -0.3589939563280511 1675
-2.132871498929943 -0.6459568181301556 1676
4.542307313789701 -5.379583238982481 1677
-3.85098581939748 5.853437095122599 1678
-0.2776477785553843 -7.137164660369021 1679
-0.158173891114121 6.006920407887529 1680
0.7044987787993515 -0.06313683156481134 1681
0.4633593145929644 -0.1911896624770767 1682
0.8175229576366172 -0.04281146100400886 1683
-2.49024982294073 -0.6936070365893734 1684
-2.255527849202252 -0.9823499725929483 1685
0.8297681730980028 -0.03945647088375853 1686
0.8235688466025769 -0.04074968026139722 1687
2.226238691176348 -0.3153362767258807 1688
-5.70751968848666 0.979931544790891 1689
0.8527660556653089 -0.03554949070961795 1690
0.8442506113738411 -0.037448162245897 1691
-1.065002405863647 -13.49607514716804 1692
-2.190840400755696 -13.9701154186299 1693
0.7713651417097682 -0.09928120267299162 1694
5.228511580777276 1.972834963029404 1695
0.8743267861481248 -0.03106165789859599 1696
0.8662909101141503 -0.03221115553075023 1697
-3.092175114913001 -4.444054189557667 1698
0.07136469666208695 -0.1221963294612582 1699
-2.06578781782049 0.2697689915063791 1700
-2.408966501160515 0.2424881949418773 1701
-2.258522177713325 0.5631265810185431 1702
-2.726107884458917 -0.3900273967931558 1703
0.8919047411879464 -0.02680961121918028 1704
0.8869759121023626 -0.02789048873553486 1705
-4.831053779017937 -2.906452652645154 1706
0.245589840433303 -0.1496028945028095 1707
0.2612476654511285 -0.1494353359833495 1708
0.2291751675394658 -0.1459650189753015 1709
2.146134799935135 -6.207419555656392 1710
0.3871215739999629 -0.1489094108732352 1711
1.091553979121597 -1.653433790638084 1712
0.9014417040519701 -0.02455510790840511 1713
0.906388598487242 -0.02377841328838305 1714
-2.616778940922869 3.557273318277757 1715
0.9048116268685711 -0.07884420140297922 1716
0.9240082820979617 -0.07389700741052772 1717
0.9450724473906075 -0.01474392358446256 1718
0.9396722166476282 -0.01620500350067936 1719
0.9370021925490958 -0.09078881177315419 1720
0.9426509443937858 -0.07337183661322499 1721
0.9561670945307874 -0.08686043860600591 1722
0.9585353962599855 -0.0685366455027942 1723
0.9819601564045533 -0.005275989544840223 1724
0.9775395460215415 -0.006418060802712023 1725
0.9644405345339725 -0.009738810683654699 1726
0.9599482983900668 -0.01085297557290285 1727
0.9746604002776935 -0.08241981693733158 1728
0.9783833748618767 -0.06296997907571399 1729
0.9972890111447383 -0.000962336790556875 1730
0.9941682678840174 -0.001968838939084496 1731
0.9936840973420239 -0.07779608736943378 1732
0.9992387749503433 -0.06055915235402348 1733
1.013222235680905 -0.07310889579767284 1734
1.017771265152402 -0.05334503093965578 1735
1.034974205664394 -0.07207718052391919 1736
1.040053375596643 -0.04884558370294376 1737
0.9487047504751192 -0.01405398987264067 1738
0.9508992083161953 -0.1070254746563899 1739
0.9878789758687894 -0.04836146957311683 1740
0.4223905701458512 -0.6427250072553651 1741
0.5276651105680976 -0.6615258232403213 1742
1.144998633711314 0.6467936871824478 1743
0.9920877105712422 0.585074478266693 1744
0.9610800751569122 0.4398272917835171 1745
0.8587372916810909 0.5234169832406224 1746
0.8453141409030739 0.3832078201634613 1747
0.7488710870019082 0.4655354577004909 1748
0.9419576770063137 0.3234091866993758 1749
0.7377116632583991 0.3490559738363894 1750
0.4553492736009142 0.09619599678190074 1751
0.4748264462155998 0.09422706464314756 1752
0.6536886565070876 0.4174514458790555 1753
0.6437767380228645 0.3112563538691995 1754
0.5706928823541587 0.3771123536339509 1755
0.3815543953843079 0.1011867615375418 1756
0.5615043813755981 0.2962516602950326 1757
0.5006758654418646 0.3417994965571929 1758
0.7118241598043927 0.2853159951577537 1759
0.5020576732253107 0.4240101222420871 1760
0.4207047352292524 0.3810562675130946 1761
0.503593829681392 0.2643210793198852 1762
0.5465004044238139 0.2432016131483342 1763
0.5219947399470769 0.08927033119447143 1764
0.5337579484371936 0.08791197776180684 1765
0.510192363703823 0.0904396465183161 1766
0.4880259325557006 0.2140263744322183 1767
0.4536221120401308 0.2440305591289843 1768
0.3143755835823246 0.1036055525420302 1769
0.329215762671616 0.1022685450464169 1770
0.3031439803400695 0.1040618791111018 1771
0.6402068265930112 0.5153441022803924 1772
0.4503977606042315 0.1940679330311621 1773
0.4181231448729146 0.2211518914374201 1774
0.4355915886841251 0.0970585674994232 1775
0.4278837391649932 0.0992795984758137 1776
0.4434758148727052 0.09703685411593937 1777
0.5335412232598766 0.1877058043749091 1778
0.4171315453948173 0.1835887276577601 1779
0.3876573040453123 0.2026083805447813 1780
0.2573014025948285 0.1022606578208895 1781
0.2715567285453765 0.1023095830795409 1782
0.2465410338767753 0.1025395388185082 1783
0.7316248249527519 -0.1051682886189358 1784
-2.634401654063478 0.5448312652093584 1785
-2.457428948033062 0.9087684944880146 1786
-5.085864532568631 3.424627931628912 1787
0.408490265159099 0.1009942633949845 1788
0.3968991575611797 0.1003770628752156 1789
0.7276245177248919 -0.1538771402486786 1790
0.6738568088630543 -0.1147614679731668 1791
1.109839356822866 1.955420817812185 1792
0.936360668224915 2.289249583335631 1793
0.5369406719728858 2.277872115765024 1794
9.026310402716598 8.072260428231441 1795
9.374521321717065 9.208838932270334 1796
0.8125577611472902 -0.09254803845532297 1797
0.4280786892601694 -0.1448921048607292 1798
0.8555187602653411 -0.08683916601244933 1799
0.5052692522501042 -0.137749464659041 1800
1.026095307391826 -0.03575901910039748 1801
1.042527237653774 -0.02957284444689279 1802
1.034143651417636 -0.01630503452138059 1803
1.048162899776339 -0.0117907402654276 1804
1.037290840741059 -0.001054060455998183 1805
0.9891727408505609 0.003456264014533111 1806
0.9972960975585088 0.001093589716880658 1807
0.9942576874857432 0.001920714297278365 1808
0.9851761380352224 0.004651009454345748 1809
1.053117734842772 0.005994162310309887 1810
1.038378780311051 0.01735071711106579 1811
0.5795283762592874 -0.1253598657389426 1812
-1.025631916148048 -7.372994725878709 1813
0.4682894805518454 -0.141706516069567 1814
6.109278796346193 12.67547110817128 1815
0.9517996671616493 -0.05574835015462512 1816
0.1198236145587468 -0.1212853328713786 1817
0.1318362922944856 -0.1231731610405577 1818
0.6351528282377151 -0.1191724171182853 1819
0.2185643383180766 -0.1600305678251661 1820
0.2133113156841376 -0.1443331219175156 1821
0.5420077057213617 -0.1306414832226568 1822
0.9327916132019679 10.22394600695399 1823
-0.05298418885834108 -1.797724032483159 1824
-0.3179677619790194 -1.830003322889709 1825
-0.1567817416173756 -2.057136559198465 1826
-0.4546303192359019 -2.090269557577073 1827
-0.2734746582185458 -2.345518339856195 1828
-0.5978904106990854 -2.379785509609896 1829
-0.4012997696389837 -2.655060925697399 1830
-0.05636189760907667 -2.609220623686498 1831
-0.7753397415897743 -2.120476562348725 1832
-0.1915417760660077 -2.950420364438982 1833
0.199478878998561 -2.888956793515971 1834
0.03920752240506684 -3.264479190714653 1835
0.4366510072162443 -3.21059477862402 1836
-0.7356236566883225 -2.694614545372829 1837
0.5956420779182588 -2.826010578623981 1838
0.8368118423867936 -3.145901801209885 1839
0.9883153884789124 -2.7707411679102 1840
1.238132097237701 -3.085622778605396 1841
10.03272240620631 -7.168555005036748 1842
10.97580375053532 -7.837177857934567 1843
0.452217862383458 -0.747310396170576 1844
1.070073268357961 -0.0111097708167337 1845
1.076502102494139 0.01524771421280677 1846
-0.1017841814610711 0.1590054254855428 1847
0.0395986861795734 0.05528958543295859 1848
-0.09589162478131326 0.231757933932552 1849
-0.02992343166141619 0.2162618390724143 1850
-0.02975376241266775 0.2819658735037996 1851
0.05612219842602093 0.2559123456470383 1852
0.03218900014535338 0.3454239446475935 1853
0.1100579637299712 0.3141833697820421 1854
-0.0571574926539784 0.3836159977378336 1855
0.09842745719438123 0.4058234139571285 1856
0.4472529027109081 0.1657122033370304 1857
-13.01358902323449 4.638096694267902 1858
-12.7758553765259 5.858893194405466 1859
0.9106853829446157 -0.06304499623903878 1860
0.8964947724490692 -0.0646872168744389 1861
0.2673882348967885 -3.617008381429193 1862
5.168011782038666 -8.545255955580878 1863
0.3882535762525143 0.1769853840462969 1864
0.3643088213815115 0.1835030231432155 1865
0.3584987372788357 0.2180002299933809 1866
0.3316540256780514 0.197774105325262 1867
0.3266650600305715 0.2300984372019819 1868
0.2979493118554579 0.2084592892723939 1869
0.2042749966768398 0.09877590655755958 1870
0.2168392669595549 0.09946640932742588 1871
0.1951826277570478 0.09748345405257766 1872
0.2893331292801404 0.2577970319372241 1873
2.714542230658756 -2.592946034601169 1874
3.056466665043408 -0.987967759493005 1875
0.431722244119448 0.4816207072736838 1876
10.20721333491465 8.319463624448655 1877
1.014970564567954 -0.022373357713868 1878
10.90519833865042 -8.994801737182323 1879
0.424112456983967 -0.1999874968267134 1880
3.424728002654348 6.355447651012105 1881
2.816831643974868 6.977105468429131 1882
-2.880102976759947 0.8713373854881006 1883
0.2393037260889965 -0.1349887417510952 1884
1.387985668901424 -2.707380870149349 1885
0.8523858965659282 -0.1459406851164113 1886
8.008374224409287 2.434542637844176 1887
8.629206587798851 1.722960255410011 1888
0.5014971158842378 -0.1856388752001631 1889
0.6144814094066334 -0.1768888771791746 1890
0.6511219198624378 -0.1662228661136935 1891
0.5400988253210085 -0.1791138706099642 1892
1.640577422332296 -3.02135139580768 1893
-1.133731029190646 -0.5219266367870982 1894
0.6895648964504635 -0.1633446474107898 1895
0.7680635825178493 -0.1526161617730341 1896
0.7375082629569377 2.638105403148861 1897
0.2905983299943316 2.635975878896257 1898
1.179852572407229 2.646903955621658 1899
0.08087013816889384 -0.5851868108725508 1900
-0.01933807841194182 -0.565659467747742 1901
0.358103054349833 0.1594349936184318 1902
0.3663245102155853 0.101870608569837 1903
0.3584248933953393 0.1030953114350613 1904
0.3739247053021838 0.1015624364293562 1905
-7.104775540181049 -1.849957986693577 1906
-0.426297891381101 0.203914157592352 1907
-2.698154708923076 1.246877903246746 1908
-2.266611237061308 1.28190065917398 1909
-2.507590933526113 1.630612502896538 1910
-2.073357488814065 1.658320474077279 1911
0.02193616360945125 -0.1389149635895385 1912
0.01905375840555268 -0.1178948685552109 1913
0.03282742266521403 -0.1095863581122331 1914
0.01978426982479238 -0.0995793060819111 1915
0.01831419034911631 -0.03964739401120602 1916
0.02185351412040825 -0.04269224667794964 1917
0.01518164538915542 -0.03658276493361429 1918
0.02878336088547853 -0.08585420403886151 1919
0.01571811035677521 -0.08252097923673364 1920
0.003648173081131942 -0.09292028296606843 1921
0.002371805070010986 -0.07886405081866342 1922
-0.0109082203528426 -0.08679485098071879 1923
-0.008951775138286339 -0.07150647205885899 1924
0.04406370304217117 -0.09251071068435852 1925
-0.001067068501106459 -0.06390120241029694 1926
-0.01019409223211222 -0.05795373645922396 1927
0.001052293791887243 -0.0148380897111582 1928
0.002594288926609838 -0.01820527054516366 1929
-0.02366686197313055 -0.06422209978288017 1930
-0.02214295366648464 -0.04845205894037916 1931
-0.0006369684855295139 -0.006416827250918086 1932
0.0001685393674475867 -0.009969099432374172 1933
0.02558672685124014 -0.07666761801981233 1934
0.1274911616659525 -0.1131841906066528 1935
0.1176951833086801 -0.1112946485012755 1936
0.137980759828505 -0.1134026530770195 1937
0.1426251831765467 -0.1236969964412962 1938
0.1480283184067641 -0.1154848497181444 1939
0.1526843945159497 -0.1244974008189171 1940
0.1583163884526317 -0.1161304634061567 1941
0.1626181478402131 -0.125145090417341 1942
0.1678143740788589 -0.1171371549029927 1943
0.1723546977925633 -0.1258164510103877 1944
0.1775227980797477 -0.1165545647414489 1945
13.08581104014703 5.391207927782414 1946
9.558328718882082 1.886232060360563 1947
4.835442660087367 -1.597036822903844 1948
-0.3712265306819634 -7.906728274412043 1949
1.311311973234872 -0.5905623018500714 1950
1.187065077277955 -0.58944464285163 1951
11.081092472047 -6.652230119683127 1952
12.05411712284515 -7.346691241287367 1953
1.058095679333935 -0.06799088225222259 1954
0.899458968793001 -0.1430680699085663 1955
0.2950187887947865 0.1810515385653407 1956
0.2696141292134169 0.1871228105747905 1957
-0.01037428130676664 -0.1029256843925214 1958
-0.02769084642735327 -0.09571985448682392 1959
0.04751121838438882 -0.1681948432814774 1960
-0.5150258792502374 0.1173569602220637 1961
10.59224971915995 9.525036216491802 1962
11.48139157165818 8.604042300065686 1963
13.07403660285404 2.114801030539562 1964
14.325501178289 2.335888136511205 1965
0.8101814175412512 -0.1504974934553847 1966
0.9887569109510489 -0.0978813485991737 1967
-2.885413721518781 -0.7616873898873037 1968
0.1196715423521901 0.2450187788107905 1969
3.220678855095541 0.3281953310033999 1970
-7.26743445571257 -2.659953764477325 1971
0.9018009134201126 -0.05253294876232351 1972
0.9138185302299267 -0.05091077779874704 1973
0.9256726499699479 -0.0190406204870999 1974
0.9214984301289961 -0.02000534688866271 1975
0.8903501356042069 -0.05367025013589125 1976
7.090688418203792 -7.515954170036416 1977
0.3841648018550464 0.1441221555138286 1978
-7.03127811858054 4.582818204646791 1979
1.787303399204925 1.205051144861712 1980
2.104193586869276 1.274570109612665 1981
-0.3342656563323109 0.2838114602306797 1982
0.182132879635859 -0.1262211593771805 1983
0.1871598604778086 -0.1182937071182582 1984
0.1767037567789604 -0.1351348971871419 1985
0.1571422431101134 -0.1340499279410033 1986
-1.141651161254137 -8.184230378775773 1987
-1.806557776914658 -7.589513603936653 1988
2.036497496751616 10.46513170805401 1989
-0.0006324504897900832 -0.05131826970882334 1990
0.008274583746836772 -0.02800371706410834 1991
0.009840248164552978 -0.03017633247643334 1992
0.006930492943611414 -0.02567706820416245 1993
0.009019576799557817 -0.05640314196500657 1994
0.268310719284531 0.1623930072074992 1995
0.2441247528515459 0.1703538762742398 1996
0.2353394669310088 0.2016829909336504 1997
0.2131673721787474 0.1742147900225001 1998
0.1645753858608748 0.09479528084880365 1999
0.1735485979038606 0.0958885964676995 2000
5.385833551582318 -1.572789083964163 2001
5.622380855628486 -1.029851337624154 2002
-2.31657557623865 2.025836657347512 2003
-1.864409686553168 2.05202337912967 2004
-1.83866730072203 -0.9062494619298589 2005
-1.993672653068321 -1.272468983435659 2006
-2.379551114855192 -1.346280524468348 2007
-2.12656571313426 -1.640987092315638 2008
-1.742220530049587 -1.551453953559993 2009
-1.851106534634499 -1.938861447764908 2010
-0.09384441387483716 0.01591104532720439 2011
0.009672292431469363 0.03016085281452574 2012
0.005562810987544114 0.02345352919727792 2013
0.002068206603968424 0.0168986733343336 2014
-0.0007985094817563517 0.004135385319553902 2015
-7.749668940997748 12.20594079098717 2016
-8.97822535107173 11.84591291574984 2017
-9.245937946079831 10.57838677394476 2018
-0.03906764827247611 -0.05524509085376139 2019
-0.03769512515493065 -0.03854418854516385 2020
0.2830344968477239 -0.2724902602197219 2021
7.723936889431726 1.542686623568691 2022
8.312368267250633 0.8690449691442854 2023
7.465535245826189 0.7049030356990557 2024
0.296165282302156 0.1489677133074587 2025
-2.2605027889041 -2.028611590750569 2026
-13.23538264279993 3.42234137412549 2027
7.39503085020845 13.00627645899518 2028
-6.68716520500658 -3.189628341547333 2029
1.097369642013621 -0.003390400783236958 2030
1.103663065223931 0.02713278317400173 2031
1.074777505619375 0.0459915321360274 2032
-14.2184496964802 4.229476216897293 2033
-14.44498364438314 2.935748221818248 2034
0.2025165763689262 -0.1569020661769735 2035
1.495395577844205 -3.422527956703235 2036
1.928796666467988 -3.355808032413168 2037
0.2305638975847305 -1.153428325986557 2038
0.3547787921436698 0.2635437726363427 2039
0.3627219842875368 0.134524214108534 2040
-6.578808629137837 12.50674361679927 2041
0.3622163331294793 -0.2632901339693561 2042
-9.182009715009473 -8.453246365800931 2043
-9.361507106565359 -9.64136270764803 2044
-10.32840675919405 -8.849155486969815 2045
-10.53052989029992 -10.0949633766006 2046
-9.515683247939425 -10.90017272528745 2047
-11.52786079794139 -9.282164479739011 2048
0.1244981938822231 -0.1047367803185276 2049
0.1167802175040294 -0.1016593068706578 2050
0.1101706830951148 -0.1076977838039618 2051
0.1088241415133463 -0.1000471023651304 2052
0.1026406531615538 -0.1051417352760459 2053
0.1016264963279596 -0.09674171651843526 2054
0.5717726709009517 -0.7619601933692524 2055
0.6361953073294249 -0.6756357354081377 2056
0.686747173429204 -0.7849651903010526 2057
0.750915698475916 -0.6592469867951901 2058
-1.206500719715494 -14.74392759482907 2059
0.2463144381820296 0.144935040102969 2060
9.74007826576138 10.39963706335862 2061
1.026834097606526 -0.09280719444065304 2062
0.9079095079356362 -0.04266981715771116 2063
0.9174569119686231 -0.04209446340361354 2064
1.876911961742733 1.524470374613892 2065
0.0951619358181084 -0.1025690000010116 2066
0.09390837657513211 -0.09420653176764268 2067
-2.402562092889849 -15.24609136923352 2068
0.2600775579833625 -0.314798076097582 2069
1.447340441124063 -0.5803929258414221 2070
1.508061070172314 -0.4480592377446812 2071
1.598927057956751 -0.5712015778733123 2072
1.664326154856353 -0.4226029151468801 2073
1.764106143540733 -0.5615699510787597 2074
0.01484430204779924 -0.6717085290515624 2075
0.09646064029270361 -0.1109885354480079 2076
1.021500026155032 0.01458783163540666 2077
1.024454030395337 0.0308470506033367 2078
0.8092639512589331 -0.7960378385421105 2079
-0.02247764713617225 -0.03381587346926896 2080
-0.03301584840790036 -0.02247179707203519 2081
-0.4743592879763351 -0.00797439623286739 2082
1.553868982322144 0.1285931486532957 2083
1.009632353654968 0.766627157269873 2084
0.269952411215897 0.135067136957671 2085
12.14095216721156 -6.153565972869594 2086
13.17250847982035 -6.834784588602966 2087
1.520790131630732 1.115883592380409 2088
0.0877681444762643 -0.1000419738249412 2089
0.08643787220620587 -0.09264054521085469 2090
0.0804712853378798 -0.09765631156279499 2091
0.07944627937975175 -0.08952620541123316 2092
0.07319487245650605 -0.0950902198988495 2093
0.07285395519535871 -0.08801722393930707 2094
0.144638733496039 -0.107454425815924 2095
-0.009642840456034911 0.13832003463244 2096
6.478800405516065 13.8889789490835 2097
5.161401004602218 13.59094644712174 2098
1.707951834723677 9.396932974193414 2099
3.451808023836783 -1.788779243227122 2100
3.723723891695988 -2.125519431444092 2101
3.547060509521379 -2.533899763963984 2102
4.006392382548711 -2.484346677487213 2103
3.811076289930896 -2.919242083594802 2104
0.8842581766205814 -0.06373614890817449 2105
0.8798462367630446 -0.05331993140906817 2106
-0.02291748671870789 -0.01525697490850614 2107
-0.001320542347908035 -0.0007156518064482644 2108
-0.03104066202714708 -0.007473440217718002 2109
0.0002088547841862077 0.0110992223864865 2110
-0.0003219233566106421 0.007680658506014065 2111
-0.02236435374789063 -0.001620632655511314 2112
-0.02968022591089896 0.005734067054556445 2113
-0.01917327166237833 0.0132292507863946 2114
-0.03007903638831377 0.01893807644733092 2115
-0.01706212934378133 0.0241050149462587 2116
-0.02713076652254579 0.03183792640471005 2117
-0.01289572532135351 0.03866434251537945 2118
0.01334947892946468 0.03444170390640966 2119
-0.02869675797960445 0.05011825762738183 2120
-0.01349780358586191 0.05900321388479694 2121
8.021719293879467 0.08382687234640275 2122
-0.3599631049487421 -3.300565808869982 2123
0.2069054505598635 -0.1725769882729319 2124
0.3059699549174677 -0.3141732268068747 2125
7.212697579308919 -0.09198861667120828 2126
1.017737710994625 -0.001344382009221603 2127
-0.09736749960588187 -0.6463413579492101 2128
1.110834015700229 0.06204770711197558 2129
1.081474380304351 0.08477719176591646 2130
1.139373550738029 0.03455312729869013 2131
0.8840491287102058 -0.04557106651914309 2132
0.8758483897835219 -0.04555890077283163 2133
0.8708444307049353 -0.05219380341248107 2134
-0.4528501443768562 0.3375319369338225 2135
8.988926099085321 -6.482951376373685 2136
10.97187006053321 10.76548019643943 2137
10.23444235180867 11.95528298149152 2138
5.127392956934262 -2.097586216829517 2139
-0.05264083426735967 -0.02803480070150562 2140
-3.144235317846339 -0.4214636675639757 2141
-3.319275928148017 -0.8673034500946902 2142
14.76104052110399 3.557613324877201 2143
0.06635676606937088 -0.09166244961807136 2144
0.06353117579575535 -0.0844941868918441 2145
0.6078400073961074 -0.4540911427091442 2146
0.7608537121422094 -2.462591150320035 2147
0.4942091152280244 2.999958761417107 2148
0.0465867924505384 3.007578061623868 2149
-0.1688102697290709 2.610283325462232 2150
-0.424247701397567 3.004627726390901 2151
-0.6331594295014 2.577837679970995 2152
3.677431915753651 7.229830637207184 2153
-0.6042043990116763 0.02106377321867802 2154
13.06664978179024 -8.101425390204497 2155
0.1637530753229161 -0.1088750722480748 2156
0.3416655011817739 0.4319507101677696 2157
0.3431947979039507 0.5349920297377423 2158
0.4452396546429601 0.5915195377550192 2159
0.6482483446339216 9.177213726515049 2160
-3.064624315393822 0.4057714474769576 2161
-10.23711197707203 11.46521807971612 2162
-10.50214876756144 10.16803100498605 2163
0.07880642419505754 -0.2120405251113729 2164
-0.3604293333225196 0.4148819281825121 2165
0.4997375003993033 -0.8637592442437515 2166
0.3645953413983609 -0.8432163261309309 2167
1.618112964582592 0.031237365538512 2168
4.51495405472446 10.9111891445757 2169
5.99168610338887 -1.467204369207735 2170
-1.843705264132688 1.313842224907179 2171
15.64180468489521 2.555728595399397 2172
15.19525692670423 1.327147481810606 2173
0.1916865894350261 -0.1269732831851423 2174
0.1967773792340071 -0.1178459944951872 2175
0.9240506792146427 -0.04709143354750703 2176
0.9254555403183671 -0.03896594246518867 2177
0.9195132322764131 -0.03442561129018536 2178
0.9267361655957689 -0.03115684778242907 2179
0.9323815638143294 -0.03622200178751003 2180
0.9339095162769839 -0.02904879323112968 2181
0.9387939943395354 -0.03376948113814547 2182
0.9403525694354202 -0.02806034516003169 2183
0.9446998366994885 -0.03146438548742076 2184
0.9455106557903015 -0.02521001934662822 2185
0.9501588058616837 -0.02908385151419262 2186
0.9504895112890848 -0.02350259865861124 2187
0.9556462824703786 -0.02585917943009032 2188
0.9549270053321208 -0.03311048765643462 2189
0.9609997023087283 -0.03031720031315192 2190
0.9617262009249603 -0.02385254582902555 2191
0.966749440477416 -0.02734322365456644 2192
0.9669795549084427 -0.02012466826789978 2193
0.9719553711041417 -0.02424320905276025 2194
0.9686756602210989 -0.008677828510945442 2195
0.9726487580132426 -0.01868107916971072 2196
0.9768731715119645 -0.02163504249745241 2197
0.9770445340267594 -0.01628717616134996 2198
0.9812714546230106 -0.01909734243084879 2199
0.9859003129067578 -0.004223376199337883 2200
0.9840202773536726 -0.004733557774171445 2201
0.9811307109550114 -0.0144304128636149 2202
0.9856333973587 -0.01616866843992936 2203
0.9856416178346499 -0.02196875455240837 2204
0.9903027839843523 -0.01904949305971881 2205
0.9896763944979693 -0.0144990854660439 2206
0.9940743444338226 -0.01544825624624679 2207
0.9954315967655756 -0.02155936204216765 2208
0.9945202070404723 -0.01161350460824187 2209
0.9979256167422126 -0.01266101863341124 2210
0.9982282349418 -0.009188833086979282 2211
0.9993758133534411 -0.0003207246926787604 2212
0.9986803236992108 -0.0006052537120677357 2213
1.000835374068331 -0.00981540457828815 2214
1.001680077327915 -0.006880752341476843 2215
0.9604549255183886 -0.03799447253349457 2216
0.9944858927106229 -0.007003501129554093 2217
0.9916428444649046 -0.002659625543963826 2218
1.004978399555171 -0.008317247924743101 2219
1.005751096040293 -0.003852492373981845 2220
-7.432387039099507 13.46552176540039 2221
-6.197588219894979 13.79608458833554 2222
-9.212181980316206 -3.45862635475434 2223
0.8686955156374152 -0.0448896007547538 2224
0.8623442245160048 -0.04991309004483636 2225
5.827146459166126 3.914741395103623 2226
0.8656075406929322 -0.05905328113616372 2227
0.8568745067724226 -0.05718003297525609 2228
0.8545303835462776 -0.04917542095896076 2229
0.8489823227548104 -0.05401130576289601 2230
-7.905880026858902 -2.110275913535764 2231
-7.718312322650343 -1.258554223290805 2232
1.771100026839187 -3.780592621838492 2233
2.212263050051137 1.599486896474776 2234
2.452267052410462 1.321293703512328 2235
1.963601525274761 1.889386271118061 2236
0.6354098318573557 -0.2450281406231712 2237
0.9980347181232174 -0.004769101807549161 2238
0.9960347607935823 -0.001506529496395328 2239
-2.116804343182872 2.424750112902909 2240
-2.600292937924729 2.411913830811086 2241
-1.649930590807166 2.458276566193013 2242
-1.397172356804413 2.061800288285801 2243
-7.442235324415664 -3.490284409312356 2244
7.132750394288603 2.21606566027401 2245
1.392776560127138 -0.7086731917700895 2246
0.8849860700417941 -0.6775311737711093 2247
0.1137442540080696 -0.09520473106012856 2248
0.1154679822340355 -0.08443697614679137 2249
-6.057957707194157 -6.251278927575831 2250
-5.919615304744902 -5.365087840563035 2251
-5.233042519924171 -5.893934343603634 2252
-5.10947052044573 -5.053435951633583 2253
-4.447490319783574 -5.580260247509033 2254
-9.964270238512508 12.76274034423084 2255
-3.348654547000355 0.829221542054183 2256
8.862709105872574 0.1947344304771215 2257
0.1837827831885864 -0.1105612248823679 2258
-0.0103985406511872 -0.023306408500105 2259
0.9773164002923206 -0.02733638554800668 2260
-0.516258736665266 -8.707955634767437 2261
0.2922552238451941 -8.423289814589797 2262
-1.361712715833111 -8.976590531913509 2263
2.785380825207818 9.643836864858956 2264
-0.2516914988743861 3.459508969048541 2265
14.25576813366617 -7.563749154438694 2266
0.6800702214614242 -0.4619027761794373 2267
11.8850598472247 1.844579550786556 2268
12.65532504404 0.9814282329714064 2269
11.52703671789341 0.7608748112241239 2270
-0.02732320978118688 0.0759545956222116 2271
-0.8833123654751749 2.97189289871923 2272
9.969181095832511 5.628956561357973 2273
0.9615832784794957 -0.01857582451840574 2274
-10.73947241930707 -11.38712049946741 2275
-9.684546958184004 -12.206676299674 2276
11.17636737699547 -5.480354397942723 2277
1.003499484533756 -0.01438756006763545 2278
0.07730107567863942 -0.0839610790710823 2279
-4.559527639321182 -6.401911821789167 2280
-3.786933368130641 -6.086736194899666 2281
-3.895154447877882 -6.907427383180337 2282
-3.137883659301144 -6.574453947124351 2283
-3.230585717235483 -7.398852917259811 2284
-0.05242569935125808 0.06063523534678537 2285
1.383776444889815 8.398169141599009 2286
0.3965220261238354 8.19561363883707 2287
1.305576528913765 -3.845887482840587 2288
-7.410376036682758 8.993505790246664 2289
-9.54000540934487 9.294877809161104 2290
-10.76971798644062 8.882357639855659 2291
-11.76932507643229 9.75519198267148 2292
-12.06797105060796 8.432515061180752 2293
-4.088426659263827 7.304240936315124 2294
0.2012184180013317 0.215334641391559 2295
0.09898279386706757 -0.09064158078765727 2296
0.9952047017109118 -0.1762471581672438 2297
1.760423184494363 -2.636056531816688 2298
-1.971610754225991 -2.33181170422808 2299
-1.566679888607454 -2.237122248879837 2300
-1.681208670734632 -2.632878582441962 2301
1.505356736798412 -2.279938982893907 2302
0.9779403943350893 -0.01210012174679524 2303
0.9813246909269339 -0.010676160442369 2304
0.9798209705669306 -0.00587927258597242 2305
1.036807283594299 0.3486841708917069 2306
0.9963057356891293 0.2519158628313303 2307
0.9216908139589415 0.2397501362794018 2308
0.7959868383850255 0.04644605849495873 2309
0.7832333982048567 0.04960762348067699 2310
0.8094107517735547 0.04482379104963394 2311
0.8469571636240053 0.0367173303920261 2312
0.9877153233028846 0.1761183832789845 2313
0.9120920955795777 0.1652848654923308 2314
0.8967297658216445 0.02571069767544209 2315
0.8869648624845166 0.0278594934634276 2316
1.049543366870596 0.1981412663691723 2317
-11.57816676990946 6.252228500367274 2318
-0.01128661569866414 -0.009099276396719456 2319
-0.03023762072481084 -14.24882580145803 2320
-0.1720789015107024 -15.54516931069941 2321
1.066327850297996 -15.02483550304942 2322
1.836372652868169 -0.3989312051045904 2323
1.951710089851106 -0.5505090927958234 2324
14.25302170837632 -6.284830052528168 2325
0.8450882305336092 -0.04772215007045208 2326
0.8411111375036295 -0.05328375551223775 2327
0.8429197231360153 -0.0610775309811992 2328
0.8342666135197933 -0.05787682334835563 2329
0.8366672357736082 -0.0677898498232633 2330
0.8277145898186546 -0.06482788580960563 2331
0.8254011280452104 -0.05630436158653102 2332
0.8191564218830891 -0.0619375238163113 2333
0.8179112661196323 -0.05359277808067116 2334
0.8107303011037428 -0.05799930634949121 2335
0.812747620752772 -0.06722371374111304 2336
0.8049389569701476 -0.06388317211698546 2337
0.8289138299182341 -0.07597569672424535 2338
5.565613771675046 15.08544381189109 2339
4.140061000165538 14.52031703992984 2340
0.9459082414742065 -0.7955670586862806 2341
1.001405512981208 -0.002853423963453136 2342
1.719918469307689 -0.2443124433146683 2343
1.114076738412843 -0.1683525898070647 2344
-0.02650578786238337 -0.1160627238897212 2345
-0.0474761966541304 -0.1067782951542558 2346
-5.882250480100524 -4.420802561725512 2347
-0.6583305285229344 0.1587924012248193 2348
-0.1209954721517213 -0.5140240510570501 2349
-2.705881279810138 5.338415572852354 2350
-0.01058612991691473 0.003632419917809219 2351
0.1891261875586036 -0.1684848072628716 2352
-1.961806423920499 2.819365189070624 2353
-5.60171558964851 4.569795239128357 2354
-8.476704394755277 -11.72651559193389 2355
-8.617605910518972 -13.02870956476156 2356
-7.397133289652712 -12.5334497636498 2357
-7.539806125677733 -13.84513718339969 2358
-6.31350888630489 -13.31441605542619 2359
-6.450564080974638 -14.65330951182063 2360
0.8059814350103516 -0.07298704297329969 2361
0.7976634155362612 -0.06923089309845645 2362
0.7966745646694824 -0.06030409444904629 2363
0.78979190553564 -0.06510434880410826 2364
0.7900325066345238 -0.07432697536848969 2365
0.7825796593345404 -0.06962158203900395 2366
0.7820541195828842 -0.0617563165204625 2367
0.7748251053435388 -0.06439506727258733 2368
0.7750373494292674 -0.07332223575013869 2369
0.7680507438416521 -0.06875541744014865 2370
0.7674991594222831 -0.07730293685616363 2371
0.759528484180619 -0.07144330674435027 2372
0.7594573857457163 -0.08130759455950871 2373
0.7516455938153528 -0.07617843596018796 2374
0.751176433374089 -0.08561519620257657 2375
0.743375561998658 -0.08016144322485418 2376
0.7446805056914239 -0.07137760463283616 2377
0.7363052664677059 -0.07369644841663563 2378
0.7621090942452253 -0.06411045897903192 2379
0.7602174277992144 -0.05367253248061961 2380
0.7349216620743437 -0.08342883076361934 2381
0.7272498732595546 -0.07639660320478318 2382
0.7261958395792325 -0.08651905038642665 2383
0.7190057893411752 -0.08072070047804078 2384
0.7174565116417503 -0.0903454544856318 2385
0.7090870475450908 -0.08293120553737376 2386
0.7082336176460711 -0.09375724590297593 2387
0.7000934527937064 -0.08743341781621491 2388
0.6979326150205816 -0.098110822238 2389
0.6906068237842622 -0.09085392112516738 2390
0.6930094147840437 -0.08167461829772824 2391
0.6840327056661101 -0.08351104467473867 2392
0.7125959828921072 -0.07488377540708677 2393
0.6816663584335172 -0.09317130796139797 2394
0.6756580199410689 -0.08651833229677448 2395
0.6769312620768266 -0.07890234146316824 2396
0.670184068169251 -0.08176738567337 2397
0.667700111635416 -0.08844969399317454 2398
0.6643163309066725 -0.06901801557637614 2399
0.6625518820005775 -0.08198616238562179 2400
0.659791608246727 -0.08934103483368561 2401
0.654672995739852 -0.08368466129857915 2402
0.6521560277758435 -0.09085545494076705 2403
0.6473741236541329 -0.08502024974181795 2404
0.6445324696877524 -0.0922570198085241 2405
0.6496417343915752 -0.09876351004258467 2406
0.6396737012224394 -0.08557898196388186 2407
0.63674543927187 -0.09346154623205168 2408
0.6315074165150709 -0.08635670322428597 2409
0.6288859289165397 -0.09484595616628219 2410
0.6228202620905662 -0.08828788610225491 2411
0.6209570559090604 -0.09632065235650122 2412
0.6151621749804526 -0.09069239192866688 2413
0.6128269050014697 -0.09799077141336489 2414
0.6079488642922861 -0.09215331230417684 2415
0.6048387827093706 -0.09950377754083928 2416
0.599773958727724 -0.09244251404576399 2417
0.5966741009362985 -0.100799885658509 2418
0.5911161576720673 -0.09452038329552884 2419
0.5689468104178739 -0.08341866311885307 2420
0.5883637480458459 -0.1023637484831783 2421
0.5832730364164312 -0.09630255456327742 2422
0.5801287495013674 -0.1039284422954899 2423
0.5746063348887634 -0.09722204365218058 2424
0.571714340798762 -0.1051915730217971 2425
0.5665044490930068 -0.09814063287101993 2426
0.5454286627950706 -0.08662670408814689 2427
0.5633258436062667 -0.1067060556378447 2428
0.5576694605601608 -0.1003170714736141 2429
0.5548368421856835 -0.1084153622782384 2430
0.5497899475437531 -0.1019012254311505 2431
0.6098985862227544 -0.104862610592989 2432
0.5946690629181304 -0.110614867860992 2433
0.5609501115096958 -0.1157205233990225 2434
0.5463399157503785 -0.1099810465438915 2435
0.5411089473707912 -0.1022963145121346 2436
0.5376385887595003 -0.1114427144084936 2437
0.5317474468077084 -0.1047539519915594 2438
0.5287772235823067 -0.1132172003573248 2439
0.5229520964154679 -0.1061776348673679 2440
0.5198457775589692 -0.1148808337989019 2441
0.5139671974955824 -0.1075521053499815 2442
0.4197428601912195 0.154748160183379 2443
2.228674730515706 -3.690406883562833 2444
3.895032044567279 13.20473746372064 2445
2.907648114483963 14.13299767040572 2446
3.140094194816558 15.43934411322217 2447
1.864454936261282 15.09221119165156 2448
-3.285289062895141 -14.4291439955297 2449
-15.476718166221 3.793594755891998 2450
-15.702343164154 2.451837078973028 2451
-14.68542392304433 1.603096113049098 2452
-15.92762594014825 1.101315594719219 2453
-14.89687906685803 0.2465866537254077 2454
-15.20643048566112 5.072716552700465 2455
3.333702163548759 -2.966073278946914 2456
3.578224241778711 -3.434519211082784 2457
7.721114047836043 -0.7629605107035516 2458
0.06125683845125632 -0.113847155155877 2459
-8.880615536294975 -14.45434066247156 2460
1.010105709921833 -0.03775010508495777 2461
0.9294097546760561 -0.0257794878230887 2462
0.9297563300137114 -0.01815654235223671 2463
0.9337152090756357 -0.02396827171226491 2464
0.9394716709280322 -0.02171436615541589 2465
12.23321218483562 6.331402173784578 2466
13.45474289704775 6.64626496701509 2467
14.37393387925831 5.67181679988578 2468
-0.04651881308384146 0.0007580310793072711 2469
-0.04536637236897728 0.0298045546715832 2470
-3.704586954720769 -0.4844916319030531 2471
-3.844705656566181 -1.022507569322916 2472
-16.11544014082222 -0.2591159718458956 2473
-15.07658103076037 -1.095702110754778 2474
-16.33114722742338 -1.620715887803374 2475
0.6391551337657913 0.2556085316036047 2476
0.6895144868494631 0.2136572141824174 2477
0.6568903768976621 0.07089484842262922 2478
0.6680170553474021 0.06898959069655844 2479
0.879986938474457 -0.03864112829237914 2480
0.8865861269100206 -0.03872155126917342 2481
0.8730993309763905 -0.03875636956500401 2482
-3.842764620273774 -15.77226214455489 2483
-2.638010187995914 -16.60970688365378 2484
-0.00457792834500222 0.0773759405415943 2485
0.009255216966944544 0.06906348225642957 2486
0.01294044868130548 0.08640867438812412 2487
0.03339671800338405 0.05192833319790308 2488
0.03676470481131907 0.05340403869794095 2489
0.02273303904240161 0.04440328301982972 2490
0.02821080980478245 0.07531195219037615 2491
0.03203197442686616 0.09316192439725762 2492
0.04575032634493842 0.05917417552235017 2493
0.04884929527015758 0.06107330100536963 2494
0.04393509199006225 0.08226098665484542 2495
0.08032814792755394 0.07466829763053934 2496
0.0503273081160957 0.09469176591995232 2497
0.06181960842875166 0.067202449060736 2498
0.05830678201544686 0.06502686371655918 2499
0.07589217327113311 0.07262976119980009 2500
0.08474168547265157 0.07548359945978568 2501
0.05664650403106992 0.1875935090470469 2502
0.0600560347555197 0.08762634501763827 2503
0.06570073265015951 0.1019279796693195 2504
0.1026823870881233 0.08167453306058427 2505
0.09814574577554204 0.08000507978319925 2506
0.1080077104457811 0.08265026931864479 2507
0.04536740023035647 0.1141589684940294 2508
0.07069353614527139 0.1237229199311694 2509
0.131054504634378 0.08792050095869622 2510
0.1392281245224978 0.09010321786566311 2511
0.1258167461092762 0.08675151798505011 2512
0.08138824863697713 0.1073768650479725 2513
0.09128701405078271 0.1268228584787588 2514
0.1038149244710518 0.1145821310991926 2515
0.1131546830574741 0.1252452153673316 2516
0.1233903672350751 0.1169600774174775 2517
0.1303686133982688 0.1305819642630495 2518
0.1415910152869765 0.1214819334516431 2519
0.1486803401877534 0.1341544038974567 2520
0.1597533158447686 0.1249131286234023 2521
0.1668240218210572 0.1373704574525502 2522
0.1776904376004523 0.126886322714649 2523
0.1541880938868532 0.1587429801145857 2524
0.1099498843779904 0.1482002825736387 2525
0.1545740389213491 0.1066729545447546 2526
0.1555102220004042 0.09310241923711896 2527
0.005084363763169234 0.05077456230894819 2528
0.1171412469839384 0.09826356808725764 2529
0.09903630246679178 0.09531580331364559 2530
6.248294984086571 -0.9069228538893325 2531
6.612592294919666 -1.390896722616741 2532
5.8335155471872 -0.4302156640842304 2533
0.5107770201866608 -0.1165374726697889 2534
0.5045605277802125 -0.1095508475875598 2535
0.501515248336072 -0.1183221308164744 2536
0.4948929254030356 -0.1099407258994067 2537
0.4920737303743009 -0.1199049336044387 2538
0.4856171719383574 -0.1126470183609965 2539
0.4826232219992631 -0.1216884997564822 2540
0.4768335813058451 -0.1141747378340775 2541
0.4795143196687404 -0.1053290902954202 2542
0.4712824241778572 -0.1073818737999566 2543
0.4681872676291164 -0.1151720611859872 2544
0.4634980349608223 -0.1087047845157763 2545
0.4598063892894632 -0.1158239137777386 2546
0.4552109015026891 -0.1084590821846612 2547
0.4515410655851116 -0.1163784632297966 2548
0.4465823324644336 -0.1098297123248583 2549
0.4432396964417847 -0.1171876898129496 2550
0.4480478999713757 -0.1244304575209367 2551
0.4384260246423118 -0.1094372543996228 2552
0.4350149961366501 -0.1177320459467245 2553
0.4306305759893276 -0.1112315817255678 2554
0.4268605559912735 -0.1186244403371777 2555
0.4220425116558331 -0.1117090718901743 2556
0.4185627933716736 -0.1192511558102993 2557
0.4138783924543813 -0.1121047576886846 2558
0.4103073269952208 -0.1200456602030634 2559
0.4053133499930665 -0.1134402484419341 2560
0.4019528104804689 -0.1209077906333852 2561
0.4068544366226849 -0.1282361054723016 2562
0.3973861258230578 -0.1145696146546079 2563
0.393660696106679 -0.1217611967081461 2564
0.3887762168298828 -0.1146189152219719 2565
0.3852334234945939 -0.1224360248351335 2566
0.3853747130132785 -0.1008366155023106 2567
0.3805953049515575 -0.1148986415230412 2568
0.3767765949551799 -0.1230512045090323 2569
0.3717011203900585 -0.1162627239130266 2570
0.3682358373341427 -0.1240219808206345 2571
0.3638891903269303 -0.1168854805263123 2572
0.3596408182509583 -0.1245888260453347 2573
0.3647386798655759 -0.1324226362012966 2574
0.3547217745496246 -0.1335745809699554 2575
0.3498848878518936 -0.1235148074561215 2576
0.344260664625539 -0.1336897788097729 2577
0.3392488194146142 -0.124898025904417 2578
0.3339080543215448 -0.1340665836841804 2579
0.3288211799816514 -0.1239070286283984 2580
0.3234295712645864 -0.1340968032056065 2581
0.31838784913723 -0.1253167530513186 2582
0.313089321962868 -0.134476391484 2583
0.3080334496994543 -0.1243662690998344 2584
0.3026305437805603 -0.1345078238722211 2585
0.2969206167647165 -0.1243779212205448 2586
0.2921505692427686 -0.1346805558510215 2587
0.2864683682972334 -0.1258933327922717 2588
0.3288268829533733 -0.1438864846511917 2589
0.3021357916340571 -0.1173599404859325 2590
0.3032469591989602 -0.103124077685647 2591
0.3223730641133443 -0.1171746867275636 2592
0.3434665113494927 -0.1167347749523925 2593
0.2817522200681571 -0.134951072579137 2594
0.2770233453532034 -0.1260463683940154 2595
0.2806345418552463 -0.1175190897000552 2596
0.2719745886369459 -0.1183593251233031 2597
0.2679045293332766 -0.1256142231896506 2598
0.2642006091568048 -0.1178713610591133 2599
0.2589632984475665 -0.1255472876835811 2600
0.2566512699127703 -0.1174489754162452 2601
0.2871910348594687 -0.1447915847546901 2602
4.781430640253159 6.026427469685563 2603
-1.895875863123528 0.5815845850571879 2604
0.7298625361538795 -0.06951754120440776 2605
0.9901252397224607 -0.009107115500393137 2606
0.1717726990114566 0.1105069772178403 2607
-0.05408592622992701 0.09461336945488345 2608
0.008313989963517048 -0.2272244536144732 2609
-3.017514530982122 -1.198330982260737 2610
-7.113244436120883 14.74894256529831 2611
-5.787715379315032 15.12380538546622 2612
-4.770804286470056 14.03649570379164 2613
-4.438855112961768 15.49049778402189 2614
-3.397474494212683 14.50458121329278 2615
-3.100883050920297 15.8688315101942 2616
-2.127717531910679 14.88557127392222 2617
-1.750151986194697 16.21866267013552 2618
-0.6141142816345182 15.19083827257258 2619
-15.30368407648121 -2.442481762719559 2620
0.7966964416552523 -0.09190176353987541 2621
0.02529052526828379 0.06316849717686931 2622
17.21416761364475 -1.469493203896008 2623
0.4996219464196771 -0.1028442824362203 2624
-13.04772672310309 9.313286651572925 2625
-13.39046012622868 7.972806574670974 2626
1.554756130055068 -0.06580939101141367 2627
0.9473218071302953 -0.02041938719749656 2628
0.9507234528288273 -0.01898649295344166 2629
0.9518990859044667 -0.01318998428667194 2630
0.2014897500564487 -0.127155390821176 2631
0.2060539536200076 -0.1191134391543248 2632
0.2029077148245451 -0.1118439828118074 2633
0.2102465855165921 -0.1124966478949069 2634
0.2142800069339136 -0.1190776687374505 2635
0.2183628750449719 -0.1118761122809173 2636
0.221972737558564 -0.1187057902018244 2637
0.2258434156713212 -0.1125673424662437 2638
0.2293669076426924 -0.1184476024453351 2639
0.2328016103849886 -0.1112740487817903 2640
0.2365681932154161 -0.1180682256773323 2641
0.23990947175296 -0.1110628891034862 2642
0.2260594526800549 -0.1260458780487193 2643
-0.01696467894814765 -0.3834547140248959 2644
0.5524873531460927 -0.09414144920318995 2645
0.184962653251878 0.1409763855767065 2646
0.1982012338631605 0.1327559330998928 2647
0.1897538747956818 0.1139418839506128 2648
0.8812834070457984 -0.9245646899603654 2649
-16.56657215843152 -2.99861493487788 2650
-15.45324398964992 -3.701731505973117 2651
-0.0100035452107964 0.01575542226021022 2652
-0.008454072297719866 0.02732809002676055 2653
0.003690698227897213 0.02045766194331294 2654
-2.949033721333047 1.611252862881119 2655
7.81663910650863 14.19126263503967 2656
1.889166682477725 -0.2207226009058083 2657
-2.420037561843847 -2.415246581383223 2658
-2.708437664744221 -2.108661426358203 2659
2.390136777868423 -3.257325983372507 2660
2.176077851431919 16.42611065765979 2661
3.030612266756205 7.887510506635885 2662
0.5258902667947041 -0.1223834763056514 2663
0.03695290649222647 -0.08122249026643599 2664
0.03304417292844102 -0.07067500258555939 2665
0.1846790384999862 0.3693797667099889 2666
0.172559192767878 0.4685242225714817 2667
0.07323508180255713 0.5107091248058834 2668
0.1563134340165552 0.5867337584126345 2669
0.0426789928310676 0.636205164136231 2670
-0.07291926025327522 0.8897739065345062 2671
0.243688023118599 -0.1178071558687165 2672
0.2469974825678256 -0.1115605175309692 2673
6.682631455293797 0.5219740492621728 2674
0.9379198390315986 -0.04099676486873016 2675
0.9001828738822423 -16.35043497941707 2676
2.155520577208307 -15.80086007063667 2677
0.1360680852261641 0.1041373655792646 2678
1.670836671532823 0.1374284248316717 2679
0.6646756897250009 -0.0955750556822175 2680
0.9258437846925484 -0.1403342812058169 2681
-4.087200878838828 16.88482853001279 2682
0.1943720873850903 -0.1875814929061396 2683
0.3971125621486261 -0.2600769260582819 2684
1.21272836184082 -0.01093990332168989 2685
1.23147081122585 0.05535981006038637 2686
0.1297743548602623 -2.017142416992099 2687
-11.34634579824559 -8.0517807663045 2688
-12.54877499663182 -8.459218727968453 2689
-12.30169753532694 -7.147188184787133 2690
-13.56376857832336 -7.599239871464684 2691
-13.80099259124202 -8.931656263236176 2692
-4.332972620675394 -4.767737720387856 2693
-12.7853732460944 10.6786549415839 2694
0.3506083875569814 0.6576194163910485 2695
0.4677404614158424 0.7403532213597361 2696
0.8979509744601758 -0.04254276583839141 2697
0.9026109251833999 -0.03639251105169761 2698
0.9089704791216666 -0.0351903851418027 2699
3.127112999482376 -3.392374973495282 2700
1.87936553677876 -2.264118600217914 2701
0.9576842124468832 -0.02048346685280989 2702
0.9580033344795286 -0.01619333510088857 2703
1.090102532552867 -0.03318774766288191 2704
1.127683015021037 -0.02804489744090964 2705
1.109507619391824 -0.06303257279886465 2706
0.05834316019916082 -0.09016020908405871 2707
0.05709816563110019 -0.08267556491065353 2708
0.06243156307062261 -0.0780594038956358 2709
0.05610629337909937 -0.0761299200445287 2710
0.05083229627668548 -0.08005223851773227 2711
0.05088724485855131 -0.07366941117962886 2712
0.06810923658728898 -0.08026260486595739 2713
0.0554752298942946 -0.07078295131633308 2714
0.05057810621841413 -0.06828692657839402 2715
0.04653595332904949 -0.07105901000077974 2716
0.04624047023372278 -0.06641247351607139 2717
0.06015257246006278 -0.07322347994060406 2718
0.06447264074015548 -0.07375691515862035 2719
0.5266521385158003 -0.09856364771721285 2720
0.5343804401324146 -0.09749357436641196 2721
0.540644637787402 -0.0948658469086896 2722
0.1080426698253494 -0.0934222178820136 2723
1.896207579407638 -0.7311219928216161 2724
2.067393581816428 -0.7096215230740649 2725
0.5601145236264096 -0.09331299327873212 2726
-0.7581720685199345 0.04540135455171894 2727
0.8389566490511662 -0.04640982144169695 2728
1.304543383966051 1.615333424086107 2729
0.0424900651245665 -0.06842928380424612 2730
0.04268918049299943 -0.06359103726064545 2731
0.04239372811950184 -0.0574577640883579 2732
-1.525667042085592 -0.4766753594552407 2733
0.2793412784527778 -0.3642114324384425 2734
0.420419509378223 -0.9729286730223279 2735
0.1716742159274949 -0.1096854804328042 2736
0.1682873503940507 -0.1030225517529137 2737
0.1619041806319427 -0.1025618810701866 2738
0.1749279043590704 -0.1034526505681395 2739
0.1527982833404868 -0.1082849002472713 2740
0.1484196992641057 -0.101870805215773 2741
0.1422532452717115 -0.1011994380826031 2742
0.153070585123661 -0.0920661791390517 2743
0.8115792616192916 -0.05112278355858456 2744
0.9666309726105906 -0.01564640108647697 2745
0.9630381189709176 -0.01412082596376523 2746
-0.06221899608595233 -0.7589682372286135 2747
0.06313325437435502 -0.785361296324005 2748
-0.1989788743615204 -0.7446410858950363 2749
3.874087394574707 -1.685783753876225 2750
3.595991016679565 -1.332726425175191 2751
0.03974996130758603 0.07117181808269588 2752
1.115311359322473 0.09609547985095963 2753
0.1910855208873846 -0.1111203908560991 2754
0.1321949901751557 -0.1057209043743816 2755
0.1291491806776987 -0.09901585123281592 2756
0.3327889177135085 -0.3596512840432409 2757
0.1231699973086085 -0.09769026947027584 2758
1.194630008724319 0.8302565328970604 2759
1.038804182416345 0.9871183983041991 2760
-16.99283405801618 1.925902700419718 2761
1.009038921871926 -0.006596708064207303 2762
1.009200443118869 -0.001033744048071432 2763
1.00494744009156 0.0006764159876417518 2764
1.007596150400689 0.004418687543817001 2765
0.9048811665194372 -0.03116541447398769 2766
0.91042649278472 -0.02961244076670349 2767
0.9106941449702433 -0.02304169397421072 2768
0.2687160611279896 -0.1111393622098342 2769
0.2615340890282594 -0.110483744077541 2770
0.7764566294746071 -0.05736304229386369 2771
0.289832155396365 -0.1176936123682677 2772
0.3353232448641469 -0.116874596992145 2773
0.3144945034239903 -0.1174080964587351 2774
0.4861806850555106 0.1791154454665854 2775
0.9842652015415109 -0.01225040949145946 2776
0.9840445781463054 -0.008866932901654441 2777
0.9730004301680031 -0.01410522436022008 2778
0.4316199704275428 -0.1259678485537377 2779
0.7532590319632781 -0.2460596074601252 2780
0.2541858335205299 -0.1098318940146276 2781
0.8059598461142529 0.308423179609069 2782
0.2859078560130406 -0.1111332625343785 2783
0.2801046945414209 -0.1110610743543206 2784
0.2927656236896879 -0.111898816912522 2785
0.3497738574986949 -0.1436050703183445 2786
0.2065885978338375 -0.1069065686683882 2787
0.2129934865011893 -0.1064761433711512 2788
0.2004121909135232 -0.1055808992750529 2789
0.3388729981780949 -0.1103997056941882 2790
0.6263015318193976 -0.1031513645807003 2791
4.289869471113672 -2.855930427813889 2792
12.20365966719281 -4.976149119378109 2793
11.2224941804412 -4.418129470816484 2794
0.915991228728772 -0.1694676128125779 2795
2.066073215853717 -4.159013755048344 2796
0.1278127962438753 -0.09337429454039858 2797
0.1328322592606687 -0.0946889423297822 2798
0.1227152696954808 -0.09209712147267551 2799
0.1877180331828711 -0.1046978820446109 2800
0.3849985234642969 -0.2939890586886429 2801
-0.3473243638691739 2.179490889191185 2802
0.6575095035718875 -0.1162832281871087 2803
0.3463662935741341 -0.1098932626163651 2804
0.8235111312632866 -0.04933026018754747 2805
0.8300603920189858 -0.05103402278437581 2806
-0.3930718383932188 16.58706655092001 2807
0.7783354151392646 -0.2032983837180064 2808
0.8263738574039206 -0.200969303917863 2809
-0.05151630643371333 -1.132465131148198 2810
-14.56749009167589 9.127212737237775 2811
-14.69785274664938 7.593969440408635 2812
0.8518076189756508 -0.04260129836291848 2813
0.8578431946571669 -0.04388442769462822 2814
0.5669511828047038 -0.09127273256214408 2815
0.5746655401953029 -0.08965972640024844 2816
3.954463238406962 8.122957925091203 2817
4.630551703995157 7.421848466442626 2818
-0.5617694689967757 -0.1128836053353234 2819
-0.4257786567926429 -0.1342953777592447 2820
0.1408707568907229 -0.1574231508805447 2821
0.1598736351578295 -0.1582296779935717 2822
0.9719764613819424 -0.04994479957258124 2823
0.335305850317448 -0.1698554674795267 2824
16.03080159081494 -0.7302359932172184 2825
-0.2904928667495967 0.8757727415322384 2826
0.7348637215024008 -0.2035106921679598 2827
1.019491448603696 0.1279829891088756 2828
0.9758481615908613 0.1300744500435224 2829
0.9295904963562972 0.01835065380989352 2830
0.9375858742658483 0.01670251315348853 2831
1.005143297363148 0.09352613068310361 2832
0.9613192148673537 0.01120162885027368 2833
-0.05813311275496308 -0.1927856503994316 2834
-0.02969036394221822 -0.1656907055638108 2835
-2.36226448808012 13.60642365498083 2836
0.159030332157187 -0.1967940625904601 2837
0.3901599331837434 -0.1298563542083409 2838
0.89915993485211 -0.03122567070710635 2839
0.8970795387737885 -0.0357611508456538 2840
8.665614278768501 13.3202299519648 2841
9.156191442116715 14.61723829607892 2842
-8.531592010391558 -1.531518910896224 2843
-8.337393703791165 -0.6535761402652035 2844
-7.524041924950723 -0.3930312420974074 2845
-8.133303248052508 0.2207138897448504 2846
-7.175960389742157 0.4441798689191738 2847
-7.896726298352505 1.068370535554545 2848
-7.072780750263997 1.313032772858238 2849
-7.700332866556754 1.913651821711143 2850
-6.884199490481661 2.141721227065455 2851
-7.492561428506445 2.750888102230195 2852
-6.67643823683077 2.95827399730912 2853
-9.004735538663784 -0.03969072898944247 2854
-8.351192825120737 2.498788538635505 2855
0.3668150984987973 -0.1107054002061199 2856
0.3597102442077552 -0.1104579804626417 2857
0.34997472211609 -0.1150626807926164 2858
0.3739001022413375 -0.1093627382941599 2859
0.3799278925537058 -0.1082184862318925 2860
11.51106191935919 11.88614285774712 2861
0.4875408856853614 -0.1046510394739581 2862
0.1125839797234838 -0.08958998668556371 2863
0.1076944564554183 -0.08849688562568636 2864
0.05712361327449209 0.07783945278106537 2865
16.02122428930253 3.803002365790837 2866
17.12493195874556 2.833197839728901 2867
0.5764168974567374 -0.283736081755535 2868
0.5546074273198746 -0.2461541255950243 2869
0.5185613907190589 -0.241105563047884 2870
0.4118231811336367 -0.1486277956828079 2871
0.1956012977296246 -0.1368469917699409 2872
-0.6536986104698639 0.5117886029495927 2873
0.4885846641078174 -0.1300838914328254 2874
0.1714346535062561 -9.205465664093666 2875
0.9903461596073094 -8.925697005398542 2876
1.090943895800723 -7.961827020819515 2877
1.806724902668551 -8.58886189904867 2878
1.931685909382176 -7.75616193290215 2879
2.596555882096221 -8.250035822363131 2880
2.724238988735056 -7.449056287863069 2881
3.381973750236537 -7.934778202936657 2882
3.495721363064451 -7.002083682215103 2883
4.153211406274228 -7.583467040294687 2884
4.317037667251487 -6.796072594625253 2885
4.91259100429022 -7.272949907741129 2886
5.073873815141182 -6.514346471796591 2887
5.689239523766897 -6.959966686981252 2888
0.7746200942183008 -0.08146032557987873 2889
1.047837885798282 0.06942102438917638 2890
14.79486866210808 6.934814038367351 2891
13.81618629370008 7.974811991756468 2892
0.283607602325052 -0.1722793073598897 2893
0.7006755383619914 -0.07857600591498817 2894
0.6946915236036897 -0.07336734708464264 2895
0.6881337081379642 -0.07632262380377529 2896
0.7015493528853662 -0.0721892055125133 2897
0.4452760233926709 -0.145173353827475 2898
-0.5361306221319524 -0.505434821379606 2899
-0.3850448760421675 -0.4864457506426866 2900
-0.462558990087941 -0.375794983246228 2901
-0.3344398161519112 -0.3661374332229379 2902
0.8743485822474957 -0.08306706997485724 2903
0.01196475031736357 -0.07060320546753762 2904
5.852590479889538 -6.188699574834992 2905
0.7195445323734312 -0.07255053276149415 2906
0.2184269441472743 -0.1059386826832875 2907
0.09111358715211132 -0.08815945515305296 2908
0.08566989199940737 -0.08643898237460287 2909
12.28335090282213 10.92274346649699 2910
-4.777526031776217 11.8779232855248 2911
2.314976441956617 -14.36117440723227 2912
3.4366223182381 -15.21525412950939 2913
3.20736978389461 -16.93062140691905 2914
4.54314175865883 -16.0570883786258 2915
4.697809855145001 -14.64005067510102 2916
5.825204633726424 -15.40875873846248 2917
5.937210264334966 -14.04849795606523 2918
7.062757697554567 -14.77819684190099 2919
7.181912632988922 -13.4499942928749 2920
4.866643841368786 -13.38762229593986 2921
8.308695667338933 -14.17963852906719 2922
8.44457465634739 -12.84216920972455 2923
9.564667245688554 -13.58934070415042 2924
9.702019695211561 -12.23728529834346 2925
10.86942157646504 -13.0770379032856 2926
10.93260865633333 -11.63836663209155 2927
0.09040655533592043 -0.0829632730241871 2928
0.08542618020365741 -0.08094904117329442 2929
0.09442088781227764 -0.08506371071618335 2930
0.3696225436879998 -0.1527540597831814 2931
-9.835311099059634 8.120445222554824 2932
0.3080294733310987 -0.1443008624648553 2933
0.2281716077825843 -0.106047406509299 2934
0.6251155234494415 -0.08110911999563984 2935
-0.8046110461884552 2.190733177068759 2936
-0.1764623086600301 0.264586690106066 2937
0.8221069963552652 -0.5669309536777269 2938
0.9488655412600789 -0.5740747731093451 2939
0.751594109574003 -0.06805929751137917 2940
0.7461671736565541 -0.0644108353258441 2941
0.7393768956499823 -0.06597565858126407 2942
0.8159426436872301 -0.0781390207892748 2943
1.431274238296264 -0.9965718277310089 2944
1.622968253963634 -9.438669605545574 2945
0.3319328324501351 -0.1111937489735999 2946
0.657719185184218 -0.2097403069224462 2947
0.4613193489207837 -0.2835644885434828 2948
2.328015706048256 1.956964742291013 2949
2.052997423439983 2.281119299387088 2950
14.02538632055482 -8.97897600870213 2951
12.88121328648846 -9.459041909552449 2952
15.25944125278943 -8.501241110346314 2953
-0.003823038401017795 0.02177964705009382 2954
0.3887622142121179 -0.107494524663103 2955
-4.015775512985131 -7.751241172197147 2956
0.2236881732258927 -0.2032321906095285 2957
0.09099298617601292 -0.1292450048306064 2958
1.009835038029158 -0.01166170071227581 2959
12.23965889349316 -0.08067950751604536 2960
13.37514470464112 0.08732848040668884 2961
11.158191923659 -0.1502763712060028 2962
10.51887634990632 0.5364913695161841 2963
0.5867936794885894 -0.08899511069960542 2964
0.5938372989643239 -0.08815219734315013 2965
-0.08610730701527139 0.07691621764897444 2966
0.6187107122423399 -0.1232138061500551 2967
1.788174331828693 -0.1029506403772547 2968
7.869851320122119 10.84987247269292 2969
15.59331627038867 5.866995774864542 2970
-13.32031341476045 -6.274343554936909 2971
-14.59241298310324 -6.716354737330725 2972
-0.05408717798907718 0.5272199870320857 2973
0.9814052744729086 -0.007938303092826173 2974
0.9789825727091872 -0.009230017290144681 2975
0.9764772145233092 -0.009668481103272427 2976
0.8601714970219143 -0.06650351476653252 2977
2.335860660172409 -2.620145729753494 2978
1.075305795714284 -0.1251624337929368 2979
1.687661383327053 2.132894269618709 2980
1.698332663462695 2.612165022364431 2981
-6.768060318448356 -4.043444027167038 2982
-7.540807274044946 -4.329637149244077 2983
0.748578507851117 -0.1029184314342643 2984
0.4645044598458716 -0.122974702364125 2985
0.3189535547137087 -0.1108186071122283 2986
0.312013600552303 -0.110682492582886 2987
0.8448703877172825 -0.06863948816929417 2988
-1.302337850553123 -2.522984991315956 2989
-1.415123635950617 -2.891604455530696 2990
0.4663025455267585 -0.1011034718935271 2991
2.05642555691308 0.002863599332252951 2992
0.06607059176358877 -0.1022191832848473 2993
-13.72963231906695 -0.5267685341661236 2994
0.7524207202710527 -0.0616690490357674 2995
0.2036895529267252 0.1492953934029556 2996
0.2134343092449287 0.1311978261996661 2997
0.2078484683906091 0.116876967173192 2998
0.220099425897273 0.1492932735927189 2999
0.9214807863999195 -0.02802574477280504 3000
0.001517191990615334 -0.131883905720026 3001
7.313695713057556 -12.09425669763199 3002
-0.08293294162864494 0.6883705927518703 3003
-0.2015146453834075 0.5943322391213612 3004
0.1362567991466685 -0.09966207591396894 3005
0.7677801777088302 -0.06054145317548427 3006
-15.65093484055955 8.316375308556083 3007
0.8662252277535136 -0.03883574169286056 3008
-3.395881566725609 -0.03300596286764788 3009
0.7819577415693743 -0.05541468900844242 3010
0.7872533114658147 -0.05714511155981036 3011
0.4463154950933939 0.304157170351098 3012
0.5072055758263394 -0.1009841572964463 3013
0.5140648707461792 -0.1003590771196078 3014
3.206035225894271 10.7183247216964 3015
0.03844604428249213 -0.066307589704836 3016
0.03859736377442788 -0.06149562515379567 3017
0.03411650898767291 -0.06425995301656058 3018
0.02908407636897805 -0.06537019243970599 3019
0.03037899115179044 -0.06044386792531287 3020
0.03082912028761155 -0.05007112719888435 3021
0.02469589208339757 -0.06263860617247904 3022
0.025222412093418 -0.0566964111274221 3023
0.02022748416083145 -0.0592738470244298 3024
0.02020982610446068 -0.05421310409926339 3025
0.03007830799974907 -0.05524258605631888 3026
0.02675387779694643 -0.05283318883787287 3027
0.0231994109451949 -0.04949751170663577 3028
0.02426117000913458 -0.04470498634104468 3029
0.03361921752370339 -0.05749361436627118 3030
0.2525946496712774 -0.1362777831049468 3031
0.08144853416274639 -0.105549730068433 3032
0.3293947072601456 0.1666171788051898 3033
0.5987846640233174 -0.08466993578592137 3034
0.7169239607693624 -0.1014873731074137 3035
-11.18805177868008 12.34915618440908 3036
-10.97128357259571 13.71115113768422 3037
4.143543161684327 -8.370408373154216 3038
3.796089654931799 9.82913532882713 3039
1.502771944013897 0.3126760578993255 3040
0.6499876031916911 -0.07816428787688411 3041
0.6438759351448228 -0.0804515410245164 3042
0.6219886652955871 -0.2095662419669091 3043
-14.448104384218 -5.550942269449759 3044
-15.66300215869219 -5.846775684001599 3045
0.9524929138207135 -0.03988872582102109 3046
0.8698953151062641 -0.06904677205251503 3047
0.8840081026596498 -0.03412193839366534 3048
0.8890344711911358 -0.03326158169537622 3049
-5.286586951980721 -14.11050347748976 3050
-5.325418713912375 -15.4341125214871 3051
0.1798018635680158 0.2729537935605118 3052
-0.01268360420958812 -0.04095555574458701 3053
0.01692525259718149 0.1098423377377266 3054
0.02256281433745066 0.1350079546094036 3055
0.1377180896559698 -0.09431701697952212 3056
-4.22667258442924 -0.2642493792720771 3057
4.603395956114414 -2.409008712877618 3058
4.778482415636942 -2.823831369238612 3059
0.1455024403426567 -0.09677437148199727 3060
0.6388298055904557 -0.5274153306741169 3061
3.736968027523433 16.81525232515256 3062
0.849904117534908 -0.2381047809303421 3063
0.9752264536337174 -0.006803087810626393 3064
0.8691360835688267 -0.2020688722304369 3065
0.001744516909912804 -0.1538060036658732 3066
0.8053438552511404 0.9081327744613383 3067
-0.2938382700575721 8.886868383871757 3068
-0.5249223449088125 7.955270351988563 3069
0.1159827609598162 7.352568766631851 3070
-0.7718118112337073 7.146010452675254 3071
-1.386771446788788 7.722514213358105 3072
-1.606412498670584 6.843735225541383 3073
-2.235534239375498 7.460208801780752 3074
-2.025317812118251 8.320502709824975 3075
-2.43066061558397 6.673031396954547 3076
-2.909091661172445 8.068538211936094 3077
1.005879695686101 -0.1397859631701364 3078
0.6355255737903184 -0.08189233419990098 3079
10.81239659291612 -14.5121621563215 3080
0.6036362025967031 -0.1207213299835535 3081
0.802876208378189 -0.05636626542327618 3082
0.797306203054905 -0.05369665511797202 3083
-6.157020972177366 -11.90451415639108 3084
1.128434837412439 -0.1147117070058361 3085
9.853103914991891 13.4256085492912 3086
0.6568468952549182 -0.07692037438745716 3087
2.690361829480658 17.89428570059492 3088
-3.155192811118062 -5.758627389870664 3089
-2.459915380159817 -6.109987992207754 3090
-8.42218744945183 14.42810722212922 3091
0.2353624073883299 0.2446633014814571 3092
0.9865174290968508 -0.01024386430567024 3093
0.9864093163640818 -0.007317879364985207 3094
0.9342891472173185 -0.06173569092930541 3095
0.2409846416019981 0.3045109795577002 3096
0.303722448097391 0.3180917100684481 3097
0.6203305636812575 -0.0829972591571593 3098
0.4002100924789426 -0.1079244217397748 3099
0.4077625619768324 -0.1068341752823751 3100
0.1510883861093096 -0.0968758959744899 3101
0.1538803634074029 -0.1013795154910191 3102
1.097719903603607 0.2643476488000724 3103
-0.2464615064991239 -0.4794538253608763 3104
-1.969398438789023 3.702299961225687 3105
-1.496562176296136 3.347354293368037 3106
-16.59843970574573 4.573968930271446 3107
0.6623805853991297 -0.07571017420157911 3108
0.669622865573795 -0.07325476204925879 3109
0.4143538161539041 -0.1052102774887949 3110
0.4221110320022438 -0.1041279147511958 3111
-0.001842084613105094 0.038155452516138 3112
0.0009255896247159119 0.03115018511284989 3113
0.007012341585865908 0.02720722712729408 3114
0.250672685961644 -0.1238757645582411 3115
0.2362896922951069 -0.1067463373521883 3116
0.5016087753485063 -0.09655372425366221 3117
0.07937241869649776 0.1503158249744864 3118
0.2684289862243929 -0.9670686192270217 3119
0.6898870224944342 -0.1112229230754108 3120
-0.7854019829903114 -0.1847737157474871 3121
0.6106229487097565 -0.08530709976905235 3122
-3.265326957871724 3.36934260795455 3123
4.447959033271539 -17.47585034260122 3124
3.669166739124149 -0.8245576897623678 3125
11.07183818619202 7.205112512064503 3126
0.9165341895748949 -0.02873423800976826 3127
0.9190624807226708 -0.02405629575161993 3128
2.787200990235271 4.022989241168012 3129
2.279227971322698 4.450240243674204 3130
2.133298337866926 3.834362731135248 3131
1.660566876236156 4.179260120610958 3132
1.545618689627716 3.572112695826589 3133
0.4730598520752137 -0.1001641970785346 3134
-8.724292309617315 -2.442118968279573 3135
6.171597001498535 -2.946969595042325 3136
6.29260564153064 -2.329846653863301 3137
5.583676895920625 -3.10091827823657 3138
-1.399932917715591 -3.931522260477595 3139
-0.8978940629621983 -3.771056087276127 3140
-0.4183176098464971 -4.033330214624453 3141
-1.803994747598795 -3.515605127755079 3142
-0.5058080094313803 -4.583132093716482 3143
-0.0002875262426607442 -4.370558742159623 3144
2.647070485619198 3.05040932618265 3145
0.8939842598660868 -0.03189226603755071 3146
-0.04724686523179602 -0.08191732894661759 3147
-0.05962902426914764 -0.06417544452221763 3148
-0.06921711573205594 -0.09019526542043085 3149
7.599081907576945 -2.349647368232873 3150
0.4333292372616953 -0.1049593905220216 3151
1.127338553966221 -2.402162084732801 3152
0.8892777509238095 -2.147150400075466 3153
1.204537051550402 -2.068355976567646 3154
0.5594579936038461 -2.181130325931514 3155
0.3381409470739684 -2.498436019897385 3156
0.7142700361908039 -0.06874129314897448 3157
-0.7558826752762701 -10.27516395311414 3158
0.4428492291737287 -0.1034880667131358 3159
0.4489380303954177 -0.1029276396568643 3160
0.4558868726172131 -0.1017922042679361 3161
0.5301594603422184 -0.09215435470413653 3162
0.2656567090236507 -0.1062697579720532 3163
1.083720815325967 0.1330380888267131 3164
1.118515832734439 0.185295597365584 3165
0.4831193582794404 -0.0982739969010127 3166
-3.41238674028487 2.708533361664216 3167
6.5148048019562 -6.664897506428692 3168
6.656527886114738 -5.861588183895625 3169
7.293858558872513 -6.497897166187053 3170
7.457195942099904 -5.494975617346325 3171
0.8160726099967043 -0.04747098665848461 3172
-8.619101267237866 8.602522887979131 3173
0.04213045678093368 -0.07342255216742948 3174
0.2442347554673995 -0.1064499275140885 3175
4.347428896079389 -3.687314729715125 3176
0.00772181139556694 -0.9827741023210266 3177
9.163940434393583 -1.645619493107675 3178
9.262277267698428 -0.6438562340743516 3179
-0.3557151956007109 -0.02735231768786185 3180
2.395926740979102 -0.5262164668090232 3181
-0.3083613453600717 -0.5821688980984454 3182
3.645410170899414 0.5083455505565512 3183
3.265898222422559 0.7689620007255542 3184
3.683153521226955 0.9700340738880132 3185
3.247112882800026 1.271761169865693 3186
2.896444273229733 0.5674260120957793 3187
-10.91580505600936 -12.68000609615975 3188
-11.97977885055774 -11.81565165046175 3189
0.1052067069295303 2.2557418335155 3190
-10.08289090844963 -2.738349707039454 3191
3.411649985770481 1.801277478521995 3192
0.1870959996628653 -0.1475507988833815 3193
-3.913870291931769 0.8792352405717587 3194
-3.883098527884393 1.509193235768116 3195
-1.703873338808593 -10.57599424846917 3196
-2.650352020059949 -9.934429059405758 3197
-2.429978214165333 -8.914924366038235 3198
0.9770193947411039 -0.03956181781773681 3199
0.9880445942245517 -0.03496168793526255 3200
10.27505623601366 -4.80527432696025 3201
10.1395294727468 -5.98176093224108 3202
9.223022824162015 -5.276137560948818 3203
0.1743904439614691 0.1850764448828813 3204
0.1812826314111255 -0.1039888991955015 3205
0.9831544882353975 -0.006950612169477504 3206
3.575165321743523 -3.976665646578063 3207
6.196107060567494 -8.165022243521406 3208
-4.991587732523316 -4.239291844153896 3209
-5.579948757828081 -3.704330208440888 3210
0.2133991626138714 -0.8017159054767424 3211
-3.770082340067896 -5.305926701389688 3212
6.909981845751666 1.33816800064155 3213
6.377330309356415 1.905851735656721 3214
6.574935876271287 2.788116464377632 3215
-7.295595764519438 3.612556639273989 3216
-6.468996223821986 3.753168808834011 3217
-8.054592573057519 4.273170969458715 3218
8.066272786973018 -7.124656159040043 3219
2.944976820722334 1.705221882683466 3220
-0.0655716647679401 -4.893634187187828 3221
0.4138145071511534 -4.650465953844636 3222
2.832448181286878 0.2067329745353755 3223
-1.178447047733001 2.467063764630595 3224
0.9752773819317563 -0.1426075286202849 3225
2.738686420137098 -6.656369755699488 3226
-1.639628336056292 1.68202157736836 3227
-1.249645477827795 1.656778510881928 3228
-1.4777072013473 1.343742333094823 3229
-1.641000577091001 0.9908743818922288 3230
-2.013790193483317 0.9415274241017035 3231
0.7624611852314841 -0.05776969017777948 3232
6.12033606229687 -12.83153951480973 3233
3.603381791592185 11.90202367259097 3234
0.3240960505782015 -0.2635950026320736 3235
10.87148999884863 1.51223707286346 3236
11.01902589057661 2.710952213557147 3237
0.155854986694745 -0.09679902990581092 3238
1.7110917482433 -1.940298919068909 3239
2.024541036004937 -1.92669453360208 3240
-6.28689011725748 1.516632974578692 3241
0.1941770706348141 -0.1050757564676784 3242
0.05102049526312507 -0.08758580939403411 3243
-0.5978940758616673 1.86362928054033 3244
0.8390560679375811 -0.08897220779917724 3245
0.2105086799568987 -0.1265662083531604 3246
0.843181210775077 -0.0419967343225727 3247
0.8280869919477627 -0.04567470007549058 3248
-6.465774851818679 0.7742125698550444 3249
2.024887855772543 3.196561135939313 3250
8.463970889755352 -1.172863489506322 3251
0.2628556194897763 -0.1327708561345003 3252
5.683641742771131 -2.505898648055558 3253
0.9300969254082949 -0.02194793081675767 3254
-0.3722328603355683 -16.90137668860037 3255
0.7990865728262971 -17.72231918034914 3256
0.9480192578365606 -0.01678193941036598 3257
2.031892916511151 7.574610761538921 3258
0.5414032492002075 -0.2173877348707533 3259
0.5689156861337507 -0.2189916449998593 3260
15.4363930892602 -4.641977836808623 3261
-0.09303563812979149 -0.02314555053048339 3262
-1.259158995945928 -3.478844974219901 3263
0.1651552086776228 -0.09844538968543262 3264
10.76138973369788 14.85909924623348 3265
8.390368673934848 -5.799888392949115 3266
0.04696877755111401 4.249644281477816 3267
0.4482733683274729 3.839160994955494 3268
-0.5495043801934162 4.010798210572894 3269
0.4590228529782436 -4.090094175152482 3270
-6.086298377800317 -7.296073598869878 3271
-4.39776711188239 -1.13721676937945 3272
1.031045517412803 7.576348200456097 3273
0.05258841278248592 -0.2453060183135483 3274
0.6865901853021168 -1.8889464559799 3275
0.959583244148316 -0.04686525240976112 3276
0.1089380626662693 -0.1182992794059474 3277
0.9265017055348317 -0.02310929781179639 3278
0.4088319754886125 -0.2247633195666643 3279
0.5558516255238343 -0.1251787544390524 3280
0.07619447938648409 0.09213562270268018 3281
0.07007301025882078 0.08376000256804816 3282
13.11669719190797 -4.209882794816049 3283
-3.181673428819596 -2.338960932679079 3284
14.85024584208256 -1.299369580330044 3285
-0.8484959532239924 3.539771765566921 3286
-1.143713130486888 -2.106265190604703 3287
-1.456314208577491 -1.845345869431807 3288
-1.364102585774427 -1.486376326147153 3289
-1.113395914476349 -1.722366814939491 3290
-1.039016728224664 -1.412417975186451 3291
-1.269504538698093 -1.176576657287404 3292
-1.612338670384436 -1.218701631192028 3293
-1.473374399877162 -0.9369263086931159 3294
-0.8067967811111894 -1.627206667295514 3295
-0.1373929136089749 9.971555456251703 3296
9.813694868616476 -10.84186265692506 3297
8.512319169680584 -11.27977911863647 3298
-2.376926380324329 9.565021624335893 3299
-3.999348513631458 -1.559445322162767 3300
0.1863820926928405 -0.3167274489193181 3301
6.705838482805028 -5.06714689911696 3302
-6.528652084303242 -16.02789987625679 3303
7.492837923148882 -10.84129954255315 3304
0.379766704112214 0.3170714873923048 3305
-3.119298375062729 2.180547510687934 3306
0.5619787545977603 -0.08764510756055069 3307
7.726953784692687 -1.583842707700047 3308
0.325595464502835 -0.1111756715299008 3309
0.7245253098123198 -0.5342043876568521 3310
0.04634348774676712 -0.06236345017242129 3311
1.567507001764194 -0.311908810725564 3312
0.8488430445254731 0.6867703280463738 3313
0.672804448450708 0.7475623270433529 3314
0.3364525053923979 1.888903931992086 3315
0.6949495208146175 -0.2122340196874329 3316
5.191177212354515 0.3441238219097212 3317
5.900036320007253 0.2865967983629394 3318
-17.59338207376138 -2.025396168552564 3319
-18.10989072965041 -3.607897358811805 3320
6.917927766019488 -0.7856153402920374 3321
-0.3904041831754891 -0.260901341446551 3322
-0.5342845797095396 -0.2579702055929242 3323
-0.3406903546726956 -0.1815440711189196 3324
0.1718713136104279 -0.09925736286489048 3325
3.618176953377961 -13.83938206246301 3326
0.5759584317714244 -0.112926050859837 3327
1.440374729845949 0.8399455683634309 3328
0.9552555290757416 -0.01756996971862605 3329
0.9508279899731801 -0.01547486978010867 3330
-2.48994605240309 -7.035169730112618 3331
-1.649093312187365 -6.713031371343292 3332
-1.802806285630555 -3.042028765498811 3333
0.4316748327896878 -0.2546188314832138 3334
0.4372739678759602 -0.2212652560545104 3335
0.759649237218446 -0.09303394633391011 3336
0.05220150995159326 -0.09632141848872412 3337
0.2824767975996925 -0.1068767865659291 3338
0.3100271250389528 -7.571842973746618 3339
0.8015703724199186 -0.05025340897903368 3340
0.8764341103362225 -0.0347487633768449 3341
10.23651514073213 -0.3816253888004019 3342
0.1177493007347379 -0.09079827525654129 3343
1.732397487485119 13.70621909469903 3344
0.6845866757804505 14.57585935604451 3345
1.756030877033311 0.3425228851765704 3346
0.7200156755875456 -0.06688373939084459 3347
0.3755518380178475 -0.1392257760960959 3348
0.741833598865606 -0.09060698453612814 3349
0.3531814454985647 -0.1093215913403801 3350
0.8891934532122814 -0.07715140144058383 3351
-6.046524575685913 2.292937140353661 3352
-5.825564647311095 3.075974959110114 3353
-3.89702269954368 -17.24545803611458 3354
-2.88236235808529 -18.0454263597483 3355
1.046345364250622 0.03976222185474629 3356
0.945081623446279 -0.0174356953129185 3357
0.943097040926729 -0.02066885977175457 3358
0.9419308626937923 -0.01720820043430187 3359
2.076773554669307 -6.951781237459407 3360
1.41213251270172 -0.3407239686136029 3361
0.1606482473030503 -0.09784997578333381 3362
0.5027040189811013 -1.135695570878639 3363
7.360259848754557 3.109520979257518 3364
6.647363638666143 3.596622344491243 3365
-13.46944811859693 2.181663711073285 3366
-9.334346563062063 2.858056801870859 3367
1.08643763621286 -0.3919328346802333 3368
0.05414944704172835 -0.06702320381011384 3369
0.05184827292152949 -0.06511333722026527 3370
1.008144214188862 -0.6848438761691296 3371
1.084597831049668 -0.7956449519693465 3372
-3.467121861243786 -1.377670615876226 3373
-3.03896758850539 -1.680840692802049 3374
-6.940420079682742 -1.043189268754636 3375
0.8554065031161218 -1.093600588919549 3376
12.75120464763426 -0.996854061870046 3377
-8.250526676833509 -3.81140091941704 3378
0.2416174981183442 -0.1249541302017373 3379
0.5097468268600269 -0.09583609758767078 3380
1.067849949149729 1.295858134867944 3381
0.9537612813207371 -0.01497606689261745 3382
-2.751881158058579 2.968947886832043 3383
-1.750759783997706 0.2518630592312705 3384
0.4056711955945025 0.9367509826247882 3385
0.0924339764540673 0.1758585023453278 3386
0.1268246204188145 0.183391201931989 3387
4.834201335943512 12.30101285015061 3388
0.5189569379719097 -0.1347026963899291 3389
0.01540825775487243 -0.05575824613654126 3390
0.01604702971506713 -0.05111271483729524 3391
2.36813296267789 8.618740333193319 3392
4.904835607299336 3.736181235859204 3393
5.408057885472894 3.088797599060879 3394
0.4779369495634419 -0.1320673028037584 3395
5.661283441610839 7.333730867467796 3396
9.756640863849334 7.207970097277773 3397
12.40167694961528 7.625050868497521 3398
12.78126575389759 8.892344782505207 3399
14.15125846870134 9.509964152900301 3400
0.8693068720058529 -0.0344518584642384 3401
0.1848541402187059 -0.101091250112506 3402
-9.911235465145815 -0.4073240537401258 3403
10.9939758093965 -10.31682758281122 3404
12.19203647077957 -10.82411189991878 3405
0.2226629074617919 -0.3612524545381934 3406
-10.1255812339698 -7.735334163345947 3407
0.6531135057886464 -0.07377769669763511 3408
-1.249794363082341 13.91927163880814 3409
13.20499145932869 -5.615746905620103 3410
0.3218603504379699 -0.7179597434613367 3411
0.7978672540559334 -0.07914509704074725 3412
0.4889413982143292 -0.09802224233447816 3413
0.1680996231412683 -0.1742445917063207 3414
0.9229932324425535 -0.02364475690947517 3415
-0.72818422433777 0.3340094917293471 3416
-11.07503628827238 7.394818161137604 3417
-9.938113518990708 6.959893114006917 3418
-0.03836151361050684 -0.4720750236311502 3419
-8.393996901146799 -10.43067125870439 3420
0.5947521878972033 -0.2386529542384835 3421
6.177779536196224 1.085034470650603 3422
-0.2115838422691786 -0.2039680186174116 3423
0.05760468835612283 -0.06760711127061488 3424
0.1912114289246587 -0.1017140219275527 3425
0.8566568627856667 -4.433223822346374 3426
0.7579713158927293 -0.06035300190122919 3427
0.9137425900213266 -0.03326412813000049 3428
0.9125906752326572 -0.02564409054323728 3429
1.069241797569128 -13.69786228137879 3430
0.02462315068503513 -0.06902605355496118 3431
-3.342520235943136 -8.303059379985386 3432
2.844028525226875 -3.04001467237709 3433
1.061504896566629 -0.03706105643242699 3434
-3.803939473190351 8.144798671620215 3435
0.4445799227903894 -0.09937639703418402 3436
9.950861696898496 2.797346924272928 3437
2.159442205284602 -1.63855460638211 3438
-2.605529686731187 -2.832653683458198 3439
-8.358117090637105 9.743579372947121 3440
-7.657519776112091 7.836639979510577 3441
-0.2287009434296846 -0.3642520568523009 3442
0.3849001553612017 -0.2052948703031761 3443
-5.337542893314438 -6.743885284411319 3444
12.6968462449558 12.35782751623766 3445
0.9226664158623803 -0.05779353834037058 3446
-0.3473355098595456 -0.7778414349017431 3447
0.1373562653939194 -0.1331998315023799 3448
1.17990944331458 -10.3808045720471 3449
0.04207936719073762 -0.06039902765254098 3450
0.03978768122848211 -0.05788250102001129 3451
-5.081355089231934 -12.85036237877825 3452
-5.926617600367055 -2.959514134124362 3453
0.8360013855098651 15.93231828708809 3454
0.2964331006991585 -0.238375203364412 3455
0.5547227371089128 -0.5197515432792704 3456
0.04404449388489808 -0.08343961001279529 3457
-6.531639484601702 8.340782158559309 3458
8.605139855704024 7.036335070315461 3459
-1.722427059510333 -5.919252728475078 3460
6.488820172915737 -0.2354962438223021 3461
-0.812313999759438 -3.308387257701431 3462
0.8565800512639529 1.136641606761728 3463
18.43911767326344 -2.330228269303608 3464
18.61171251838345 -0.7991518290351416 3465
1.381089615673234 -7.250613574758075 3466
0.1536126211479132 0.7232123189258861 3467
-17.74954495014138 5.441156909237399 3468
4.989850778396081 -12.05986702297617 3469
9.168374327628907 1.020065287121839 3470
-4.328161237085147 -8.675902159744732 3471
2.537001774455574 -4.391502912958921 3472
0.3628577972581033 -0.1056604394054023 3473
0.7077997405478088 -0.06996897103571402 3474
0.9089358957045383 -0.4302187426246005 3475
0.9934117197204246 -0.4299706295671977 3476
-9.73100783490713 0.608380808401997 3477
0.6898090460754469 -0.07039802526346051 3478
0.6844154315841958 -0.0714647302664445 3479
-10.80360979516263 5.349167962530722 3480
0.2483862352828726 -0.1066946669506069 3481
8.777045964090103 -4.544101861206301 3482
17.40834727451024 6.800438109834825 3483
14.28126320508496 -12.04616539167067 3484
13.7964197156932 -10.51450759115012 3485
9.490791328251351 16.05093347756477 3486
4.565838289300551 3.039157651782164 3487
0.4169335883868927 -0.1353175996796468 3488
8.155990548611394 -16.84466856327886 3489
6.78995536283394 17.40116420037227 3490
6.861075838943179 15.90181372769715 3491
0.9091078593079656 -0.02549879302929037 3492
0.1354925790124422 -0.09130172949635625 3493
0.1420604564424827 -0.09313946473805162 3494
13.92929562332399 1.141605902775139 3495
0.08209421015849473 -0.1813273516406872 3496
0.05724101485039036 -0.1900593179693627 3497
0.03030830939576413 -0.1909021158210287 3498
-0.7831621023405768 18.73390666136156 3499
-8.134483681035965 16.77836544030637 3500
-13.25437570627895 -13.23714045347355 3501
-14.00487838158663 11.80318064242809 3502
-17.39129779422956 -6.827721681063986 3503
-12.26017554976676 2.73678173504441 3504
0.9334020916999357 -0.02044309306953233 3505
1.009314614739728 -0.01855432799181762 3506
1.00257972826057 -0.02111660617812463 3507
0.9987471532163229 -0.0285027506213929 3508
1.031777533497207 3.871755776557537 3509
1.133156352610285 3.36658494516432 3510
-0.02477835058503257 -0.1994562186465186 3511
0.02947251741598905 -0.05188685777947247 3512
0.0276896533633399 -0.05007788929848545 3513
0.03170637078383791 -0.0521654929060182 3514
0.03322437145310855 -0.05422036204639146 3515
0.03574084817084416 -0.05515184154582824 3516
-0.2812310121267431 -0.2562263318786037 3517
-2.96190260365151 -0.0225397234102265 3518
0.8551577463607632 -0.03935512475181862 3519
0.8603687891531522 -0.03975108513381018 3520
-2.528926678752258 -1.722175146900593 3521
-1.59494748675724 0.6781923405297495 3522
3.984462208444303 18.3209836118218 3523
4.94311960378846 16.31376294837141 3524
0.4963221559147553 -0.09754369586662825 3525
5.252710124768978 -5.706777069082948 3526
-0.9644311584046228 6.324942427298295 3527
0.1898868444982038 0.1639790543267292 3528
-6.261781413364734 5.096989980093105 3529
0.2047024012916771 -0.1024404838392081 3530
-3.589157854155516 0.3878166164384108 3531
8.184254761437204 12.08643529945462 3532
0.6950250838654359 -3.538825901716082 3533
0.5533734294793587 -0.08545120238057641 3534
0.556193398660636 -0.0890787038747583 3535
6.948439289105947 -1.922015220133297 3536
14.75111325035455 0.03564807866613708 3537
-11.47853012493214 -5.474697376420625 3538
16.51447750270781 1.487713626692 3539
-0.9605182518277586 -1.147679317731924 3540
2.404652087840971 11.59141591886886 3541
0.03592175468855796 -13.02056931726584 3542
0.7700980810674556 -0.05144166945268865 3543
0.7690561248730108 -0.05518985591174154 3544
-11.48789893625453 11.05375226144146 3545
-3.229661719418716 7.244267014723212 3546
-3.22283286027398 6.374794906798137 3547
15.18541603680596 8.247124595118466 3548
15.81576129863604 9.61989328436916 3549
3.184930878550473 -1.412198276354531 3550
1.422317731069876 3.055866555184721 3551
11.07784358613283 5.948741478925238 3552
0.8331309476568198 -0.04664008883303004 3553
-4.465388940625237 6.443590857807676 3554
0.7634496831243567 -0.05269635594847897 3555
-0.6111814716928989 -1.850203340313435 3556
13.63492165856201 10.76429892575279 3557
-14.09914758220312 -1.955130829050312 3558
2.766415150701258 -3.615961471496744 3559
-8.772699723003996 0.8403257661794165 3560
1.014499302851524 -0.007593205898349723 3561
-12.76539063501822 -9.751388805088979 3562
-14.04390869327674 -10.31155632112013 3563
-15.17854810188411 -9.260088560643531 3564
-17.44308383942198 0.4260526571924359 3565
-18.25282137056422 1.397801745555383 3566
10.41003639461378 -3.759765250235081 3567
18.28975247868224 3.819536643953055 3568
18.5735821852871 2.316068476186405 3569
1.040272162199447 -0.9176881615623028 3570
-5.457210187374291 16.48181042018042 3571
11.83374857152214 9.783945957567319 3572
-1.164235270988719 8.617923518295862 3573
-9.85284403689483 -13.53959588500076 3574
-10.111376486575 -14.9479294469208 3575
-1.463739652729643 12.73210481329686 3576
2.090829759462784 -2.90600309355693 3577
0.5434509438027504 -0.1188931148203575 3578
0.1603813776603643 0.2203549721155463 3579
15.66330130158361 -6.966884508405792 3580
17.2418884275262 0.1817992427945121 3581
-12.43405062866183 1.598840400479753 3582
0.03684072949330731 -0.05814004259715753 3583
-1.393806368433621 -16.08330443539911 3584
8.230271475617677 6.066541429418169 3585
-8.908434673139139 -7.395345634390728 3586
-7.81267304391889 -15.32828355165036 3587
-13.952589099961 5.4453595586016 3588
5.656102878293151 6.250970681506523 3589
-1.168115353534439 -0.923469611936222 3590
-7.373923584412553 -9.876504662303944 3591
-11.75341557713537 -10.55453289658898 3592
0.1445220441952381 -0.0907028436656996 3593
0.123143536855878 -0.08627011679943666 3594
0.6422118137290056 -0.07309567956593868 3595
0.394534913437195 -0.3699997079901996 3596
3.336347502868341 8.840882867217534 3597
-2.531175034199846 -7.941824293231194 3598
-14.93941404141634 -7.966054304527328 3599
-16.8084359435979 3.230676894317923 3600
-8.707124279746047 13.12536518765022 3601
0.6679181169870845 -0.06908867334564466 3602
0.6747154972879995 -0.07288975247657385 3603
0.01400511958508456 -0.06168531289909736 3604
0.6905260989305041 -0.06585214839107589 3605
0.2303602618727001 -0.1013881832975755 3606
0.04788148864194305 -0.06024989266894065 3607
0.048657688672945 -0.06207643398061161 3608
0.1079333362880111 -0.0821286584594228 3609
0.57619311952087 0.6311211869365335 3610
0.7734012630883675 -0.05085018279624642 3611
-10.92344431764394 15.04206147373565 3612
0.1616728786834346 -0.09349796675362786 3613
13.92678091716673 4.46568656398881 3614
0.5297386389765033 -0.08764129619816319 3615
0.177838066593205 -0.1088485639640524 3616
0.1782832036956383 -0.09997430476121333 3617
2.316334818076593 1.026932650791645 3618
2.60423958126817 1.07030482067423 3619
16.3966477470443 -5.689031838435614 3620
7.460389919644758 9.737599558378871 3621
0.06300434926087967 -0.07027500842961139 3622
0.06597607669895121 -0.07093984382401727 3623
0.06811235612245055 -0.07282216709150888 3624
0.07134286515126494 -0.07282710638029086 3625
0.07023248161693248 -0.07581201396898116 3626
0.07376015433717734 -0.07522650439635939 3627
0.06121142928784735 -0.06835044815327158 3628
0.8995785665338834 -0.2363400841338728 3629
-1.43851367808224 2.89664373735611 3630
0.1212770094777785 -0.08845972794598073 3631
0.5494269982008164 -0.08589597816275232 3632
0.5482527475168852 -0.09039964803103147 3633
-13.34650187644182 -3.981723854097809 3634
5.256530833115389 -0.6046039669977346 3635
-5.222557261527788 17.89141247091955 3636
0.5376734398257215 -0.08728313980950556 3637
0.5361011463569457 -0.0915936059662863 3638
0.07226873314374505 -0.0785663032882998 3639
0.07646370737377511 -0.07827732614236056 3640
0.08053251639254613 -0.08032197785567888 3641
0.07963830515468379 -0.07614806790631161 3642
0.5686594951987758 -0.9892152810997284 3643
0.4273976015364112 -0.1059112981635949 3644
0.6339803025206714 -0.07436066805300807 3645
3.993426639181612 -1.180468427105803 3646
-4.999382821008737 10.78078460468807 3647
0.6753996186546768 -0.06780994860806729 3648
0.1283758858999612 -0.08744608966395365 3649
0.5767171951466861 -0.08235866182763042 3650
0.5785477404220373 -0.08603932980271259 3651
5.712155539840834 1.538512962293983 3652
2.01985942300967 -0.3736312357510041 3653
-1.812497073196425 -0.6103062023336886 3654
2.04128862383175 6.675229970143638 3655
0.1268722341920649 -0.6902643332620758 3656
0.01948610014548263 -0.04070115457336575 3657
0.0177847867700915 -0.04141540229050859 3658
0.01628672037770018 -0.0396796463563291 3659
0.0155874802201404 -0.04216907658238604 3660
0.01356570822680208 -0.03977697439645034 3661
0.01276152229486215 -0.04318682090710238 3662
0.01020817532354069 -0.04057555129837328 3663
0.009113243423583328 -0.04455289668050164 3664
0.006060011906978729 -0.04144150160529806 3665
0.007723151890598469 -0.03717262112796591 3666
0.00295539476739666 -0.03799180894197233 3667
0.004905357633790488 -0.03402079607362588 3668
0.0003050291997691124 -0.03389907129013649 3669
0.0008526806116730077 -0.02891834774041813 3670
0.01765289046542433 -0.04379928844727377 3671
0.01117036736313099 -0.03761175492740139 3672
-0.003709684723078694 -0.03032799206678237 3673
-0.001298143269070791 -0.02527623685568602 3674
0.008199942581579888 -0.03386920279249751 3675
0.006692021312049277 -0.03083133788670678 3676
0.00277594286494717 -0.0257124741519371 3677
0.004293155098534653 -0.02155536371201095 3678
5.67252754636245e-05 -0.02114320423516211 3679
-0.004231507593856064 -0.02185900691471583 3680
-0.001563584336988859 -0.01817335848081354 3681
-0.006762990677847809 -0.01804601485851611 3682
-0.003278846862206985 -0.01476055537590787 3683
0.0005810414601687488 -0.01244792101010437 3684
-0.01307404714108324 -0.01629222441589249 3685
0.00102182707568392 -0.04285595774408925 3686
0.004132118905372108 -0.02791983716033128 3687
0.01273907838991362 -0.04736184065008651 3688
0.007074621043868933 -0.05068132544215018 3689
0.2333163932866411 0.1345093486845828 3690
0.2481204390220752 0.1280922736652687 3691
0.2336029091725638 0.1205551212184998 3692
0.2458896658471218 0.1145203847111433 3693
0.5844806049395501 -0.08133922692245991 3694
0.9868112592056413 -0.003979231341334525 3695
0.9866450274014635 -0.005282428144741249 3696
0.9879233923542972 -0.004644773117084056 3697
0.9852240563825012 -0.005528380273920034 3698
0.9877441421698608 -0.006051808799020264 3699
0.9891184613214055 -0.005721363027613489 3700
0.9887038015056858 -0.007351464645836673 3701
0.9908574297727283 -0.006702229518219984 3702
0.9911227945341535 -0.004859961431682509 3703
0.9876614717044016 -0.003627240895405767 3704
3.105676916774916 -2.588067009180066 3705
0.02613540906587978 -2.291941479525622 3706
0.1674330630404028 -0.09482462148442067 3707
-8.133758462292359 -2.995443388296066 3708
0.2367356867911263 -0.1019431434404762 3709
0.661120037916668 -0.07100934258697911 3710
0.5647837363855934 -0.08388143545567395 3711
-4.426442050818148 12.78736376941661 3712
0.5259077496029584 -0.08866794399835916 3713
0.5241117599971252 -0.09348698988536108 3714
0.5194718887094061 -0.09339522350652192 3715
0.779925685301227 -0.04950993971284322 3716
1.83948303691083 -4.627736436206535 3717
0.1338597640624394 -0.08857276124708936 3718
0.541535636532416 -0.08689925840448279 3719
0.5728333570690397 -0.0828639453638252 3720
0.6268536936401332 -0.07578359518827764 3721
0.6229100753694482 -0.07621670513684214 3722
0.6827381290699899 -0.06661880953836367 3723
0.1502300351770522 -0.09161227290546298 3724
16.10016900648651 -9.613531613235077 3725
0.01429177830840522 -0.03550071892082481 3726
0.05302412302431766 -0.06303834997055224 3727
0.7046058217762201 -0.1086344194832874 3728
0.9809098121007517 -0.005591197660682616 3729
0.7894489251506344 -0.08446623089909525 3730
0.5180524005582076 -0.08956487618629946 3731
0.9885426554085892 -0.003512055416136951 3732
0.9892034166479874 -0.00432557235749168 3733
-5.55115401383645 1.641042289895744 3734
0.2435059688542714 -0.1017669990043588 3735
0.2817622011577233 -0.1029401383924725 3736
9.898815985680748 -9.540563860531389 3737
0.2269194293203771 -0.1012403281615248 3738
0.2250523262943641 -0.1039148238414823 3739
2.346455206831124 -1.91843105850368 3740
0.1419862236803331 -0.08997680268522584 3741
0.9923975614800886 -0.002505265349363916 3742
0.9922092781291385 -0.003331328261604698 3743
0.9930669705173522 -0.003077540748037852 3744
0.9929266692574759 -0.004167159682862561 3745
0.9941334383099936 -0.003616296393314319 3746
0.9937332927374716 -0.005257824110149986 3747
0.9952355319400896 -0.00477983851240388 3748
0.9954806295985005 -0.003273401243806381 3749
0.9964440808338273 -0.006422648212452001 3750
0.9966054960067001 -0.004169733547618947 3751
0.9986752227530505 -0.003118948931057181 3752
0.9969899507320045 -0.002517223052292923 3753
0.9982798579000103 -0.002035073689150376 3754
0.9980153161613395 -0.0007974002220324931 3755
0.9960376816995986 -0.00228767692195995 3756
0.9952512199389167 -0.00232351243527442 3757
0.9966003581399968 -0.001790779941557341 3758
1.000335276785539 -0.004593930809928401 3759
0.9923537078957452 -0.005471428697235435 3760
0.9931001178827161 -0.002256551388401849 3761
0.9911937322486504 -0.003589046530899861 3762
1.000060336597293 -0.002713528435601557 3763
1.001389197297377 -0.001259775881884274 3764
0.9997423521810085 -0.001513931322791411 3765
0.9998189772508752 -0.0001617147024564262 3766
1.003085969780691 -0.001758333384846779 3767
1.002169752299057 0.0003217429778455571 3768
0.9997470147900869 0.0003008866407992627 3769
0.9989569108795087 0.0005048620585789117 3770
1.003021236015653 0.00290058878238627 3771
1.008861874864529 0.03220839412125547 3772
1.012154564202101 0.04623942463800476 3773
0.9965041880543941 0.03829061676342892 3774
0.9917134788955482 0.02581669693799328 3775
0.9799446937294358 0.006207264330484526 3776
0.983244557065053 0.03146174018676753 3777
0.9776316126120871 0.006542715171038322 3778
0.9817679892730534 0.04750080252548972 3779
0.9676292013710782 0.0464082925528117 3780
0.9692149568071015 0.0599301410467917 3781
0.9545180556910041 0.04876377117107304 3782
0.9538042492048898 0.03505553039797415 3783
0.9551993436376194 0.01201901237718453 3784
0.9410086978827821 0.04716650477640043 3785
0.9411460768041249 0.05942272644568786 3786
0.9280880513628557 0.04860883854464799 3787
0.9062423405167515 0.02317706906772401 3788
0.9270647597169075 0.06557664351440447 3789
0.9137177506693911 0.05669235032074934 3790
0.9129961245957641 0.0729652561006095 3791
0.8987031092090156 0.06295759876299273 3792
0.8608970652862235 0.03335264158305908 3793
0.8981643747641909 0.08042548864953945 3794
0.8849706139248583 0.07165362939350285 3795
0.8827452514855147 0.08806077458200935 3796
0.8672792817518721 0.07506001474592434 3797
0.8659993559098922 0.09672967330600703 3798
0.8511906617292408 0.08593779809037262 3799
0.84821838989833 0.1060749048083059 3800
0.8355354461398655 0.03848199439460519 3801
0.8306335744936126 0.09036923348146986 3802
0.8290082329504003 0.1160614826112166 3803
0.7465352951109254 0.0556641221135977 3804
0.7362337033335742 0.0576419425134771 3805
0.7567241557750233 0.05381706837758775 3806
0.8116267730574568 0.1042570415259787 3807
0.8084649750523571 0.1271464342053509 3808
0.7880983077852841 0.1139283408496177 3809
0.7008286434405532 0.06321706287314181 3810
0.7116213989878439 0.06178931770615807 3811
0.8296963262125576 0.03991154806005179 3812
0.8557253682199171 0.03495279799085529 3813
0.9014619355492179 0.02464823195752413 3814
0.9518930237617059 0.01282425627454055 3815
0.866311558382997 0.03231226374042961 3816
0.7862967660780906 0.1390038911095704 3817
0.7681206797211813 0.1212643379048587 3818
0.8099652614246368 0.1562802006192834 3819
0.7635611789234311 0.09773900737820466 3820
0.7483744202141872 0.1100929063358622 3821
0.8120697251077964 0.08669984146286489 3822
0.744617283195205 0.1326825310578914 3823
0.7262069185575354 0.1133176044895206 3824
0.7500101673771068 0.09069648727841716 3825
0.7660554334993515 0.0833378332571463 3826
0.8510361503574413 0.06810396662747159 3827
0.8535937534414547 0.13336227895204 3828
0.774664248210777 0.1705486874030407 3829
0.8860313009387469 0.05551628536346781 3830
0.9161916477493313 0.04402305252832531 3831
0.9131248791675767 0.09094741727679267 3832
0.887529668285024 0.1108708477379522 3833
0.9397044647945823 0.07682526997410299 3834
0.7213998021298884 0.1400766304293516 3835
0.7052249003100186 0.1236145782056624 3836
0.7069740118180066 0.1022556543356995 3837
0.6909853440267035 0.1105991479062514 3838
0.6841947591914901 0.1285125156044654 3839
0.67254098972181 0.1130145299972029 3840
0.6114561203492535 0.07755432761913726 3841
0.6229154372591761 0.07589253459146345 3842
0.6649491017871201 0.1326833022740536 3843
0.6506033520907498 0.1160188917843445 3844
0.6453861721164262 0.1369798585211491 3845
0.6310674516284005 0.1224101633122255 3846
0.5695894335096572 0.08393654474594603 3847
0.6253050979644399 0.141906696968769 3848
0.6100874183021564 0.1243562768088006 3849
0.5609869094965028 0.085061229424789 3850
0.6037793585791603 0.07864584936650801 3851
0.5764309967020473 0.08299174117165768 3852
0.5845767913542729 0.08107432715317807 3853
0.6050130451444663 0.1459657240321037 3854
0.5899815726872701 0.130822078858355 3855
0.6927203555000877 0.09706266115667239 3856
0.6899507869713122 0.0657661345910078 3857
0.7108593415429604 0.08866581237209678 3858
0.6589219915358318 0.1002341894385975 3859
0.6456532208985133 0.07263316019068977 3860
0.6195302245548728 0.1067641052992446 3861
0.5841695825313844 0.1506432063602514 3862
0.5712834444985548 0.1345358868142345 3863
0.5762129549324406 0.116870884710633 3864
0.5595371337645587 0.1215872300547821 3865
0.5531198000101131 0.1369366884199605 3866
0.5413005485177158 0.1216983259635104 3867
0.5351183177626605 0.1380835606816013 3868
0.5249329804448538 0.1249606062203209 3869
0.7516889849796053 0.07743587616790683 3870
0.5997496875920462 0.1699490661511065 3871
0.639059080189804 0.1601107106659717 3872
0.9407416570665801 0.03125238389433956 3873
0.9430949666530561 0.01503914468746006 3874
0.5176566871127855 0.1388327958637993 3875
0.5099135913216278 0.1225465938849119 3876
0.9793617637848426 0.02154317075625271 3877
0.9672779276005592 0.008986224097236395 3878
0.9643751096204281 0.01020462084553352 3879
0.9698610855612604 0.008229752768853141 3880
0.5184709341365741 0.112249952147147 3881
0.50203547028118 0.1108086283501806 3882
0.4864238025601187 0.09262176156835147 3883
0.4961436644824622 0.1236010539523563 3884
0.4893657967761201 0.1120716725809753 3885
0.4836839195768415 0.1231822212170711 3886
0.477903175747166 0.114259932119938 3887
0.4711897863568067 0.1239891679407236 3888
0.4670146694252242 0.1126425615728107 3889
0.4602210982445442 0.1222264519511231 3890
0.5509384010826422 0.1095695100017783 3891
0.4553010116519383 0.1117141996997029 3892
0.4492957372663233 0.1213124512224854 3893
0.4772948429089634 0.1371548746662129 3894
0.6989499933807215 0.08007940603361288 3895
0.4443072755880633 0.1116181314212065 3896
0.4385907100412231 0.1206903678572834 3897
0.8106736790934075 0.1909581769643563 3898
0.4351439674315735 0.1117172870283212 3899
0.4285012526881553 0.1186233247226049 3900
0.4435360234750556 0.1324385854197257 3901
0.6791602241001321 0.1485613258324558 3902
0.422187315950602 0.1109673097724866 3903
0.4179708531581423 0.1193671006130484 3904
0.5369846440198538 0.1087911026702946 3905
0.5418974002112987 0.09918960910804249 3906
0.5324854100627439 0.1003261318905013 3907
0.5420160197630477 0.08744909822554849 3908
0.5518409432652096 0.09914832801503599 3909
0.593624773067169 0.1138010841282672 3910
0.5838950177360647 0.1026043563555165 3911
0.5955774426778886 0.1017095907516826 3912
0.5709535943408041 0.1044109188223065 3913
0.6342482141645971 0.1037624385141562 3914
0.6250490439275107 0.0964395563369275 3915
0.6383762027571428 0.09266735354240674 3916
0.9006909157644334 0.0478415378547178 3917
0.8904087141488689 0.0425016643466213 3918
1.00330625963276 0.01519943373400279 3919
0.5082228844484431 0.1031291918769033 3920
0.4133051332572091 0.1107775513914332 3921
0.4082737188017929 0.1190022268662546 3922
0.4038773254134116 0.1105626629482876 3923
0.3984838350858515 0.1190227199287891 3924
0.4027407762574937 0.1294831259734982 3925
0.7750158753622726 0.2104856697437269 3926
0.7875727212252581 0.09231401025279755 3927
0.9286111432269104 0.03754203186852481 3928
0.9214979609123014 0.02000609757623543 3929
0.9191275457810315 0.03176483064107556 3930
0.495608254675409 0.103711038057181 3931
0.8690377815682462 0.06261695291231231 3932
0.8560240196873072 0.05544067352633038 3933
0.6293031731483907 0.08535624537722027 3934
0.9656251517697523 0.0283688886002485 3935
0.5751216241539109 0.09420862117553806 3936
0.5650974881250825 0.09585494471423076 3937
0.5850697051168983 0.09246622260476879 3938
0.8312019979510863 0.07543984096618811 3939
0.8168254630600816 0.06754201749066645 3940
0.4865207623899523 0.1031998217204305 3941
0.7281716957808758 0.09559565326504733 3942
0.6731237238580717 0.09697932456581315 3943
0.6653296216444116 0.08852663472033662 3944
0.6753468164285376 0.08610443418185337 3945
0.6687371138650892 0.07913687268669072 3946
0.6775789907777469 0.07684955974981171 3947
0.6838213698034818 0.08271951504282234 3948
0.6854222911702905 0.07536218355467378 3949
0.659831905183378 0.07996690031049149 3950
0.3947625095006753 0.109980895812769 3951
0.389585527123478 0.1178809583380639 3952
0.3892135379041664 0.1007805316920026 3953
0.5459553650179788 0.1519773988233786 3954
0.5744633639730172 0.1750293917814243 3955
0.5926191569423381 0.1979100076448378 3956
0.6115176769033199 0.0995420173288739 3957
0.6165380637840155 0.0870154086819861 3958
0.3855813618421094 0.1090980217725287 3959
0.3809508697854419 0.1170485800502378 3960
0.6553724624449602 0.08816000718385238 3961
0.6514926613735703 0.08047215393590577 3962
0.4226125874916615 0.1295375716217564 3963
0.4775659329891072 0.1025897810216353 3964
0.4669596391588179 0.09482237917913362 3965
0.4617984799894404 0.1056698859341216 3966
0.7423967863770097 0.1584258120888856 3967
0.7142959482476385 0.166643582354644 3968
0.449831768956972 0.1061091894416754 3969
1.001093154983149 -0.0002185828599661464 3970
0.3765796539432108 0.1096532169993092 3971
0.3724695258024744 0.1166970734692801 3972
0.3762567166187714 0.1236404011026576 3973
0.3685806876749984 0.1096716831894786 3974
0.3642990050033275 0.1159490339646492 3975
0.8435712210669567 0.1684863366418659 3976
0.8466215636098985 0.2145410803650224 3977
0.5603908539786318 0.1037672899353028 3978
0.5017050427640763 0.1373231061175249 3979
0.5083865325591915 0.1533659018985382 3980
0.663430979094026 0.07441701438847192 3981
0.4389219552738777 0.1060489045720283 3982
0.4879017755234208 0.1517401284912084 3983
0.4662807504456209 0.1524989516864063 3984
0.6465384572723729 0.08926881523248581 3985
0.6430136853448816 0.08120733070060013 3986
0.6255752340982367 0.1883927354055248 3987
0.6057627557846416 0.1076597860099665 3988
0.6027262213367061 0.08976738609341324 3989
0.361428297754939 0.1087246795525444 3990
0.3565357917173599 0.1150653793478656 3991
0.3544202014688909 0.1073883266510854 3992
0.3488603547651481 0.1134915535380318 3993
0.339998151862175 0.1026422475446472 3994
0.3510769735946256 0.1217149399978345 3995
0.3415665788186934 0.1199805797805512 3996
0.3447388547143075 0.1302247252090522 3997
0.3338828188930301 0.1274887717574379 3998
0.3310957989329285 0.1163712372767821 3999
0.3233703499318126 0.1240832134260351 4000
0.3208496014717253 0.1137788627528328 4001
0.3130449011200709 0.1208346866414979 4002
0.3210952275855276 0.1035876197464036 4003
0.3146619054195633 0.1320680399083317 4004
0.3041403892142474 0.1275040906993573 4005
0.3032263080114242 0.1162573330627687 4006
0.2960277750669496 0.1032720993822481 4007
0.2944529733777916 0.1227287087111405 4008
0.2935918694258701 0.1134740114155337 4009
0.2854760987552763 0.1181687057555479 4010
0.2837475346008933 0.1292921665529299 4011
0.3372260442698072 0.1396845247429619 4012
0.3121357978055538 0.1125200423538281 4013
0.3386389324976255 0.1115116745931986 4014
0.2749352447631729 0.1232372038649222 4015
0.2762508164475087 0.1123818031035314 4016
0.2679776300596955 0.1175273020269764 4017
0.2782207317397055 0.1030533254334632 4018
0.5462360769927637 0.09170622350523103 4019
0.4919773476311172 0.09783950189273569 4020
0.4319246233158781 0.1042243944087646 4021
0.6831304314063762 0.09203067286053287 4022
0.283772317985358 0.1106009158263954 4023
0.2688433384736767 0.1111203364273879 4024
0.2642162234532278 0.1025065348105065 4025
0.2613102712818499 0.1121258000438771 4026
0.2581002853906837 0.1216721555627474 4027
0.9877399745302342 0.07323964884624726 4028
0.9687633646312077 0.081286845573194 4029
0.6588496165284128 0.186549451999631 4030
0.8794146404688019 0.1540841229284627 4031
0.5357136396772948 0.09378935783614484 4032
0.5292418887814055 0.09342634377899986 4033
0.5245096315530091 0.09875193616481989 4034
0.527050598855505 0.1067808691166651 4035
0.4692923960537776 0.1044355906343158 4036
0.2998427529567507 0.1092191665948458 4037
0.731495744933542 0.1911475268562185 4038
0.3274813791577827 0.1106430832225282 4039
0.6719414786488661 0.07350738701290473 4040
0.4251071207725324 0.104343130136816 4041
0.646224891371696 0.1009510883492005 4042
0.5689882532940875 0.08962394685368072 4043
0.5794034177673741 0.08749010657970852 4044
0.4632849299076394 0.1361088131284714 4045
0.5531945651164559 0.09212186377526192 4046
0.5543560064381852 0.08672305273143552 4047
0.558888589654451 0.09030164235832495 4048
0.2894860947918624 0.1077939380013487 4049
0.3437437330990467 0.1065913509431103 4050
-4.59794772060459 -7.136199660327593 4051
0.1736098685600572 -0.09570237310868168 4052
8.920431663200084 5.317347474501459 4053
0.4848282484213391 -0.141514137191596 4054
0.2203850983253649 -0.1002070307658408 4055
0.0583373623251463 -0.06514557286506793 4056
3.882463570279775 -5.575682765832501 4057
3.79221408696515 -6.272065974810531 4058
0.7222324286998982 -0.06001384794289093 4059
0.7244116615722688 -0.06333252415862466 4060
0.729094180833748 -0.06242908239921705 4061
0.9658813693140353 -0.009379109817642624 4062
0.9655408464577542 -0.01108068374005471 4063
0.9676392723620162 -0.01042678840014639 4064
0.9669916288235634 -0.01271405651713245 4065
0.9698647194322781 -0.0125011654012359 4066
0.9633664025975519 -0.01154844931702491 4067
-3.381777462876538 5.168278055440179 4068
0.9829948257512399 -0.005006942850729172 4069
0.749819494366001 -0.05517014295397288 4070
0.9673880693492924 -0.03469018708669459 4071
1.571202065999587 1.419320905907097 4072
1.638009439303394 1.761020542088963 4073
0.5922367560607364 -0.08030223225887934 4074
-6.694556102964499 -0.333847746805701 4075
0.3625419686191987 -0.1013445953999739 4076
-0.1624689073022411 -0.415016023514216 4077
0.3892046472517004 -0.1006339921770127 4078
0.5576299159315626 0.2044386767877531 4079
0.5838581752762121 0.2330070778021275 4080
0.7286540836379802 -0.9407229210083364 4081
0.2503780023621615 -0.1023374449761934 4082
0.112955045625018 -0.08382562050041005 4083
0.1106425334763726 -0.08604957114193501 4084
0.7567509052533211 -0.05392891131482997 4085
0.435799989097699 -0.09778276640214767 4086
-8.527109968970121 1.678055717994357 4087
0.2676653337463292 -0.1027600556414725 4088
-2.587940536645429 12.43992997137252 4089
0.1970719752988548 -0.110293404781165 4090
0.1974612856935662 -0.1020840893139135 4091
0.1559089982932403 -0.09257582458051664 4092
0.1179990826630415 -0.08507690440981411 4093
0.1161248172131428 -0.08726270672377213 4094
-2.125677698405584 -2.741539911063662 4095
0.2226345839238505 -0.136994581691749 4096
4.91182973050096 -0.1837059803938599 4097
0.9976643153000082 -0.0009046807895739148 4098
0.9975547845847551 -0.001318374630118723 4099
-3.044907430958171 -13.16907431496068 4100
0.08050639506035434 -0.07367740323507142 4101
-3.50899003700542 -4.037629277994329 4102
11.91825704834923 -8.500874147261175 4103
0.3068678504246664 -0.1032327520359469 4104
0.3048271591164192 -0.1069234693250291 4105
0.3007292804159888 -0.1073360181551276 4106
0.3474751756372628 -0.1025819823377095 4107
0.2573019927670043 -0.1023799124977453 4108
0.2588984584214155 -0.1058970047496141 4109
0.2138817237388503 -0.09977386799150478 4110
0.5101923750340691 -0.09043974902780694 4111
0.4278541794097802 -0.09825610319252151 4112
0.1796566422699561 -0.09624694322113039 4113
0.3141522445305373 -0.1032101637799562 4114
0.3663146345504748 -0.1017454165327695 4115
0.2642162234532228 -0.1025065348105064 4116
0.2747054377341798 -0.1028095887490133 4117
0.2726255719766932 -0.1070626392702567 4118
0.9849598849941391 -0.004474726506648115 4119
-0.9320291065719519 -2.415290821328461 4120
0.2853020254633164 -0.1029960286901133 4121
0.1055543693177293 -0.08197140936879246 4122
0.1035945467570016 -0.08408795084706577 4123
0.1006106812119637 -0.08329688205470459 4124
0.3399978280604388 -0.1027792854821269 4125
0.04421526137255016 -0.05836607595204647 4126
0.786422673625822 -0.04838133327210291 4127
0.7888182769785331 -0.05166148266633971 4128
0.7934692308976432 -0.05012979516563661 4129
0.7924969379350031 -0.05550795930078426 4130
0.4200485979128144 -0.09918769295605537 4131
0.3549863957344145 -0.1022586119228892 4132
0.6722691405612109 0.06853170741533049 4133
0.6761386358425459 0.07074811111397761 4134
0.728983469252303 -0.05829308177223922 4135
0.7342464475372068 -0.06271530315916163 4136
0.207305701827771 -0.09931499398761341 4137
0.9431611877846793 -0.01524628977227795 4138
0.7431113048686109 -0.05627896554467426 4139
0.7423183146686827 -0.06083551027341906 4140
16.70276205527923 -8.231239809995781 4141
0.396897912086458 -0.1003432621593544 4142
0.3951992772003856 -0.1042984441169014 4143
0.3214836709691427 -0.1031330260064829 4144
0.4123176743002999 -0.09984089934367521 4145
0.1853994893050792 -0.0972459142471684 4146
0.4046010123712422 -0.09976353245263667 4147
0.274454442841325 -0.1447415938518914 4148
-2.048500665505947 5.493389803783392 4149
0.9615287590756678 -0.01049312069528305 4150
0.9611866154718229 -0.01235320721919997 4151
0.9588529840663018 -0.0128838374709689 4152
0.197881940901806 -0.09855778426820747 4153
-3.707560053533424 -4.639147014352871 4154
0.5026609013224492 -0.09164387531463189 4155
0.2996262233821784 -0.1031186018242728 4156
0.3287946981396668 -0.1025154104705246 4157
0.2924385992309363 -0.1030774662597246 4158
1.543834226272043 -6.468880776938481 4159
0.1916283592221817 -0.09792585113049294 4160
0.1007834759890469 -0.08047993334871438 4161
0.003597744748541991 -0.02027920889778497 4162
0.3362737459681501 -0.1028742322180062 4163
0.37392302125268 -0.1015556473314057 4164
0.3815493379202186 -0.1011003485253678 4165
0.962947657236402 -0.009949237050191441 4166
0.7533648454872317 0.05455018297168224 4167
0.7557345395038816 0.05789854965849596 4168
0.7634361983039788 0.05258549681821365 4169
0.7606896929025325 0.05650046677204824 4170
0.7589155302856666 0.06183040715917056 4171
0.7647571344858693 0.06072947898916973 4172
0.7532443134455329 0.06247224779476376 4173
0.7629142230296729 0.06678475029193011 4174
0.7695397277520091 0.06545164550755096 4175
0.7707265720709197 0.05868422100596058 4176
0.7766494185767563 0.06328679707103348 4177
0.7767746693316526 0.05016737253038443 4178
0.7748876964736321 0.07079018671349505 4179
0.7829548762434908 0.06826689286204626 4180
0.7839303666742511 0.05966657838084951 4181
0.7906968334929313 0.06498137906174575 4182
0.7916996656703612 0.05684428518701342 4183
0.7980077815536719 0.06176731770984853 4184
0.7894464661425894 0.04738935953296652 4185
0.798636238519662 0.06995516632804707 4186
0.7990134824029389 0.05402792479304662 4187
0.802283810781721 0.04522616317643322 4188
0.8048483748584859 0.05858786216627104 4189
0.8057976029943577 0.05182819329963675 4190
0.8112233220902586 0.05578872770400661 4191
0.7767700656133099 0.05715230846038883 4192
0.811642118368709 0.04947446355818397 4193
0.8169008608692057 0.05299336891902638 4194
0.8176260204346174 0.04271629759551497 4195
0.7810190345888397 0.07756178612340861 4196
0.7861621354188441 0.05351917611901343 4197
0.7943340449742368 0.05121543605201233 4198
0.8165937028365634 0.0473293019276528 4199
0.8220932105623407 0.04920429082723309 4200
0.8228683172097733 0.05613269192843898 4201
0.8292148083426479 0.05148291905874195 4202
0.8297312296790766 0.0596663693326399 4203
0.8363261243153706 0.05535197968896811 4204
0.8354758071997928 0.04755378576267467 4205
0.8421373750388548 0.0505980678893679 4206
0.8412148799946304 0.04476842847038708 4207
0.8468483003837786 0.0464226186254296 4208
0.8413235779458206 0.03742405230438216 4209
0.8378705064252299 0.06582315383597089 4210
0.826654933082748 0.04631987501939304 4211
0.8445968285101818 0.05908920441781906 4212
0.8451365295318701 0.04045077040541278 4213
0.8511001701333625 0.04205052227870578 4214
0.8425193067970279 0.07521219771542161 4215
0.7600628101807476 0.05307132056182613 4216
0.8528388386392125 0.04782378852997441 4217
0.8569836154980226 0.04322801342959549 4218
0.2042749966768292 -0.09877590655756777 4219
0.6000087575339015 -0.07957539812679318 4220
-6.197321212901199 -0.9192847719239589 4221
0.07596242401119638 -0.07277753412122058 4222
2.679684500419594 12.82981774477254 4223
0.5062564380522303 0.09086897057075531 4224
0.5082533357892345 0.09583108625075167 4225
0.5143635945085165 0.09395441792889737 4226
0.5029758742028124 0.09486308461893361 4227
0.5023482274461027 0.09066462414255053 4228
0.4977350340217194 0.09691758356457843 4229
0.6645659951387932 0.06995156894771817 4230
-2.641787517930929 -4.853432873691101 4231
0.4631730038016003 -0.09584636908210233 4232
0.4610410537865376 -0.09970941681781853 4233
0.4670316562464046 -0.09505337159601769 4234
0.9700290166096369 -0.0083363473276237 4235
0.9963966387676302 -0.001275135984143852 4236
0.9413330319407172 -0.01524272896459328 4237
0.939286469083717 -0.01864552639177934 4238
0.9372892207024442 -0.01708531593382325 4239
0.9467252531111201 -0.01407287015554635 4240
0.9235991610978284 -0.01952153774087147 4241
-5.808984329391525 0.3327605533914905 4242
0.6153014775852694 -0.07713742629229299 4243
0.08472219127502312 -0.07556172819747226 4244
2.758330027059368 -5.983411014528977 4245
0.9502073039062789 -0.01323875451513934 4246
0.7362138477000492 -0.05750801190191247 4247
-16.52815063093415 -4.599917192823642 4248
0.4985083365105587 -0.0924740700744616 4249
0.9504472313719163 -0.1655054311694708 4250
0.9583558260937549 -0.01102648467539052 4251
0.5140186514796208 0.08943416157584747 4252
0.9277236418687878 -0.01857947737048496 4253
1.599628631397267 -4.2117973314854 4254
0.5255119440258964 6.208223826249318 4255
0.9977446429876971 -0.03975388925748348 4256
0.09607684520830556 -0.07910411306368635 4257
0.454658608780636 -0.09646281689494382 4258
0.9909022283854685 -0.002754177630432516 4259
0.4905294660208657 -0.09252499453656052 4260
-0.4700918329608379 0.5114420234377635 4261
-0.3619570687628834 0.6849474470209715 4262
0.3390666230828747 -6.837400519114802 4263
0.0869492666380557 -0.07626657025935696 4264
0.4787578641855436 0.09387260085510776 4265
0.3570189664418274 -0.1060365154112007 4266
-4.36095298629745 -3.266112008879263 4267
-4.947455437645973 -3.545655587121178 4268
0.9787699942688864 -0.005961097888315666 4269
0.09143203490751697 -0.07778917486073268 4270
0.3174300629114472 0.107280946497725 4271
-1.324916960580178 1.040082051936269 4272
-1.308290158540972 0.7378728519009057 4273
0.660593448091381 0.07016462908038724 4274
-5.193337591035946 2.76257972733901 4275
0.7927326045779922 -0.04657145585073064 4276
0.9568110595905593 -0.01162499282476143 4277
0.956213560678234 -0.01359644227659198 4278
0.7734190953599402 0.05085262413763376 4279
0.4826681681449762 -0.09331640753908378 4280
-4.990220570667678 4.091141358137238 4281
0.8768118930715928 0.0299905999262053 4282
0.8763872951676773 0.03321367399118556 4283
0.8819241410735712 0.02885358261331064 4284
0.8721171709546487 0.03371355848948353 4285
0.8749910459023239 0.03719499592375591 4286
0.8702193279161566 0.03810868642204704 4287
0.8736478467295435 0.04227923167191201 4288
0.8793173126094495 0.0365977654748894 4289
0.8679011462419998 0.04319705716304664 4290
0.87195530819717 0.04882931363422139 4291
0.8792235909862138 0.04741313417382968 4292
0.8645268227573804 0.03806584944811213 4293
0.8646144171479735 0.04958157093117727 4294
0.8761687174448942 0.05595071954836768 4295
0.6076339489469514 -0.07820943111033468 4296
0.9672908111951415 -0.009018298794062624 4297
0.0367036866775664 -0.05335355951677034 4298
0.990212325937823 -0.003080879302953356 4299
2.53971710061897 0.7346654239197707 4300
0.7499747881554375 0.05520035614235628 4301
0.7489722284819385 0.05928373740034003 4302
0.7475609838454332 0.06454446851150247 4303
0.7437012427109435 0.05984739266992085 4304
0.7410255731176338 0.06550562761975411 4305
0.745067539539347 0.07109930652410203 4306
0.7374824711490702 0.0716635202787375 4307
0.7344554686980753 0.06538226956623729 4308
0.7297651433390003 0.07165428802830884 4309
0.7336601618145703 0.07956239140365198 4310
0.7247431492203824 0.07864192953063531 4311
0.7213021153010586 0.07019944451540056 4312
0.7187158596560799 0.06057036995988319 4313
0.7146817203984913 0.07876711813297704 4314
0.7130151343951669 0.07074710615536549 4315
0.7077343446842993 0.0758004774503182 4316
0.7066682613086277 0.06827535128528418 4317
0.7277251333013948 0.06452491754118213 4318
0.7205983520420595 0.0875029726616588 4319
0.474963233590912 -0.09479068905669896 4320
0.006120462321343337 -0.02479742409136599 4321
0.004706899082569397 -0.02479639956425658 4322
0.003820000345723041 -0.02329026233885524 4323
0.03803857858860114 -0.05441347386727183 4324
0.4712329164989866 0.0939251692088077 4325
0.4717671003650784 0.09808577822054451 4326
1.091808662509766 -3.459080886690163 4327
-6.53473478307264 -17.44585526092261 4328
0.04112876870450026 -0.05618106381034271 4329
0.2815994029289443 0.1438452491347798 4330
1.85978521065881 -1.655698606428109 4331
0.953560864824592 -0.01241900703586363 4332
-3.746639275838157 18.26210283647543 4333
-12.42977807338278 7.101014263208832 4334
0.729184622861824 0.08648923306468101 4335
0.8896105100695785 0.02738742822871117 4336
0.8888360165378476 0.03036479882560909 4337
0.8924825785828536 0.02920367539804776 4338
0.8913291368980418 0.03336654565869721 4339
0.8957724497245627 0.03231856686787093 4340
0.8872126322778351 0.03295376845902717 4341
0.8942239824875438 0.0371721082414471 4342
0.8996783422228243 0.0358753932307363 4343
0.9005667327376318 0.03005723491577267 4344
0.9051812879475019 0.03423612008825691 4345
0.9038813341292811 0.04112090257078903 4346
0.9061658515112232 0.02936221255816689 4347
0.9099834562345114 0.03200239403544924 4348
0.9107827694454497 0.02251099738349114 4349
0.9102958481004562 0.02741520185368042 4350
0.8715060623651433 0.03069948352674503 4351
0.8918830074798736 0.02670730207990615 4352
0.4828975190334655 0.09371045240451956 4353
0.4812812994421842 0.09787636553542825 4354
0.6938904645917148 0.06508862238773108 4355
0.6925435965592278 0.06923119432853844 4356
0.6972408209671508 0.06833463347133996 4357
0.6956562194018068 0.07354479256763589 4358
-2.628822134789312 -1.067807758182421 4359
0.8908875315182421 -0.04447198198692173 4360
0.9084114278855578 -0.02288261519912657 4361
0.6531579807680358 0.0714990185029041 4362
0.6556255481639299 0.07505836491740081 4363
0.8498521593654313 0.03575992742403163 4364
4.189205821450912 -2.053524797731241 4365
0.08287236227019706 -0.07740400911026939 4366
0.5260707153744186 0.0889713620534915 4367
0.02782009099236198 -0.04782078827413803 4368
-0.1673968965091135 0.454447918268836 4369
0.8547946270144858 0.03900694862639124 4370
14.23462352151834 -5.006671701007802 4371
0.8844717211650888 0.02841891564310118 4372
0.8837832600371384 0.03130757944459488 4373
0.8801148399513514 0.03207071757837502 4374
0.7151095565945893 -0.06074293897600121 4375
0.6972771469300879 0.06421360669073746 4376
1.227311196193736 -0.7297604453655964 4377
1.336742370254967 -0.856701125917142 4378
0.7867395813149135 0.04888636901795466 4379
0.7803363889205316 0.05327947753970039 4380
0.5106146597286451 -0.2091877081098851 4381
0.48490946641451 -0.2311744387594969 4382
0.7561018091420797 -0.1787873933315028 4383
0.8689518971237555 0.03164151362062097 4384
0.02940053067867534 -0.04872608902863387 4385
0.7041878138911876 0.06359288105231338 4386
0.7928087537289251 0.04705715714631089 4387
-0.5419641939632859 -2.973986781011632 4388
0.6865160797206493 0.06565375533060523 4389
0.6827375896210628 0.06661544162489685 4390
0.6814628327514756 0.07116817823034799 4391
0.3026770555600747 -0.1113046078272211 4392
0.4473770316462516 0.09656492172314259 4393
0.8943024509096685 0.02613725136690893 4394
0.9611271167993214 -0.0150984049748178 4395
0.8054406873258357 -0.04480035877160569 4396
0.4905294660483116 0.0925249948062022 4397
0.6494161868959555 0.0721083304677658 4398
0.8636176742148001 0.03284231559430113 4399
0.8793366231408307 0.02906181554828448 4400
0.7992300341492669 -0.04632348533664923 4401
-3.416967801005538 1.668678581872362 4402
0.5180524005492131 0.08956487610674907 4403
0.5201524516861835 0.09390149651572889 4404
0.5176296102163817 0.09936090127579654 4405
0.799081030533344 0.0461499361452256 4406
0.8018952186754881 0.04916407890064124 4407
0.6421510474627309 0.07239675010403464 4408
0.6383468572569633 0.07361461237279039 4409
0.6377398527013332 0.07789152404825142 4410
0.6312698791099617 0.07869386103562381 4411
0.8388106018906631 -0.04106883968331795 4412
0.8441611599392664 0.03666836792849092 4413
0.3777376613189639 0.1014287164881614 4414
0.7154524763055428 0.06065762190532174 4415
0.7165583243424458 0.06477945151962812 4416
0.7219751443405829 0.06335636334856076 4417
0.4630422552915298 0.09518174897303731 4418
0.4651902434074561 0.09972150871480513 4419
1.511038653943442 -0.8326755896489437 4420
0.9172243754299332 0.02101036657955945 4421
0.9164572654328706 0.02405430629220037 4422
0.9198255253870824 0.02284785824327427 4423
0.9190357694160634 0.02701625342714376 4424
0.9230970541625474 0.02513511930698311 4425
0.925672221842378 0.01904140784825637 4426
0.9130345687561829 0.02432983552297225 4427
0.9142991712891367 0.02833678188612259 4428
0.4323753624396987 0.09857735288738761 4429
0.7292616366824054 0.0587562489083186 4430
-0.007233111864893634 -0.01331566480774306 4431
-0.006134008907722294 -0.008968205399395537 4432
-0.00800762164359475 -0.005111222969041095 4433
-0.004185912065557627 -0.006091185134559979 4434
-0.001127838734100219 -0.002904416839534718 4435
-0.004908995424307258 -0.002260526302171506 4436
-0.002929340890211986 -0.008906619504566032 4437
-0.008260266106856731 -0.0004232892706530746 4438
-0.0050931795478459 0.001320440545114796 4439
-0.00683277554716507 0.007064550275222419 4440
-0.000948593742504144 0.001778630074391366 4441
-0.01382796169152379 -0.002261282126552553 4442
0.1188318078501852 -0.09548994082605582 4443
0.5300222249783242 0.08855367921452043 4444
3.973942782988047 5.758626004606688 4445
0.8526374329352889 0.03508142189181405 4446
0.8593389101744926 0.03753531395615314 4447
0.8146288605450733 0.04328552333084316 4448
0.8119754373260628 0.04310995094207141 4449
0.7080090708480711 0.06303714186388695 4450
0.5455900432278464 0.08642335620223177 4451
0.8384434915933775 0.03801405781610041 4452
0.02545572107909193 -0.0459271130497233 4453
0.02368841851108195 -0.04678277218494614 4454
0.02198621145486067 -0.0449856606062307 4455
1.136308336696023 -0.4876377010516767 4456
1.075476000258572 -0.5864997359031205 4457
0.7327610635414168 0.05821183884983762 4458
0.8058186154775179 0.04431914938097081 4459
0.6152816509640936 0.07700961571865426 4460
0.613869027617342 0.08160077395559047 4461
0.6194423374444123 0.08047877595006046 4462
0.6084626164301732 0.08183812742918167 4463
0.4393136675080047 0.09732482340160777 4464
0.8329652851054009 0.03957479764864331 4465
0.8324428875388217 0.04322413318506008 4466
0.7396698081308107 0.05690644052287924 4467
-0.4439503566199477 -1.613759808071445 4468
0.8582165895962964 0.03385719699548283 4469
0.3701225548685132 0.1017780048861501 4470
0.9127415753840588 0.02169552905304685 4471
0.4516644989610358 0.09574609242990362 4472
0.9954505267331635 -0.001690998724265164 4473
0.9948189321936184 -0.001811341307933767 4474
0.994551175357186 -0.002669130197352486 4475
0.6267270409826559 0.0753477958025201 4476
0.6254229910164387 0.07993703965585919 4477
0.6233238309013068 0.08724543929271644 4478
0.5654225612311675 0.08480613011330249 4479
0.5638767603602581 0.08912957869286557 4480
0.5737262396723438 0.08684022869323574 4481
0.7430172537274136 0.0558082788185679 4482
-5.306888643489059 -2.551518384513689 4483
0.01741013000103196 -0.03856689270572669 4484
-5.705131905844817 3.871279438603819 4485
0.4588603436706092 0.095161214947169 4486
1.685999371789426 -0.7436710131643162 4487
3.812381059498777 -12.10510802361209 4488
0.7218894132362861 0.05957309808475569 4489
-0.1457180277539518 -3.637743627212803 4490
0.3990293223948507 0.1564378170722807 4491
0.4232945186503858 0.09981633482635741 4492
0.4192510742733903 0.1040616906815515 4493
0.9193326523709907 -3.93576907220973 4494
0.3625497398868529 0.1021323277950631 4495
0.8990940837871322 0.02511448275732177 4496
0.6064584883771299 -0.08223934709559393 4497
-3.118410645493356 1.209277520496362 4498
-6.664215651367275 -4.837789888254042 4499
0.826720666185858 0.04045437041115653 4500
0.3100912838744106 0.1037288780428184 4501
-0.01148628054685419 1.897073962778257 4502
0.7003607101389167 -0.06415900693739857 4503
12.17701754284967 -14.22554198823985 4504
-2.566132892870367 -0.05824008954118699 4505
0.6790520485584182 -0.1864375663990837 4506
0.9194013417832099 -0.02061863056538999 4507
0.9171249027824407 -0.02143534491617798 4508
0.9937741595979405 -0.002596805274338383 4509
0.6189791840701693 0.0759357399232999 4510
0.6304773878934615 0.07424405438926275 4511
0.3853751490690976 0.1009029948626729 4512
0.0115854273960766 -0.03229965230177616 4513
0.0105919551951907 -0.03370927127386993 4514
0.01218278274773978 -0.03535173018589832 4515
0.3362764809153374 0.1029133429975532 4516
0.5376962882093995 0.0880382498292064 4517
0.8206821970293229 0.04194946531029128 4518
0.8230568183941848 0.04454306613665972 4519
-0.0002487864352161119 -0.007506723990453522 4520
-13.73196228978392 0.8255438329701776 4521
0.9084358157587222 0.02305489439460678 4522
0.3511724484904573 0.1421447806577062 4523
0.2922523134468007 0.1035304833227873 4524
0.9235490836985659 0.01978009214439185 4525
0.9250458012618332 0.02192059699580547 4526
0.9282544599109053 0.02079022347670924 4527
0.9272741816046204 0.02442288207897506 4528
0.9309956562603809 0.02334848485148267 4529
0.9340313849328085 0.01750869313249692 4530
0.9303004832729695 0.02766134172177548 4531
0.9342277248048063 0.02508524981635319 4532
0.9338443248067898 0.03119889363489188 4533
0.9435753335727117 0.02467289792450798 4534
0.9376853474026624 0.02162109865460299 4535
0.9477815403228942 0.02942084454679661 4536
0.9485863258372841 0.02178944458102183 4537
0.9538060230792873 0.0262756140089909 4538
0.9543175706843661 0.01936597391735989 4539
0.9444278477648957 0.02002006736147993 4540
0.9498925558014364 0.01794276002740744 4541
0.9594365167293196 0.02342397747882598 4542
0.9595358067273403 0.01677429177067567 4543
0.9582997980421641 0.01143440205348288 4544
0.9641474507332545 0.02026370375131013 4545
0.9644653516296029 0.01528390755825207 4546
0.9685699368305639 0.01803621869998128 4547
0.968704025317755 0.01337815088150408 4548
0.9726912473662934 0.01568809413508886 4549
0.9726904057161447 0.0115582710797677 4550
0.9760879829108476 0.01284033929952141 4551
0.9554405066293596 0.01578742607406188 4552
0.9750484678459921 0.01026354469175031 4553
0.9791376566067048 0.01064889831568741 4554
0.9797796715080533 0.01497332200403285 4555
0.9828961444830974 0.01113713668429297 4556
0.9842248654627401 0.01650512362818607 4557
0.9876903390539616 0.01164878502572151 4558
0.9852958753667227 0.008286416188871812 4559
0.9909736313422972 0.009152270971972045 4560
0.9924087110808348 0.002701218127111276 4561
0.9906349779715278 0.003063895445530237 4562
0.9931745575114508 0.012510377465138 4563
0.9944788077362934 0.007878058197036982 4564
0.9904581139682396 0.004401601690704061 4565
0.9885134686796015 0.004963494731416698 4566
0.986589248086855 0.004129709493738033 4567
0.982958526287925 0.007760445327510071 4568
0.9829162881991579 0.004926433948048166 4569
0.9919926928964634 0.003974622685355997 4570
0.993393370642909 0.003503006407548047 4571
0.9862981204495214 0.005820243323200988 4572
0.9844809742209728 0.006317853256940124 4573
0.9815704849798228 0.006465090645137084 4574
0.9807292813050119 0.008261054483845426 4575
0.9897882373028788 0.01763207309580673 4576
0.9616309615352202 0.01368432604427608 4577
0.9337329227085609 0.02062524227501222 4578
0.9932697322199338 0.005293978334331437 4579
0.9953491263952564 0.004600031158059628 4580
0.9957069594327002 0.001457107753297852 4581
0.9984022195162743 0.006578837867912219 4582
0.9979691160111416 0.003705594013293154 4583
0.9735413078662936 0.02061897661191581 4584
0.007578467252552224 -0.0268743368278161 4585
0.006386197992316847 -0.02845243517097853 4586
0.927720891655848 0.01856566118761881 4587
0.6796592266788197 -0.0735386873706971 4588
0.599927617838814 0.07918674606204265 4589
0.6030495099978987 0.08329351728142853 4590
0.5970905186102562 0.08377540828056931 4591
0.5964829459105206 0.09222632078300977 4592
0.5913148214312571 0.0867775040871429 4593
0.9037692645785889 0.02402953158056602 4594
0.816969690434448 0.05970610105221004 4595
0.290387843493323 -0.1073416903858608 4596
0.9318983684542526 0.01811257313194317 4597
0.9361323565812966 0.01883431670327531 4598
0.939290537303288 0.01890046518475558 4599
0.9399123291056832 0.01626609557290372 4600
0.2538756248311677 0.1021223560408736 4601
0.2562511311099928 0.1069008600714966 4602
0.2609448142663655 0.1054998813628514 4603
0.2505831958811575 0.1056983768047564 4604
0.2531214205490518 0.1130486444255962 4605
0.2441946546750622 0.107959054195609 4606
0.2366706105402902 0.1020199776668449 4607
0.2426760912931027 0.1040178620106428 4608
0.2387696990815244 0.106539662910969 4609
0.2331047523355315 0.1055047929245975 4610
0.02062935721817071 -0.04173312011389985 4611
0.02011038814724453 -0.04357521985509571 4612
0.01940889002474026 -0.04608603104485666 4613
0.1794596155472915 0.09601353875099099 4614
0.1805510902115734 0.09962916522756922 4615
0.188248735455217 0.09751542591663456 4616
0.1765384612775317 0.09840887637870151 4617
0.1715334524915023 0.09942781212145416 4618
0.1771379678147649 0.1039185790494664 4619
0.184598888706635 0.1053832244796022 4620
0.1851420054889453 0.09958052115076789 4621
0.1893992688040707 0.1016691130841965 4622
0.1797260489337834 0.1136330690279604 4623
0.170171665475839 0.09564093842776955 4624
0.1668190236893518 0.09876460676473853 4625
0.1613662527830995 0.09769724225730796 4626
0.1626980543938105 0.1041789807664247 4627
-1.87883356498578 6.160879549575354 4628
-8.267053520521209 3.317097403130957 4629
0.2074696407412764 0.09909345646663147 4630
0.2057614518176692 0.1032542423036173 4631
0.2108068198672409 0.103048497473249 4632
0.2007863080195365 0.1019286371610905 4633
0.2022355960536493 0.1068125620661498 4634
0.1977246303486719 0.1061731020725719 4635
0.1989119421721063 0.112766474940285 4636
0.009973639955647966 -0.0355429160615266 4637
0.1011960278664064 -0.08655958497462315 4638
0.6076004700490244 0.07752079998589856 4639
0.3176877497241953 0.1028490832393071 4640
0.3437235178665529 0.1025419213728419 4641
0.4130057659703035 0.1036788699372939 4642
0.5939390463711989 -0.1962472625750211 4643
0.6354722130296223 -0.1877506486931153 4644
0.1617674426141968 0.09350752255788679 4645
0.02317205093269055 -0.04354194226047325 4646
0.9192970728262048 0.02023291681592255 4647
0.009069460749174221 -0.02907226549875589 4648
0.9739163928427416 -0.007349101004628722 4649
0.9738995919230181 -0.00937076366400893 4650
0.9748266618314507 -0.01172057972159455 4651
0.9715977150346742 -0.009301268089277923 4652
-1.152675854920406 1.377502772912271 4653
-0.8734125775484952 1.583038893946222 4654
1.851738803046151 -0.9335532350925058 4655
0.808669500265303 -0.04428614369644052 4656
0.8079632427876305 -0.04787946768561918 4657
0.7418301551078832 0.07879757927617008 4658
0.1264987442068587 -0.08971932289544236 4659
0.2334434193528748 0.1119225311067909 4660
0.2277991581483149 0.1096197234918544 4661
0.2236574505488773 0.1004008779936584 4662
-13.67847545015021 6.708643631342612 4663
0.6908670551519593 0.07904656312215474 4664
1.263891201473648 1.05765274123831 4665
0.2995539475034441 0.1033004116744698 4666
0.3068081595820867 0.1079999997849768 4667
0.7657303860586668 -0.4655262043077584 4668
0.4010195785034443 0.100282738119729 4669
0.3993699196074805 0.1048108557418411 4670
0.4044947358412703 0.1039307198518499 4671
0.3288091571824225 -0.1160651465703215 4672
0.9450958168316996 0.01465226261388808 4673
0.814465992609831 -0.04306243942135794 4674
0.708084192983907 -0.06256527823473157 4675
-2.698558308817053 1.972032672924838 4676
0.361727766205294 -0.1425911324084561 4677
1.866053931325243 -17.04110982110774 4678
0.9713622046251431 0.008035191877235882 4679
0.9904910535568985 -0.02574971372969282 4680
0.5961669067251851 0.07941767775420683 4681
1.332068507901424 -1.637379994311263 4682
0.9535794376941278 0.01249738803369842 4683
0.9531206059723917 0.01444209978114433 4684
0.9570887140618489 0.01344269336534766 4685
0.4376960705640669 -0.102046470198531 4686
0.3325620276954913 0.1028154087058064 4687
0.3345066433054274 0.1069495896958916 4688
0.852270878867419 -1.673998825505326 4689
1.009259494285369 -0.02623163035581446 4690
0.2747569552564074 0.1029418321297285 4691
0.01633668258471043 -0.03754472473581412 4692
0.8208957085131523 -0.04196044956566805 4693
0.8200561921515819 -0.04563009249136041 4694
0.2011176433956726 0.09846873217479178 4695
0.5810992674231361 0.08255717852556745 4696
0.838368444281297 -0.0376811108930441 4697
0.2608329462345962 0.1018168684652456 4698
0.1037288737009152 -0.09062984412674577 4699
0.01634843023777675 -0.0467616779246917 4700
0.3930559461559016 0.1006366192432017 4701
0.3913610255316862 0.1047414601481878 4702
0.2888724431300146 0.1030418080807761 4703
0.0107605134219455 -0.0310097412188025 4704
0.2944370382029301 0.1071601886666689 4705
0.8269969755464984 -0.04138241160515708 4706
0.08147003148324795 -0.08457735006675043 4707
0.9657453771055529 0.0119790797554892 4708
0.2086796702151848 0.109821302968374 4709
0.2156078983979143 0.1077208457235268 4710
0.2335431881212198 0.101052617070565 4711
0.5467095691864955 -0.09561669378045889 4712
0.1855348387541418 0.09655507109616451 4713
0.8326224817770417 -0.03951232959698015 4714
-7.350863854583813 -11.28991316270947 4715
0.002758264501840644 -0.02154907416728712 4716
0.002073252899893908 -0.01978030265124576 4717
0.1765736891905857 0.09537483793932966 4718
0.8470236382059685 -0.03624967268077327 4719
0.3067487753728109 0.1031534174119217 4720
0.9596996713747651 0.01089009229745444 4721
0.9634180041905003 0.01207631243786993 4722
2.879793757152212 -1.263330295503212 4723
0.02165644858900177 -0.04751627372796234 4724
4.332743620137396 -1.613719084228215 4725
0.01350469365141468 -0.03427975284091078 4726
2.256830485262968 2.679920372425089 4727
0.2203933126547282 0.1001573188415012 4728
0.2208042337310997 0.1042899305202093 4729
0.2265047764666082 0.1042176704622177 4730
0.2222029883319968 0.1101387076326607 4731
0.226456871602919 0.1163505263487256 4732
0.2173085961623269 0.1169714447209711 4733
0.9318092031165142 -0.0179471042291984 4734
0.8410457210241395 -0.03801403925760082 4735
0.2504340254325197 0.1017672630173064 4736
0.9686756602211049 0.008677828510944148 4737
0.9700790625147736 0.0100612608864785 4738
0.9567157939278422 0.01147903121249121 4739
0.9308943807380793 0.02024543550900816 4740
-12.96323475282042 -1.587080704627871 4741
-15.95441120679726 7.121717009179328 4742
0.1980369588068687 0.09820988275288253 4743
0.2659533886368694 0.1264555583016669 4744
0.210794647879456 0.09899308165658344 4745
0.9763079110289603 0.006867397702769636 4746
0.9770157360253384 0.007804748662454008 4747
0.9755288447309737 0.008338448265340649 4748
0.9751513960147903 0.007024608862543153 4749
0.4045966302876287 0.09971636930344438 4750
0.8608970652862249 -0.03335264158305838 4751
0.3549027961508697 0.102165513807674 4752
-0.001040739918548917 -0.01555177878224089 4753
0.5883873066115783 0.08171704792225272 4754
0.02575330219006533 -0.0481987312776324 4755
0.8498546685635615 -0.03571555764234444 4756
-0.06141315591012769 0.01555356722414134 4757
-0.06589944422858167 -0.00886277346243464 4758
0.6137239924118665 -0.08119632777030025 4759
1.760688219452656 0.04091739387406203 4760
-4.870952491901651 -11.7306435129765 4761
-0.04597797495040372 -0.1324073487777251 4762
0.855496708247952 -0.03496429498195448 4763
-2.716412906078545 17.16816808085056 4764
0.7247175557140288 0.2386903580290165 4765
0.868831503608015 -0.03129093594247383 4766
0.0893855498908994 -0.2458563634967279 4767
12.08536382628449 -12.43007626773221 4768
2.172954605561052 0.7815926049367621 4769
0.3251670214394515 0.1029506457122593 4770
0.2138970308943398 0.09963704678391848 4771
0.8636310718825799 -0.03290482112280991 4772
0.1921441720854665 0.09796822043824516 4773
2.570736979569546 0.2804752563400094 4774
0.775527917934372 -0.05300800491882112 4775
0.2677045574837122 0.1026140449860199 4776
11.36276088666679 -3.465119281993699 4777
0.1572028611520442 -0.1055211666659722 4778
0.01007110692899767 0.1720326864089157 4779
0.9131321016431699 -0.022422040149891 4780
0.8461639782411985 -0.03954421158163293 4781
0.8817505516813378 -0.02906167831970432 4782
0.4143367678252425 0.2659067288954359 4783
0.4123305528966087 0.09921084571905608 4784
0.962893219906762 0.01022754591315444 4785
0.04745229672827397 0.1471386439108419 4786
0.5587454215244411 -0.1941423282764438 4787
0.01487084562850801 -0.03812444897500413 4788
0.2170127179896358 -1.764092623156468 4789
0.2269585095434432 0.1006350433490157 4790
1.470324926428348 -0.2293013476920506 4791
-0.7024158667851386 -1.202272226918344 4792
0.8715942578307622 -0.03108050496385302 4793
0.7677464066275906 0.07311384945974692 4794
0.8006949609467346 -0.1780526551840421 4795
0.8293768297687746 -0.1653966195188029 4796
0.8484251430347263 0.0519882222018453 4797
0.7385955556271823 0.0609629863420823 4798
0.1589256863147457 0.09383794546265314 4799
0.1566182508534965 0.0971987325534085 4800
0.1486205835551123 0.1010758168830845 4801
0.152014201182438 0.09564500605795373 4802
0.903721612277135 -0.02448469893654214 4803
0.9061368633212452 -0.02709787797922106 4804
0.9024154390049637 -0.02777988328612371 4805
0.7049611002542737 -0.1845311040868093 4806
0.8770791527423119 -0.03061366354439226 4807
-1.479343409028869 0.2359414208647182 4808
0.8844520879837769 -0.02849402896638281 4809
0.9334465808995459 -0.04952791433085932 4810
0.8989523834022084 -0.02492779952160172 4811
0.8960779011127247 0.02847997870770671 4812
0.8968279987266226 0.0424562490437731 4813
0.9086010584052284 0.0481891534676441 4814
0.8894623609211381 -0.02739336671046233 4815
-14.31011606129042 -3.192103922293082 4816
-15.38209873608748 -10.68603442189167 4817
0.6881732122942379 -0.1005056583266568 4818
0.04394656003832537 -0.1024387627144822 4819
-0.001114841324807288 0.002867063982324058 4820
-0.00218680383585181 0.003807493466608373 4821
-0.002058355718571459 0.005732986561637623 4822
-0.004261642747189148 0.004461020497960222 4823
0.8943473690521035 -0.0262831915402393 4824
0.7246649394853313 -0.06853547000147048 4825
0.8835559268436184 0.04093766895285799 4826
0.9931627697948703 0.002312004632982701 4827
0.7864882049876766 -4.975841015956171 4828
3.230885806943864 -0.7353730731230758 4829
0.3026399918695713 -0.4080632224060368 4830
-12.59288650563387 -0.618506528527659 4831
0.1530020761873865 0.09201618765779601 4832
5.804115435033532 -1.964373622824897 4833
2.504888522234183 -9.078625259295743 4834
0.005078823203931522 -0.02247358372682235 4835
5.74896379489093 2.432753146562808 4836
2.159874868208726 -0.5514149584080521 4837
0.9660662083872312 0.00978359244415972 4838
1.166576738089011 17.28477020427483 4839
0.4731969626828262 -0.1227894489649741 4840
0.2716738110010784 -0.1342336967458093 4841
0.8683844581281792 0.2792181604904113 4842
0.2814554727369878 0.1028674150821894 4843
0.2801699235992775 0.1065594759810271 4844
0.3495230403407201 -0.1058875647624733 4845
0.7242759696288436 0.5949583975412942 4846
0.5359547461986873 0.5252397332705334 4847
0.5407118849707609 0.09203450770083466 4848
-6.680804879425456 7.371717715915439 4849
0.1116026781399645 -0.9062906767200405 4850
0.9365571960573427 -0.02054138159311393 4851
-1.312707216438366 -0.6600764930049592 4852
0.7667872643779645 0.05208674042596798 4853
0.765894169648534 0.05585719163193995 4854
0.9786888493219977 0.00612061490844253 4855
-15.9579747503594 -6.962274587990584 4856
2.28578990946132 -0.8252110998779228 4857
15.16151190764349 4.715871294499445 4858
1.023924781763534 -0.008330149213619032 4859
0.8961805074465792 -0.02866523740463586 4860
0.991605830306807 0.002767398568147865 4861
-1.328383860092858 17.49360059620241 4862
-1.656928819573836 -17.4963845999676 4863
1.051721199098371 0.1023935618714221 4864
1.010431680642084 0.06849516332418991 4865
1.362434552514146 -0.2312758106230836 4866
0.6352132145980924 0.08404913666901807 4867
-1.05479271616931 -0.6954458462698683 4868
-0.09519218544817445 -0.0604045896838319 4869
0.6494053807598096 -0.07264141987158672 4870
0.3160164779681064 -0.106864120100436 4871
0.001972678182744568 -0.01584465062246075 4872
-0.0002436071403578658 -0.01388099756482169 4873
-0.001193885299573169 -0.01218887374609414 4874
0.8628858555133866 -0.0360585962079241 4875
-5.536744917880653 -10.98763674706963 4876
1.018738391846058 -0.3592992544503887 4877
-12.45097273902801 12.04804539165547 4878
-0.002966686834167315 -0.0001818399700376265 4879
-0.002508952874987044 0.002094361552600231 4880
-0.002329160443514497 -0.001948359938112267 4881
-0.002656120299068713 -0.003843260469135999 4882
0.969784179299487 -0.01006674665379432 4883
-0.5418590142485105 0.2390496587151114 4884
0.94471070762109 0.0168958801866473 4885
0.947153165861399 0.01604531558691508 4886
0.9538014728969932 -0.0208710260232223 4887
0.2066685247813503 -0.1356874723872454 4888
1.135946920184623 0.3508975368837524 4889
0.6732815323445793 -0.09508188370423969 4890
0.3513848455774574 0.1029373088100772 4891
0.2745178745940445 -0.1582745341387644 4892
-4.278622218786581 -4.050768702108646 4893
0.7013166467617157 0.07231575069426022 4894
-9.728952846099187 14.13975022255496 4895
0.9763974503531989 -0.006777370169344468 4896
-9.46465271349617 -16.1900922515671 4897
0.9677580435244961 0.010477689429302 4898
0.6481293643381504 0.07624407045430637 4899
0.07669259197138321 -0.07511795656890327 4900
0.8514240324935245 -0.06360305886860587 4901
0.003334669232009072 -0.01912823436780443 4902
0.002118842416501203 -0.01698994326897342 4903
0.001026358636184371 -0.01850754858209151 4904
-0.003902844098366075 0.007745422163913281 4905
-0.006162245680980853 0.01076632563862592 4906
-0.0113059250097784 0.009445036008897019 4907
-0.002943069346245635 0.01025948359435365 4908
-0.003517293704783052 0.01366256765034911 4909
0.0009149983332383432 0.01338488966321974 4910
-0.001675186302617538 0.01716431144761701 4911
0.001294435934857382 0.01473313192152064 4912
-0.0005266723129337491 0.01465751178312973 4913
0.0006431947172903298 0.01625853170973224 4914
0.001301265513967507 0.0183164239237651 4915
-2.588839419420956e-05 0.02271493023599676 4916
-0.0005464465895342303 0.01272507745252385 4917
-0.000874159315620199 0.009915290351244759 4918
0.02007288780461006 -0.04971138350005801 4919
-5.789135696270931 11.60797255159566 4920
8.583627647257284 10.02791812534517 4921
-0.001285655653330267 0.0006895874486241367 4922
0.5398093537595421 -0.4449009744593796 4923
0.1444624874288103 0.1087577824012711 4924
-1.854214980473417 -8.321416634779073 4925
-12.2268344914228 14.22886975418447 4926
0.001097784245221096 -0.01349089560296494 4927
0.1318153315955045 -0.09093038445956841 4928
-0.0009430327191530048 -0.001799127509608615 4929
-9.710195052800461 -6.697819184306993 4930
0.7034861192362932 -0.396943021457747 4931
0.9506475701542547 0.01511906282096852 4932
0.3283538916670979 1.570784539949925 4933
0.9983556046344997 -0.0007050477373337382 4934
0.9986256115933975 -0.0009910388954776344 4935
0.9989684951727249 -0.0008151024614653003 4936
0.9990711776874679 -0.001308290065430022 4937
0.4780751746573489 -0.09867444923138174 4938
0.2090467064497883 -0.1028198382393621 4939
0.8622769586424572 0.04323230087763318 4940
0.836642953290807 0.04170986008249514 4941
-0.001002158090720134 -0.004277532151995814 4942
-0.001893845438311506 -0.005507884850050237 4943
15.05213863748876 10.86501072374153 4944
0.4467650045476469 0.1011204062720072 4945
0.1686528644571538 -0.09815574202878485 4946
-0.2638981552325083 -0.002986037474834047 4947
-0.8091820067485103 0.1743134475188182 4948
0.3570150237236525 -0.1161768035861942 4949
0.4945072258941295 0.09275503207082966 4950
-0.0005206640533845275 -0.008776274384348619 4951
0.3594239150214918 0.1235153266174365 4952
0.452111607491864 0.1002471516565759 4953
0.9875405703974411 -1.884765651959071 4954
0.04605246023386622 -0.07675666652781127 4955
8.211448276621471 -15.46620987620831 4956
9.681886544335553 0.2787083508341185 4957
0.2778859121231212 0.3739596613363865 4958
0.9455247270204541 -0.04651983173190333 4959
0.8863209007499473 -0.03090799728786827 4960
1.166513146693513 -0.1470994402431933 4961
0.2957126634342604 -0.1067762942539294 4962
-0.07500196405889148 0.04115218730114047 4963
0.03123415441185664 0.7707821688413516 4964
0.6111141847132431 -0.8681245660044244 4965
-0.0005770722058705341 -0.005322651977543245 4966
0.3386054756527991 -0.6191031293734481 4967
0.7799214022734141 0.04952211547701945 4968
0.342018514763421 -0.1064099484961295 4969
0.9984943052968043 0.01105436624914627 4970
1.002980618710513 0.007806284123282221 4971
1.01040402306297 0.0111751434449777 4972
1.015232347900241 0.005500462729237513 4973
0.344237001387943 -0.3017500508499547 4974
-6.869788534000509 16.01794756029236 4975
0.2154261357381494 -0.1029686008005115 4976
0.5647833458996255 0.1536860553662535 4977
0.8065618716545251 0.04753325290112369 4978
0.8350835290088692 -0.04261843586550949 4979
-1.279728732349755 -0.3963265028591756 4980
0.7826349624482115 -0.07839032134037523 4981
0.7810579045167477 -0.09009896570914017 4982
0.5922575091191524 0.8906966961007818 4983
1.436216566470394 -0.05733835980753715 4984
0.2951520245614382 -0.1557773392049951 4985
0.138664905583616 -0.1054878994527794 4986
0.1485213271882907 -0.09398895949929854 4987
0.9104948535851168 0.03878866471491975 4988
0.9307191440449228 -0.1141015273582913 4989
0.4933609006180716 -0.1014509091450774 4990
-12.9774608696879 -10.99590856817611 4991
10.93472493249944 -0.996105975722664 4992
0.7369915508263218 0.08877969366560773 4993
-16.05860460371652 9.649519373278437 4994
8.541698016151082 -0.4572770372321741 4995
0.9415572469188742 -0.02405481267106221 4996
0.4437234330750001 -0.1925314746521088 4997
0.502471808903133 0.1008767687864214 4998
0.00306158567135005 0.01907910249313782 4999
0.001823709596270379 0.02053229917498917 5000
0.002941451348687417 0.02239745181834125 5001
0.002019333899166024 0.02540430160679234 5002
0.7381597739844388 -0.06110414271775407 5003
0.3866071131177311 0.2353157662684609 5004
0.4107317481522388 0.1400001707976004 5005
0.3967252322237462 0.1398857643717855 5006
0.3902468738039572 0.1301874661086652 5007
-3.830363914644891 -0.06025067488407006 5008
4.964078370499665 8.24910043725126 5009
0.5077879456092701 -0.1259856115755934 5010
0.4805006861116685 -0.1854883564915665 5011
-14.94927906831671 6.301172452274917 5012
-7.55166790813915 -5.162386731405245 5013
0.2962371595380736 -0.1162371611576031 5014
0.000799783015455001 0.01225065509986529 5015
0.4041792313082084 -0.198507840860581 5016
0.04533196207514906 1.595249099422884 5017
0.2238163637298184 -0.1778754767200504 5018
0.967264337346587 -0.04247687968185523 5019
1.001209434878691 0.002037734139675145 5020
1.000710255993731 0.0007092813085855388 5021
0.9994926174118609 0.002196578382461393 5022
4.06661127704836 -3.301185351832038 5023
0.3080028774411721 -0.1156840563976009 5024
0.3616489916047488 -0.4067141321502108 5025
0.3215249570372948 -0.231911455362776 5026
0.9501902100298181 0.01326322269569846 5027
0.6983564017771835 -0.06824627230723326 5028
-0.7954036010169722 -1.030262506500267 5029
0.5951260638508146 -0.1718495528484774 5030
-0.9319036716295725 0.07595419000359738 5031
-17.20709291315223 -0.8646125583950657 5032
0.6658900806552899 -0.1037113477851939 5033
-9.185105724042195 -0.9959168128060971 5034
0.5611206497072411 -0.08368270001836325 5035
-0.7390932471319586 5.698021539585746 5036
0.08955069130250999 -0.07971981112915558 5037
0.001928925902792508 0.01572784068579053 5038
0.9878144926217478 0.003726512126211557 5039
0.5108932739113624 0.1803825476789858 5040
-0.2459535853558323 0.3562822875777252 5041
0.9442485161077195 -0.03788743139661122 5042
0.4555133276271128 -0.1224842250991587 5043
0.4554532253336842 -0.133244189757255 5044
-0.2484610291104979 0.2181812566173684 5045
0.8682383253978414 0.03480818159290834 5046
0.439027144715036 -0.1239215113950286 5047
0.4382745669892804 -0.1337263324076937 5048
0.5197152487602533 -0.1838712070316229 5049
0.2716192564010979 0.1063124206671281 5050
0.9792078122069295 -0.00716096685153197 5051
0.7003917655513128 0.1464276815871522 5052
2.459172523291862 -9.93656536850026 5053
-13.96494607337159 10.19741853868884 5054
0.8356968130286551 -0.05124926393744306 5055
0.7723550181149113 0.05439017935039368 5056
0.0001059975337107344 -0.01112600306148755 5057
0.09403828991212122 -0.08138844214924498 5058
0.4151951367113674 -0.125765635379787 5059
0.4233175381803652 -0.1259776557336237 5060
0.2522388655219797 -0.1053580940217632 5061
0.6340666445371504 -0.1010475302324087 5062
0.6325005127697191 -0.1665294050635565 5063
1.166228452046227 -0.03762387212571743 5064
0.2185077411437802 -0.1260317911689776 5065
0.01187214112207275 -0.05231198465464078 5066
0.9734436338743389 -0.03111977196256448 5067
0.6035639140297275 -0.108712253483997 5068
0.5914545680423412 -0.1216377261038942 5069
0.5701603562278265 -0.1203913404928361 5070
4.258905351803884 6.59352127278779 5071
0.3990755371357631 -0.1295255563313881 5072
0.3959981398927292 -0.1383740554857547 5073
0.6181917867679856 -0.1039904148517605 5074
0.3733963198280657 -0.1297389842093191 5075
0.5850171560897326 -0.112805116890389 5076
0.8803146892448876 -0.03246958399280283 5077
0.1443102558208537 0.09085779450364387 5078
0.1464688280592399 0.09477615674523018 5079
0.1411655916341305 0.09879211189007304 5080
0.1336545708173619 0.09746296904661091 5081
0.126893451496431 0.1011911792794911 5082
0.1222935519243371 0.09446128219627398 5083
0.120314239443417 0.08578255643240298 5084
0.1128038322955374 0.09173120009649982 5085
0.1070725804847631 0.1004577800211143 5086
0.1052765884773288 0.09068726280079337 5087
0.09731918016574169 0.08811881607354177 5088
0.08910544935490085 0.09371071475261142 5089
0.08309040728252551 0.08527031351888963 5090
0.07705815999661482 0.08139391581755268 5091
0.08990224965040362 0.08490601462179559 5092
0.1097458153592152 0.08795296217879345 5093
0.08632431096597704 0.08138475948276885 5094
0.09404624223702093 0.0816827309685518 5095
0.07167669612624523 0.07772771634674137 5096
0.06461015631086767 0.07803798415213503 5097
0.0661986166937653 0.06893274366155018 5098
0.06042499265832146 0.07294031648481086 5099
0.05518642498434783 0.07046928386653711 5100
0.04883805363265184 0.07370332846076649 5101
0.0459704163456401 0.06703033980182391 5102
0.04039179164685611 0.06280013143279596 5103
0.04277898899706999 0.05741990308570653 5104
0.03351419581956573 0.06539782434125414 5105
0.03036589060132239 0.05878529956308506 5106
0.02482912737373717 0.05440946019031551 5107
0.01759111278627849 0.0579485707016178 5108
0.01960957880582591 0.05081517690929416 5109
0.02384232866390097 0.04948788708231414 5110
0.02547320546300207 0.04547284188663349 5111
0.05067785080113527 0.06758594561059908 5112
0.02941170875472864 0.0541721749106118 5113
0.0305653209841046 0.04969929639417318 5114
0.1416980436013511 0.09297017263392361 5115
0.08231229064459862 0.07838044587433059 5116
0.07701746010247905 0.07619786105867747 5117
0.07248689209097239 0.07329323167660166 5118
0.1232703574249354 0.0867547380988237 5119
0.1210741526478663 0.08968823214747269 5120
0.1173445272864495 0.08787453321933307 5121
0.03302099153424462 0.05502869618983066 5122
0.03570023089007315 0.05991899647179848 5123
0.1027150815042624 0.08561058811137551 5124
0.04085737714361222 0.05648664655884026 5125
0.0410943980336009 0.05888117200792928 5126
0.04333987446047139 0.05992302857642618 5127
0.04577614696232937 0.06201504269960365 5128
0.02938423870221431 0.04850885525724914 5129
0.02748609711814275 0.04989067864381513 5130
0.02125615153394663 0.04696431275736217 5131
0.02042363470513339 0.04197310637747734 5132
0.0167340610138198 0.04589941921179293 5133
0.01314374494575418 0.05124127933331062 5134
0.01047877925298164 0.04533290529428845 5135
0.01405766064791658 0.04171587959762699 5136
0.01534178553097444 0.03697179851875831 5137
0.009386921933197295 0.03920903773451367 5138
0.004214744439676613 0.04286191670206992 5139
0.004553319117954407 0.03624604667119391 5140
0.008474277935904089 0.03492059416126825 5141
0.01134067639759774 0.03233475319293921 5142
0.005820546162398481 0.03212464535889694 5143
0.00891102002272577 0.0585401526600087 5144
-0.003242640610998708 0.0488553927711783 5145
0.02426117000913931 0.04470498634104396 5146
0.02010947378050845 0.04411112622463291 5147
0.017814616265115 0.04191956651606843 5148
0.01566173748184118 0.03930233368378693 5149
0.01944432847623003 0.04061172584508844 5150
0.08707527725775902 0.07752902204819713 5151
0.01655936566303081 0.03764728842777641 5152
0.01331438210529776 0.03815580628480889 5153
0.01169303366575868 0.03565987731919742 5154
0.009272412136109621 0.03238499890175103 5155
0.007608464734039538 0.0296540028452772 5156
0.004229522370041376 0.02863121099615807 5157
0.005069104200720344 0.0261613095441148 5158
0.06840535662802419 0.07382724925226081 5159
0.9467120037311485 0.0140548388333344 5160
0.8750107259774251 -0.06173508999501332 5161
0.3401074202040699 -0.1420188963198316 5162
0.3425926670731481 -0.1541778112168218 5163
0.5166515896243027 -0.122898018147973 5164
0.5306709730263506 -0.1322700067278056 5165
0.3816786489675824 -0.1299733234195365 5166
0.009454133889047983 -0.0317465326097579 5167
0.7977123752126394 -0.04940269223248024 5168
0.4983473609613229 -0.1283410575377099 5169
0.5522858877544684 -0.1156377602961124 5170
0.5347392836144956 -0.121474665973715 5171
0.09585223964644574 0.07884717880376453 5172
0.748061182046121 -0.153070210155386 5173
-0.02494910604522907 -0.07974344803624751 5174
0.447783178548575 -0.09723917933481091 5175
0.7107048465653287 -0.1608571908046718 5176
0.1738422739898514 -0.6062089961638111 5177
0.3178417686708708 -0.144690214697628 5178
0.3260766057323253 -0.1564968341157344 5179
0.2334098647807748 -0.1247928926926993 5180
0.6423168947279418 -0.0986694797466873 5181
0.6448930628538643 -0.1083387032393275 5182
0.3344189328024184 -0.1067771067509279 5183
0.9963485842441546 0.003178289152784612 5184
0.9883536333684679 0.00771158082477748 5185
0.1678263363835689 -0.1330982554270431 5186
0.1689587484360432 -0.1448054029872745 5187
0.349238197183048 0.106740321142441 5188
0.6579569186800216 -0.09730556134332299 5189
0.1866441046484671 -0.1345454260805574 5190
0.7250968463326045 -0.0954687268071264 5191
0.903242569479406 0.02683479132893739 5192
0.04212130201813187 -0.4125947789556129 5193
-0.08270865516538717 -0.4135953191545478 5194
0.6689305459262735 -0.1657633805540005 5195
0.4554648915352615 0.1047748192159508 5196
0.2970307291550669 -0.1428116332295566 5197
-0.005904946591260848 -0.0360431858888531 5198
-0.01134600838794847 -0.03024436003795148 5199
0.5849752182840862 0.08534706447876973 5200
0.3798421354135683 0.1052553806162731 5201
0.9744986159431775 0.02724327262878208 5202
0.1419730010651349 0.08987553051750852 5203
0.9964414632620994 0.01777773637387052 5204
0.2657891170178485 0.1067307608669932 5205
4.345350389167752 9.018231932301857 5206
0.9969522108960698 -0.001267697819121297 5207
0.6934076251932242 -0.06437044366237359 5208
0.9989666762737712 -0.0004937239594311331 5209
0.9992914362936925 -0.000596804906154145 5210
0.9993333320002786 -0.0009773337631995864 5211
0.999727515319593 -0.0007592174795873215 5212
0.9991108902417385 -0.00203293440114698 5213
1.000420152542309 -0.0009506821743871069 5214
1.000498249079299 -0.0003509867060661523 5215
1.000338004173805 7.479537741819952e-05 5216
0.4275856332013634 -0.1341258251861156 5217
0.3237992013196386 0.1074038384435788 5218
0.9846230516588712 -0.006884361180115539 5219
0.7633831047297108 0.1459201082064205 5220
0.8105727554847507 0.06277850258115891 5221
0.808153188165601 0.07206698560956061 5222
0.7977877559970041 0.08169712515988858 5223
2.19595567298176 -2.248687324052195 5224
0.9838241624319484 -0.02792640390327009 5225
0.5797067573737805 -0.0912409948431597 5226
0.1480879741635111 -0.1319739704974168 5227
0.1501237885856044 -0.1440646069285603 5228
0.7148390545027499 -0.2392281703900382 5229
-0.00559762512075174 0.01796306258320541 5230
2.007604898010578 -13.07118678841915 5231
0.5287858542003819 0.1609138431685862 5232
0.02628112791233616 0.04720209189970718 5233
1.426048351563426 -1.900934511038337 5234
0.2942362522708158 0.1354122990473043 5235
-0.01763055073578102 -0.1364042103776402 5236
0.1499932710027633 0.09194110818411946 5237
0.9356599843239126 0.0166282948513282 5238
0.2575218570732434 0.450151526625003 5239
-0.9741317375339071 1.90841853171754 5240
0.9773373946950669 -0.008068604563787827 5241
0.1070275509323129 0.08551664420767398 5242
0.09980158108535035 0.08317982563481746 5243
0.1106416324272558 0.0841979325833255 5244
-2.292180456097122 3.148107179122983 5245
0.9555635454999788 0.06885756224650252 5246
0.9560205138696283 0.1006221630659819 5247
0.6787925025141854 -0.1030757648043443 5248
0.5149668131922909 -0.09449821826675331 5249
0.5201768905490977 -0.09873258631001357 5250
0.3562219376911648 -0.1518561901015617 5251
0.3722026994251051 0.1056231645302664 5252
0.1408491566608198 -0.09699938022255809 5253
-0.2282798581771009 0.7234870304635731 5254
0.9700977620144655 -0.01589676260747097 5255
0.3683880879938674 0.1251584760559518 5256
0.3683858690382557 -0.1055919249654252 5257
0.01852137369984723 0.434558493636105 5258
0.7334083933964589 -0.09216998977276124 5259
0.7105005082310503 -0.06597262720181143 5260
0.5437606118765403 -0.09073720269717374 5261
0.9810518813567024 -0.02370858214417748 5262
0.0826983215626287 0.07482221784844673 5263
-0.4650149566658388 0.8625399616490778 5264
5.676570263243766 -16.69946701170953 5265
1.079388422223114 -0.05773724391895937 5266
1.080970625789608 -0.08786444450670189 5267
6.935602724480693 -16.07963780368883 5268
0.9258781576576429 0.02891264088742461 5269
0.8900364504512016 0.1960824909342147 5270
0.9021792090551399 0.1362171635317277 5271
5.068203143772835 -5.0718274491159 5272
0.08883357527732227 -0.1069164946863123 5273
0.08523820623593543 -0.1164189247718192 5274
0.07335909367819027 -0.1104351826486183 5275
0.8708918406442203 -0.4923901900406898 5276
0.8116884936775609 -0.04616006728583755 5277
0.8064042242546454 -0.05191633419447259 5278
-16.29874905262911 5.881053805885036 5279
0.9493054155643451 -0.03428697637513606 5280
0.8040772056217039 0.06544159139246281 5281
0.3666746142934336 -0.3336789336125603 5282
0.06666195142013417 -0.07636651829436246 5283
0.409928593869255 -0.1028535401835164 5284
0.5902710901015664 -0.5949752562602266 5285
0.9727438016998377 0.00780497963233537 5286
0.9722375392623834 0.009295846760074011 5287
0.4604631091289023 -0.2431247585466282 5288
0.3198885950395669 -0.1685198378324133 5289
0.08124791350688977 -0.1263852364154636 5290
4.469718575045716 -6.098962075256547 5291
1.299294706577472 0.6887829194764411 5292
0.8917144553017277 -0.03720073726007227 5293
1.025677414644257 0.004451736632811858 5294
0.323258478167296 -0.1069591142708718 5295
0.2502160031838245 -0.116352112680648 5296
1.029238849501354 0.05553571302958606 5297
0.3761274134220571 -0.1050872431460952 5298
0.7032281440314601 -0.06726271538591702 5299
0.6380328695729639 13.31693954900246 5300
0.1364361531463033 -0.08881749246252213 5301
0.10918438971947 -1.054537941851689 5302
0.04426280158715356 -0.06080779884124156 5303
-4.028983699440841 -18.48023245710448 5304
1.319369606418966 2.263828127912881 5305
0.760448107846782 -0.1029632241514483 5306
0.4567795857175687 -0.1438993694533752 5307
0.05475356911162668 -0.0633202690404167 5308
0.4865482451355174 0.09684477712632945 5309
0.7106728685623223 0.06589043225388949 5310
1.578734702342794 -0.175463586368024 5311
0.3258518395675192 0.1363952756380482 5312
0.3167888498753683 0.1450528617008798 5313
0.7898151515465809 0.07389653620794982 5314
-0.5741925848669456 0.3820599799015565 5315
0.3424227470761399 0.1549318912073659 5316
0.03875736299831981 -0.07080840548551252 5317
0.8208212347880852 -0.0698018253123936 5318
0.8240608701942591 -0.0861654047994114 5319
0.8733304922191247 -0.1456677178843732 5320
0.8858934927447634 -0.1712749310750253 5321
0.3995633762284063 -0.1489136794035962 5322
-0.5166289595455502 -3.637560269642148 5323
0.06792854004918675 -0.06961226830903751 5324
0.8295531602434564 -0.1429639900560349 5325
0.642407496135411 -1.654140289591021 5326
0.6551782600305277 -0.1048804701195076 5327
-2.744675769236795 -1.424590643295813 5328
3.363765435151262 -1.05965960581888 5329
1.485812764662506 0.2117340431682334 5330
0.1951845826526468 0.1015849458216092 5331
-0.01554595108257257 0.1044400098199049 5332
-0.9030848798332138 1.30966129014645 5333
0.9712994316508785 -0.007892044900446215 5334
0.7880901918048304 -0.152809435274958 5335
0.7689414871385436 -0.08708082861859881 5336
0.1253287831812655 0.09026143884935327 5337
0.7063415324464728 -0.07570983268153519 5338
0.4206374583712525 -0.2842152652762043 5339
0.06583677441157104 -0.06852919157624757 5340
0.9817544609719617 -0.00645578849734046 5341
8.161935539593273 -5.023649034116925 5342
0.7524513164029983 0.06938259066128735 5343
0.8489896212250762 0.03871228296809788 5344
0.4893777572593273 0.1340449008270811 5345
-17.00527448426494 8.024180965834539 5346
-0.001559676968932474 0.008098441818439333 5347
-0.0006854013787995455 0.006527313339821228 5348
0.5729062420194628 0.08255406265033401 5349
0.6828083021606229 -0.07776295396420835 5350
-1.114102543540135 0.8815616400168075 5351
0.0723430285863494 0.07078886077840289 5352
0.6407853899931224 0.08679815903612768 5353
0.4300897911194358 -0.101686734504409 5354
0.02427614321950436 -0.1632729471640638 5355
1.218432543605274 4.558518621504932 5356
-0.1449967509834495 -0.8515063360682815 5357
0.1687759554096853 0.1050348694028433 5358
0.0336412262840343 -0.05147483274028218 5359
0.05949211551207589 -0.09711664254370013 5360
0.3580528650255295 -5.138945415664763 5361
-5.318392843669621 -3.133494193369054 5362
11.77813619073284 -9.61913145534519 5363
0.4319141306626767 0.1310287212516568 5364
0.4352859382616526 0.1461263901525657 5365
0.5585113788595517 0.09702829164266236 5366
0.9927718798575951 -0.008942214910818227 5367
-1.067854564528903 -2.791345910884308 5368
0.4124659367722658 0.1274780391744316 5369
0.9869550698189343 -0.01318709017875609 5370
0.9704779088326672 -0.09869384800245089 5371
0.8912686126104176 -0.02978224653168704 5372
0.9982464924643164 -0.001103935414124633 5373
0.4811298182564583 -0.2040105929125047 5374
0.4676027748679384 0.1686269324024785 5375
0.8729522714594705 -0.03401983085370727 5376
-5.423384152394694 12.76876391924392 5377
0.232684869629813 -0.1049317958173442 5378
-0.002271844948995875 0.02660866858157495 5379
0.8518730579646561 -0.03841406208535138 5380
0.906869468056734 0.02552015869800889 5381
0.451664196531673 0.1438863027386124 5382
0.7343076950504037 -0.06762659635052012 5383
0.402979771369398 -0.1036147108778576 5384
16.08559488605272 6.985663160160115 5385
0.07212387983113529 -0.07066451167846069 5386
3.595985635833914 -18.46087185745665 5387
0.9987540273490945 -0.01733165418639547 5388
-4.176747749596553 -13.652373094392 5389
-0.06858300461601768 -0.1202588874290713 5390
0.8111878552600571 0.2476033132355459 5391
0.09401472987876434 0.07820216102532129 5392
0.9252352123235776 -0.02598397053576752 5393
0.8630953903434504 -0.04345478906417782 5394
1.185544023502973 0.03435258537381725 5395
1.189591740182344 0.09547642259857753 5396
1.235256399797851 0.1269935516167307 5397
0.292911997112266 0.7741146821626187 5398
0.6463596507898677 -0.1185667842073982 5399
0.06213130886257406 -0.06651023173053233 5400
0.258118528801586 0.133797567504274 5401
-8.058521803360692 15.56602081668757 5402
0.004459704239186122 -0.1106297703940704 5403
0.7914600405436408 -0.06011061684590056 5404
0.09745480479826292 -0.0821422338409056 5405
0.09776630760150976 -0.08611228835484709 5406
8.067436129597638 15.39898362497443 5407
1.52831963575822 -0.6917720750718497 5408
0.9649443897980399 -0.01359563603335544 5409
0.7604717092523325 0.2819936122406896 5410
0.717462891903627 6.883213596346986 5411
13.9228810417503 -0.7605041658296601 5412
8.974667059619136 11.28501825340592 5413
0.7475081087425935 -0.05875208239847023 5414
5.670274651823178 -17.98530780947792 5415
1.015935665845971 -0.01514861384770162 5416
0.8069716757032824 -0.08221447462496019 5417
-0.2057697329016817 -0.6097173168193143 5418
-11.16114851590778 -6.804894803418954 5419
0.2461042678979272 -0.1301744841895325 5420
0.9400843134746047 0.1399448920099331 5421
0.7979250070185641 0.04959119650403986 5422
0.9589225567548447 0.03006458185347784 5423
0.7656377664702032 -0.05518196672440243 5424
0.6311109377640119 -0.0788949133002773 5425
-1.581622089780186 -0.708150875138591 5426
0.7900134273729202 0.05130047946025709 5427
0.6189404289977986 0.1612649866446952 5428
15.94670753962154 0.4604144873492073 5429
0.9156401619761501 -0.02426844081934223 5430
0.3123538765315345 0.1070928691235008 5431
0.662468288967222 0.1580707442774799 5432
-0.6865680369476019 -0.07872471916771191 5433
0.8432920065284583 -0.07707048151414776 5434
4.980989742044052 2.47924807067685 5435
-0.5257850128344221 1.58453351649292 5436
2.062074984672032 -0.1723143700427058 5437
0.2884014930247119 -2.229513112595514 5438
0.3053119312008623 0.1401358658781598 5439
0.3093560907105551 0.1593321226478449 5440
0.1238772153199692 -0.08867779474590309 5441
0.8585475699229946 0.04786126945894215 5442
0.5573885065689521 0.08476247227225384 5443
0.1626306185553684 0.1126451082952842 5444
-0.01882810575625187 -0.008417062517329621 5445
-3.534752562478547 1.211329520811129 5446
0.9354340058603772 -0.01657923220725544 5447
0.01948477336612362 -0.07273367311937791 5448
0.5710634641772565 -0.08763470773282099 5449
0.6037007288443761 0.09687575733995125 5450
0.6101373304531801 0.09034944307276159 5451
0.2301165590026285 -0.1337574226319128 5452
0.6048690309966953 0.2689632636551368 5453
-0.8111981343849786 -1.382072754662878 5454
0.6170382967823602 0.2274918663300495 5455
0.01916686169963931 -0.06599344970631379 5456
0.9220909780159046 0.02951298980231785 5457
0.1326763828972182 -0.1455598297625537 5458
-3.535088065321111 13.25532169885589 5459
2.554703862317259 1.647859655389415 5460
3.37931582560981 -8.742541849406821 5461
0.08489890071973726 -3.946261511444943 5462
-0.1287692783954892 0.3287761168544687 5463
0.06612854538936222 -0.1696061548983196 5464
0.5519467854007577 -0.08899339633046169 5465
2.911047187518624 0.9399515500172799 5466
0.3288184935996109 -0.1063410152019864 5467
10.01677018395237 1.227217924263366 5468
0.7727185352521639 -0.05430916994492556 5469
0.7720541375432132 -0.05825758817014091 5470
0.778767086945682 -0.05289777611384804 5471
0.2204835218101708 -0.7030081882737691 5472
0.6591757258178148 -0.07377925151854042 5473
0.04208816766439594 -0.2162536346534427 5474
0.4196657517683262 0.09880677884263521 5475
0.04841986829477916 0.06425615285380712 5476
0.05395110720898895 0.06575050590748888 5477
0.118743004780919 -0.08744978123697522 5478
-2.578033370996718 5.967493829509969 5479
1.125884332214634 0.00771638099012679 5480
0.9856665805022126 0.02259176092100126 5481
0.04944313135352204 -0.06066424240119764 5482
0.6364323297186468 -0.07771916805537984 5483
0.6410604948729623 -0.07704259492396197 5484
-0.01887159640716656 -0.02356460640062654 5485
-5.03845567821203 -16.6297784986798 5486
0.5670810531551105 -0.08688864296675011 5487
0.03109079018638739 0.05207503819577005 5488
0.9421962322662193 0.01718015399013148 5489
0.8633493564825231 -0.07668557980339616 5490
9.27208396618737 6.263181874151285 5491
-0.001441385885048515 -0.01044274960931859 5492
-0.00362517397077034 -0.01177309126485025 5493
-14.41316518521295 -4.366306676965732 5494
0.639313606949838 -0.08053692403352822 5495
-3.190344867166289 -5.00305164131804 5496
0.9413791253327387 0.01521185774074044 5497
0.1291066614620392 -0.08989308977048471 5498
0.03802520871333624 0.05442097768045929 5499
0.03611650167459807 0.05572213887036349 5500
0.03829199299621624 0.05774218372592933 5501
0.5828353976886524 -0.08566060403839262 5502
0.1180520594017572 0.08493114190047803 5503
-4.392846012922005 -14.74401330632204 5504
0.7683480202756666 -0.3969512543210381 5505
0.9721622162814851 -0.01117762464835528 5506
0.9308413253384633 -0.01971751626361856 5507
0.7567247448327259 -0.06512702283435159 5508
-0.1760417907573168 6.686042272691622 5509
0.990182782643256 -0.004042025668729881 5510
7.194758113885396 -1.311425035176809 5511
2.785724564506145 1.326065463690402 5512
-0.04578837838143516 -0.2285266632475912 5513
0.2392285464955636 3.411446138434569 5514
0.2248238158938759 0.1239168534344891 5515
-1.200325973722289 -6.192064919832071 5516
0.9919520621263914 -0.004283696268689542 5517
-0.07130534669009425 -0.03920109303722526 5518
3.769220250892784 1.43158274394569 5519
0.6753940257981322 0.06716112128537506 5520
0.2403013732185663 0.1012158807769358 5521
0.5505997690180485 0.1733652991861481 5522
0.9991724798385165 -0.0003753623901515452 5523
0.2864645475365487 -0.1069890647159905 5524
0.6677319445900164 0.07339996536995844 5525
0.2777756380539016 -0.1067059162971767 5526
0.6905459704829338 0.07376245485543888 5527
0.5866398702891406 -0.08413249545147523 5528
-8.376570871700759 -4.565520459039043 5529
0.973850286588136 0.009051889068986633 5530
1.670064136261582 -0.08606355027646442 5531
0.06469898841032583 0.07173853083255551 5532
-0.005482827317023998 -0.04325814329556008 5533
2.488777598679569 -2.895235000124178 5534
4.997654803191238 6.725299751578061 5535
1.005621535205931 -0.09145784874781546 5536
0.2231354508622736 -0.1074925528933889 5537
0.9363990606033945 0.03899170662450868 5538
0.240043016887601 -0.1049619897886434 5539
0.9975783995502192 0.05661650278238279 5540
4.307889021992621 -9.217134107958174 5541
0.157898127837837 -0.1008223137832645 5542
-1.749313457884077 -9.712913841211741 5543
-2.741048260343505 0.2243382173452788 5544
0.0722965506360113 -1.20539526848559 5545
9.497649448073346 -14.92300449901613 5546
1.117931453404858 -0.680650124273813 5547
0.03516611141325661 0.05309696848771175 5548
0.7155432908606694 -0.1129461081298973 5549
0.8289206887871612 0.1402673466059514 5550
7.372595565675608 -4.649727107324102 5551
0.5907413588259436 -0.08387822978037021 5552
1.011423288424665 0.02083524601914578 5553
0.9247073560550032 0.08129549381564757 5554
0.8832053956547786 0.03512933413816038 5555
0.8673514434452415 0.1156790577938143 5556
0.3840703219051472 -0.1052665531011143 5557
0.05941904802674225 0.06898914690468311 5558
0.8752110157609346 -0.2664379955826821 5559
-9.324857829725525 -2.001071382468675 5560
0.4262658070261369 -0.1017457135951851 5561
1.000483108951705 0.004347362183493277 5562
0.9981471174269487 0.002183558381960002 5563
0.9980213173937785 0.0007892869839047499 5564
0.9983764251460415 0.001273902170569494 5565
0.9994721795910213 0.001022460178895035 5566
0.1135548716544105 -0.08623297223969445 5567
0.002770958587926723 0.01789403003800464 5568
0.8238526410041429 -0.04412126569777013 5569
0.8239304137211951 -9.593941374775564 5570
-0.3185782050230475 1.866177552850592 5571
0.3912565215398917 -0.1044020994450851 5572
0.3937681074164422 -0.1093160874535086 5573
0.3089301218833811 -0.1068322473453005 5574
0.9370250287080785 -0.2005825838129949 5575
0.1674658095311777 0.09457823725014583 5576
0.8475954057315538 -0.04281927279198151 5577
6.058417741775983 3.27143572460215 5578
0.2231217519581728 -0.3022067249098891 5579
0.2552981784452659 -0.1051345988867968 5580
0.1740504114838922 0.1572290644706906 5581
0.9838710581066934 0.005012278478852121 5582
0.7849466147643698 -0.0522276377221577 5583
-0.1108548358328774 0.04809250358815416 5584
0.9690292351598997 0.02290009484288922 5585
-3.172747726401733 5.758212717745922 5586
0.105451478142356 0.08247973599674412 5587
0.8781471446142298 0.040884559239449 5588
0.04442199384187914 0.05797644419881348 5589
0.2745141241101459 -0.1124017549826011 5590
0.7179245921393719 0.09705447789528966 5591
-12.30805217826441 -6.123815802012358 5592
0.4252337588579748 -1.962204013389034 5593
0.2215301463666743 -0.1034892996623227 5594
0.312322932270789 -0.1061410610560968 5595
0.03217224283910197 0.05058732926541341 5596
0.3383164039545046 -0.1058480557282757 5597
-0.5892064852293782 -0.3849792506920355 5598
0.3798230353676491 -0.1043934375460098 5599
0.3195045677427985 -0.1061876915998815 5600
0.5945175765642472 -0.083359847938608 5601
0.1281727579906112 0.08766275172661521 5602
0.1290452952614367 0.09066042523147218 5603
0.1333162554113081 0.09155683394517687 5604
0.1371298660465173 0.09319972290814056 5605
0.1359083073361489 0.08963790776221803 5606
0.7585931723621764 -0.05655399011203044 5607
0.1456129394555082 -0.09320672420493047 5608
0.02397450377078778 0.04637256716448177 5609
0.1036270372947233 -0.1124952125046647 5610
0.09863236282980274 -0.1200897278625148 5611
0.2692695598173939 -0.1058792738926773 5612
0.3992065905516572 -0.1032452509801581 5613
0.8980150704398842 0.09681560536495948 5614
0.1752289221201041 -0.09880931524903766 5615
0.769172282350933 0.05449242095827354 5616
0.3649012331428654 0.1056764036498484 5617
-0.2143605845804202 14.03077312137343 5618
0.3724907338900788 -0.1046592466218889 5619
-0.2445211228817669 -0.8700285590906056 5620
0.0590221944690493 -0.06996978089033877 5621
0.6148842660733734 -0.2775307023935164 5622
0.6237234331643885 -0.1125451503920119 5623
0.1337568178397419 0.08827718051792316 5624
0.02179814474877419 0.04272735207335319 5625
0.3458230129928787 -0.1054865812021755 5626
4.613464577845656 -1.966857607934879 5627
-0.6510365330278973 -0.1877651518145739 5628
5.508723153033483 -7.70820584434846 5629
-0.2049112416831677 -0.1470100417115076 5630
0.6043199505789802 -0.0865212184081193 5631
0.07269439458647142 -0.08274375490527919 5632
0.1916494509680961 0.1073677522355794 5633
0.8883226313851142 0.03701018163280185 5634
0.134002310453936 0.1510141665561439 5635
0.2185786452188941 -0.102522470922052 5636
-0.004907627511291686 0.03238134775054057 5637
0.03781820520892899 -0.08783869898996575 5638
0.001406112189936568 -0.1830536204072863 5639
-18.29453047181116 2.587818988510369 5640
0.8232153215499608 0.06218913958144865 5641
0.3625213761105217 -1.103119523311495 5642
0.9799296371128527 -0.03218121343336813 5643
11.24281217608986 13.16775491057483 5644
12.09139011770511 -4.099655515432709 5645
0.104531587441572 -0.08696022912566354 5646
0.1072066450362136 -0.0846852462204314 5647
-0.0005789311187836223 0.005361340171154098 5648
0.006808769818725342 -0.06328120530372873 5649
0.06402194603849223 0.06825005476290259 5650
0.06207691671252669 0.0698240996091376 5651
0.6026735740961748 -0.08235724566669676 5652
0.4922903529819802 -0.2613233347810104 5653
0.2124021802665003 -0.1023011233171391 5654
0.6323169911237839 -0.1099718503841709 5655
13.46846833452517 13.43430380943179 5656
13.07341000436653 -11.74065263848416 5657
0.3540744921022452 0.1302995789266567 5658
0.830948183172499 -0.04254740614332098 5659
0.001622557943780738 -0.02339425034978552 5660
0.687025592468136 0.0696513346450727 5661
2.644127547234745 1.964822789670683 5662
-0.04582312040296604 -0.01321695607487723 5663
0.7868213895416803 -19.0235873316873 5664
0.5573441939717365 -0.1751371138575366 5665
0.174630838791322 -0.158663055766684 5666
0.01737083515802201 0.03847592143285185 5667
0.946235312292823 -0.01591316723993694 5668
0.2614033755440889 0.1483986461969055 5669
2.042184353262378 -0.8817092089264761 5670
-0.006280240299883749 -0.02595274981268286 5671
-7.428994942128004 6.966280433489124 5672
0.858769841957514 -0.03618090793743128 5673
0.4690962957534193 -0.1306593898454144 5674
-12.06484820340305 -12.99467864809111 5675
4.516218210942706 -3.233788906310146 5676
0.2655196889336708 0.2199450848399032 5677
0.01070842137113527 0.03117131446013792 5678
-0.0001112014925605073 0.00881995764441763 5679
0.4182270729440541 -0.1032835515487835 5680
17.19304713948678 4.275699255244997 5681
2.524720570840072 -3.983308958080184 5682
0.9285351868717907 0.03194646487193838 5683
1.058371672042236 0.02432019828594055 5684
0.1281168962270511 0.09473280597314579 5685
0.9309958249617138 0.1003865741305141 5686
1.415306884797243 0.27393881539057 5687
0.7756585727191145 0.05328139950255276 5688
1.005746237257853 -0.001492038454814576 5689
0.04744971705755244 0.0598278382394388 5690
1.01690917328655 -0.02924553610838716 5691
1.023487145598792 -0.02196233116974112 5692
-6.186034660849398 -3.671917846689667 5693
0.0854844655792357 -0.07775237156326519 5694
0.9762923946872661 0.01713278056136233 5695
-16.31196808671878 -9.710347003991204 5696
-0.8888759366172492 -1.880612741019486 5697
-0.1397667575216729 17.7670379539248 5698
1.34565534644395 1.300809759695973 5699
0.9225652374193944 0.02243939665707974 5700
2.278766754222415 0.5797452996915097 5701
-18.86207063189616 -2.330324980157959 5702
1.006212171329031 -0.1127111186787704 5703
0.5805201569756511 0.4518315514612038 5704
0.1132185439032736 0.08362453152142385 5705
5.176834718506654 -2.600895454427976 5706
0.9974587149012226 -0.001842306832418121 5707
-0.006980481056944741 0.003474391792081115 5708
0.9809451018695865 0.005464469870654229 5709
0.9819999305058358 0.005333703990561985 5710
0.6898889372046682 0.1760172462174009 5711
0.06020747940986534 0.06602015411554496 5712
0.1006980218663697 0.08038012667723057 5713
0.1818913934647874 -0.09924494163599065 5714
-1.87623724268186 3.248442827400274 5715
-2.562140736018929 8.797137955501935 5716
0.0140281382142673 0.03574897587286724 5717
0.9119881608973239 0.1125304166753132 5718
0.3762364170049552 0.1326117289490324 5719
0.003878900942495139 -0.03067363755369951 5720
0.2400076602044799 0.1132986453650005 5721
0.2420049897055593 0.1218473192684862 5722
0.2014873179483302 -0.1449268250695557 5723
0.9595934915734996 0.01276064189183895 5724
0.0003125744703573344 0.009916359167173951 5725
1.000819194393854 -1.054959811590413 5726
16.29277556864076 4.930112937589508 5727
0.4086151123680803 0.1064236746666136 5728
-0.0957432083916479 -0.1007342482236706 5729
-0.05562833815077325 0.1316633478517406 5730
0.08735585899365907 -0.07841336039615515 5731
1.147839958260554 0.1264015711166401 5732
15.29939172783025 -5.801642386006169 5733
0.005201449812251612 -0.04565443320495632 5734
-0.001780006369130121 -0.007254315478155924 5735
0.72979666787731 -0.1748192913097018 5736
-2.34459306383676 2.754616839747929 5737
0.09183209353491317 -0.08006757658991824 5738
0.9309222817329842 -0.04268953263091188 5739
0.8193850054612687 -0.04909403671328332 5740
0.964055628762754 -0.05681300534309514 5741
0.7598603321457875 0.07371874762494739 5742
1.910462400067151 -0.04489426983490639 5743
-0.001559886893199558 -0.03882464621995928 5744
0.6681474422619366 -0.5982955393589048 5745
-0.2825274241067103 -0.07258202569843691 5746
0.0324299145522037 -0.05049631537658005 5747
6.061428540052681 -5.496789393014977 5748
0.01227919630316497 0.03359393919666327 5749
0.2522816035291536 -0.4139189815500486 5750
0.01896599799389337 0.07044738303154803 5751
-2.821332925192853 -2.478082500347578 5752
0.07477569479352777 -0.102379773149475 5753
0.5640190445636081 0.1115998921023773 5754
1.035742879365854 -0.1234797734340761 5755
1.052490706386932 -0.09668259357426243 5756
0.8793337603749652 -0.07251049201006758 5757
-0.3069666538327473 0.5128860203506564 5758
-2.970964802832726 2.567485647498819 5759
0.4601578742336667 -0.1041901610038686 5760
0.1182098542374549 0.0921220760777819 5761
0.7770632212429648 0.08796395946293008 5762
0.9837863231290509 -0.005850636191004889 5763
0.9546229804050346 -0.4840946297499684 5764
0.9806196660638964 -0.006605105737670727 5765
0.4050413765666854 -0.1381657986759159 5766
0.5667530393844272 -0.1312419701667436 5767
-0.8381420492578447 -0.05568321104430654 5768
0.5684218167827951 -0.1121871086822675 5769
0.2345412203584749 0.5364821718274394 5770
0.9152451196331715 0.03564808487749385 5771
0.6210262721326241 -0.07936214855187163 5772
0.6176718958943235 -0.08002977590182055 5773
0.7522236706582814 0.05780817097971856 5774
0.9011644218777315 -0.1985269923475723 5775
0.05474970772869742 -0.1045916586156101 5776
6.67392509713396 -11.00648934268656 5777
0.9291046774775861 -0.01979302887948756 5778
0.9271051647586726 -0.02056367759433988 5779
0.9249854476450293 -0.02111026453436476 5780
0.386102026812373 -0.1372677840165926 5781
0.2499175059879201 0.1199138659380124 5782
0.1734423050323113 -0.2145236480509084 5783
0.1978230791309872 -0.2093849393115312 5784
0.4770346484668772 0.09735741744157614 5785
0.9813281306735411 0.1041267791859958 5786
0.4692693652751894 -0.09801685394546038 5787
0.8517172101696424 0.03798434863917839 5788
0.4588310135695821 0.09956461803193721 5789
1.27675244775292 -0.9906029315943385 5790
1.184426910490072 -0.8882288262072138 5791
0.9620088676573515 0.03732724389428877 5792
0.09531153263618772 -0.08896726355668774 5793
0.6592511158739228 0.07377041585102211 5794
1.623289699205163 0.2529837554904644 5795
1.792227923865913 0.2027959641031812 5796
3.218829080314778 -3.739708130034952 5797
-9.131125238402531 6.64476885833535 5798
0.6456383396274962 -0.07584443789245286 5799
0.9992596270134382 -0.006945111806112306 5800
0.8991642653534168 -0.02744903860856779 5801
0.4927077873147259 -0.09640571190121447 5802
0.7068222729187156 -0.06578128468459708 5803
1.48858164717352 -0.1346366426870075 5804
0.8047456130040594 -0.04807485063797817 5805
1.000110042843513 -0.0005214664071404892 5806
1.000158492077136 -0.0002175376505381042 5807
0.9998095554918364 -0.0004655491436176308 5808
0.9999212288060009 -0.0003000439759411755 5809
0.99972551697179 -0.0003034094853544747 5810
0.9999510534727831 -0.0001268731383291427 5811
0.9999563686178531 -4.270111162305806e-05 5812
0.9995707674041104 -0.0004585130214904214 5813
4.777216101464185 -7.896057424223874 5814
0.3472742162537532 0.1720914492153395 5815
-11.29586030637872 -15.1175860214863 5816
6.261985697020265 -7.370586904992477 5817
0.01900081673403495 0.2144885225527174 5818
0.9521184671541155 -0.1315617509653878 5819
0.4438168901363339 -0.09632326074929538 5820
0.6515643483079284 0.07507638765565657 5821
0.2158175873606227 0.1028484219212423 5822
0.00545278942481693 -0.02635337251590132 5823
0.1881588291495106 -0.1001289517302114 5824
0.7316156872654289 0.06181034797401259 5825
0.642505671333762 0.07566457464511211 5826
0.500021825285118 -0.4914383645607565 5827
17.67765156739222 1.538543186346547 5828
0.6528294196676572 -0.07081764342007016 5829
0.5243938854684188 0.09286429394150231 5830
0.7013666561054492 0.06700153691961494 5831
-13.36411060565282 -5.276357965153696 5832
0.9757030050903256 -0.01355327549748996 5833
0.2110041978828725 -0.1885225976480803 5834
1.280052466537935 0.09140098236689645 5835
0.6570980108546083 -0.1857664715113463 5836
0.9995646034590733 -0.0002435256519821644 5837
0.8198383384153265 0.04519124160068989 5838
0.9227864338158924 -0.02127209207847455 5839
0.3447490601487505 0.3644259672956007 5840
5.418617928633063 -0.1175609982406328 5841
0.08943742473016572 0.0769220022491738 5842
0.08971014124819088 0.08001640293963797 5843
0.07825336948973986 0.07324559916202932 5844
0.7555650276341335 -0.05704581468569397 5845
-0.03720286628479316 -0.07038862110277885 5846
0.5906672745180775 0.09592887657914685 5847
-11.07676524987741 -13.92634313456707 5848
-18.87039406035226 0.375762419919501 5849
0.773134152808454 0.07874152396044343 5850
0.9936172264699442 -0.001989527561986741 5851
0.5125198607059315 0.09926320611713858 5852
-3.82096765652632 6.657543394781342 5853
0.005985450645727009 0.02484496917595875 5854
0.006838172641441279 0.02573820984568883 5855
0.9916647798085105 -0.01183064561597248 5856
0.4941440639188476 -0.2873441361229853 5857
0.4414732127970649 0.1016268583081058 5858
-0.0616570915120501 -0.3548374448942149 5859
0.3072901629106701 -0.1102853746956075 5860
-0.1676183581331315 -0.3373742284639611 5861
0.6067856562001823 0.08637516877366513 5862
0.1132876965236441 0.08661694769880668 5863
4.75638463082099 9.87616056627817 5864
0.3839641293121243 0.1041003672611254 5865
9.182416473325082 12.41451500712162 5866
0.06742767323692932 0.07087728899431255 5867
0.6129541058373164 -0.1123409275757278 5868
0.8004577156542769 0.09502300423470736 5869
-0.04261152073243184 0.01415765929538383 5870
0.04167232521535885 3.777452678138962 5871
0.898636958492517 0.02724529482377282 5872
0.3760573710806064 0.1047045830126733 5873
0.05080911743625031 0.06207396497746063 5874
0.651321395419006 0.09471337328585266 5875
0.2008936303804341 -0.10114484930936 5876
0.01920354843299204 -0.04217542881752342 5877
0.9211483837786645 -0.02191942443872448 5878
0.3113473453211688 -0.1564642807989432 5879
0.8128501741699927 0.04560460616167706 5880
0.6917904874739872 0.08653194799797162 5881
0.2980162507249166 -0.1118897151448832 5882
0.03796474521444526 -0.05625746192104007 5883
0.6516860210177391 0.2202069882524201 5884
0.5057804963953777 -0.09494945722474531 5885
0.7390555321900512 -0.09818223565571403 5886
0.04906461547588492 -0.06443066441770373 5887
0.9375939014487147 -0.02456466175383638 5888
0.9969486571884962 0.002368474613637061 5889
0.99541386764179 0.002477626410710454 5890
0.9965415729623611 0.001556056675925995 5891
0.4540734108818312 0.1307104412878715 5892
-0.7212600071204515 -9.403382412725223 5893
2.056990986220142 -2.52622923813095 5894
0.06800606426274601 0.09136248748942154 5895
-0.2288190376924205 -0.04796119632949682 5896
0.02551289683960568 -0.05068145664186367 5897
0.9985487426906723 -0.0015015678422607 5898
0.571182464385429 -0.09318569789461331 5899
0.9526837618483617 0.01653146452418841 5900
0.0235662196187553 -0.0525269654585879 5901
0.5145442590875163 0.1047608129475897 5902
0.8661080336083528 0.0558236278255206 5903
1.003045989591686 -0.004775501267821898 5904
0.07403199786147829 0.0712975704465319 5905
0.9977818934346588 -0.002573532467686779 5906
0.9974270496229956 -0.003389050721691791 5907
0.8257519977239188 0.04336298783752564 5908
0.2147552842978661 -0.1336158990978256 5909
0.8862536985004854 0.03018091116715198 5910
0.3872043447660372 0.1039629615385341 5911
0.6668797734027698 -0.07740585984456362 5912
0.03519581837907024 -0.06045099468010769 5913
0.9414648829752166 2.994110567716779 5914
1.044271735744108 -0.4932902312659708 5915
-1.153012787434486 -3.110856874099568 5916
0.7867713167422725 -7.164647553174535 5917
0.0003220380351627854 0.06060212407049265 5918
0.3832882185773667 0.124279228238819 5919
-1.834254024067425 9.00678023416145 5920
2.571549137681364 3.549868206208846 5921
-0.3393197135673141 -0.1130908327432833 5922
0.7347322956931355 0.06080187704912937 5923
0.7781449674876839 -0.1732163806922637 5924
10.60064057246934 -15.62590434818189 5925
0.3684263370654135 0.1049239729651161 5926
1.165207970625165 0.2194389406052446 5927
1.028450635150548 0.08615638011929494 5928
0.3844263900904822 -0.1100994241482246 5929
0.8287577497954224 0.04331426940022542 5930
0.9900969769839061 -0.005130230400747508 5931
0.9216343385840959 0.03881696419654673 5932
1.148082441284433 0.0748211488917767 5933
0.6777275422799856 -0.07051744645111321 5934
7.966702319818006 -10.179151888237 5935
-0.01022718558299981 -0.04838755282971471 5936
-4.176162679992998 -0.7262999331567472 5937
0.8627739270480786 0.0354176111959932 5938
0.8650936615602195 0.03468924431434888 5939
0.9928485872339782 -0.006788933414970049 5940
-16.79197670485484 -5.839414278721648 5941
0.1536257335109886 -0.09454185321733168 5942
4.051538352658157 1.115741402467227 5943
-0.001534422834399382 0.01153232828699158 5944
0.8567120859531903 -0.1718943302443853 5945
0.8490530612804316 -0.039224012524167 5946
0.5748868403117426 -0.08573699821448191 5947
-6.246123691741545 4.426899941717379 5948
0.5177902638015818 -0.1032053509117427 5949
0.1693100987639457 0.1202643676849816 5950
0.9029133128221658 0.05420436156463199 5951
0.9794855457598188 -0.1188017432744881 5952
0.7385100777991069 0.1005978642879299 5953
-8.976038293344022 7.604571776211655 5954
0.01508651883049118 -0.04460709790617436 5955
0.5296348983051145 0.1149891777585303 5956
-0.05206759573080166 -0.04504012353197476 5957
0.03598195938232422 0.08047667033129377 5958
0.9007163090034515 0.02686408006262084 5959
0.5988111161033387 -0.1294202813237999 5960
14.92710589630576 -9.682233517747523 5961
0.4182594083060203 -0.1079077466175189 5962
0.9469541205772209 0.01853869354869432 5963
5.981708696673188 16.57853795031542 5964
0.7519424914508106 -0.05750135247522486 5965
0.3951662108249021 0.1037310548431955 5966
0.1521535135360985 -9.992857004488087 5967
0.6938068311012435 -0.06792533298826152 5968
0.781753636280387 -0.0517864405264819 5969
-0.04713321826360184 0.1748402112306009 5970
0.9912978396962089 0.006345755090775319 5971
0.008558333510804686 -0.0302069868263488 5972
0.4337352042685305 -0.100868218984081 5973
0.1628409364825983 -0.0960235726020969 5974
0.4067446090766746 -0.1026779884203143 5975
0.4285919394948998 0.1086513612009631 5976
0.007735803439198967 -0.02920846566009009 5977
0.5204702355912193 0.1048528143635157 5978
-10.63038602270343 6.34595808218193 5979
1.80161350071373 4.729623654727425 5980
0.9996922973393059 -0.0001730989982686459 5981
0.4817267258692718 0.1076089216444227 5982
0.8862608473048467 0.04731892817102078 5983
5.051811034526084 -3.170002741420437 5984
0.9557545760981199 -0.01562176861589517 5985
0.9099086209272551 0.02466476085144767 5986
0.895083668571379 -0.04853906788601826 5987
-0.8621538404748871 -2.975838273813954 5988
11.78441820440461 -0.710670114979472 5989
-0.01782297798989747 0.004693143164265569 5990
0.6099816238328671 -0.08092206050385237 5991
0.1583368611831361 -0.1102061314499895 5992
0.6161917830744323 -0.08527353398780987 5993
1.001375092188999 0.02502135399161612 5994
0.6825001689026098 0.1019372672972946 5995
0.03453725361081841 -0.09630134010363535 5996
0.8833692664639199 -0.03101104539208472 5997
0.09502508819237153 0.1066590123975184 5998
1.507880740636476 7.046638229240479 5999
0.2656655079550367 -0.1408131003839804 6000
0.3670058916230263 0.1463566581920518 6001
0.3768109113094636 0.1611400052643508 6002
0.9243128916895627 0.03308265371130465 6003
0.3386327883359224 0.1061216411548802 6004
0.09033976833643256 0.2095548675564385 6005
-2.731010073814306 -5.419924403016463 6006
0.01335111098430352 -0.03699372362442657 6007
-0.2681579895063107 -0.1518476509934295 6008
2.65916181581699 0.4744030680445978 6009
0.3877336835844272 -0.1037267569777251 6010
0.4518183099885331 -0.09922437494204521 6011
0.8656679874538968 -0.03489243460371664 6012
0.9957293186877549 -0.009305286763576118 6013
1.031563335515507 -0.02589980730960299 6014
-8.924528958996351 2.184920934596603 6015
3.236821731576061 -6.333765374242203 6016
0.0005943081286299348 -0.01665089490795638 6017
0.6563211766263731 3.385017365423444 6018
-1.930528034618395 -18.78846186608784 6019
0.5321866024639644 0.09105106101797725 6020
0.9829662103834013 0.005969300941174924 6021
0.7574771430619317 0.06683774870641984 6022
0.4236224774736539 0.1408622503967309 6023
-0.3813035645898318 1.00296553869811 6024
0.5341154809069111 -0.1967405697797339 6025
12.89236342106178 9.99402878340481 6026
-15.30113326974144 -4.81313466584277 6027
0.9980154871864422 -0.001484457124033768 6028
16.78973472134745 5.890638643302854 6029
0.1517491457527213 0.1174359108917133 6030
-1.11390383636164 2.170376175895647 6031
-5.603864138010133 2.578712702748908 6032
1.000585331205224 -0.00195318317251267 6033
0.3532017035995441 -0.1053590797061826 6034
-0.01541666589803601 -0.8584211987424883 6035
4.236224127769873 15.59578629471081 6036
2.750381180863145 -13.52304579114549 6037
1.411884633967666 1.945699436303769 6038
0.1152445422881222 0.1094499918786441 6039
0.05723119179146492 0.06678065483734311 6040
10.33433730845917 6.459847232806514 6041
0.672117359700653 -0.07699483106918092 6042
-1.786403530113771 0.7980446828952173 6043
0.004071297895992383 -0.06985049452224751 6044
0.2978164098890579 0.1063324394592852 6045
0.8945480284163857 0.05039951787246078 6046
0.9887499181319903 -0.01126262706294289 6047
0.8761057741548537 0.06555255341040107 6048
0.1944158218113063 -0.1008189791660266 6049
0.9135185442647331 -0.03752888102466265 6050
0.2701130764741428 -0.1703837537229009 6051
10.3016651641127 2.129573404884034 6052
0.02934795543640396 -0.05019049082636903 6053
0.01061191928770702 0.03377883255436383 6054
0.6653729516976865 -0.0725811379340669 6055
-1.111507443450148 3.270890165228071 6056
0.5399430944758051 -0.0902758107572276 6057
2.45583176189171 2.299081573533186 6058
0.9352316159359562 -0.01852547940120973 6059
1.203758549128007 -4.227850794740106 6060
0.9717904566948592 0.03558421919690085 6061
1.160076126993744 0.002381967054682148 6062
1.142499194208618 -0.07518922857092157 6063
0.954793788840913 0.01367631814075753 6064
1.86468821980487 18.81807401559563 6065
0.4443781464514914 0.1057502195253584 6066
0.8296325046323613 -0.09638166184007427 6067
1.208349692106858 -1.82897398490288 6068
-0.008969061984543921 0.02145336450775691 6069
0.006983099044338643 -5.335361420532639 6070
8.620665682956952 -3.944507454737475 6071
0.9787639246827102 0.007727153017520581 6072
0.329662259093776 0.1062249796754326 6073
0.8499833109363701 -0.04694070373475132 6074
-0.09394483181818604 0.1161587231761383 6075
0.151256060353723 -0.09414675480623505 6076
0.05134774175216653 0.06444092293845058 6077
0.2622132239511341 -0.1055092143259306 6078
0.8830255884845624 0.2320358750184567 6079
0.00913121785390201 0.02890917954737518 6080
0.008385578226745495 0.02799258709682063 6081
0.05393291110342039 -0.06476696978218871 6082
0.286893242004599 0.1635783787744512 6083
0.8538985037455074 -0.07370498445064791 6084
8.017967566020131 -6.395504239723297 6085
6.188324644774015 -4.822192195496148 6086
0.8405522864713011 0.04047343381575551 6087
0.2762035366887994 0.1062497714629757 6088
0.7869851577564376 0.08267447371188216 6089
0.8604036187219328 0.06297483779193767 6090
0.3319217566972467 0.1105800196896075 6091
-0.009706744735025913 -0.1195812589547958 6092
0.05240778315537561 0.08443420119054232 6093
-0.2909331651493342 -0.6825371086380756 6094
0.7158559380921409 -0.06400535625206254 6095
0.9979136837001006 -0.001125064129397717 6096
0.9769304354670943 0.009603855375379061 6097
0.7570401818137528 0.08436777988168442 6098
0.1993658876353787 0.1218667525412996 6099
2.184700949108781 -4.483368965754948 6100
0.06803735058324911 0.06916185023429705 6101
0.9710249379432091 -0.2079032751493824 6102
0.8265582874057362 0.06787900421929088 6103
0.9755424163285085 -0.008006234719278126 6104
0.6799833580821713 0.2495421299932929 6105
0.7207000824475653 -0.06311488075216062 6106
0.1577433414588124 0.1013304299539162 6107
-12.00924290943516 13.12013417646969 6108
0.4947425394978516 -0.1376873070509196 6109
-1.528619821601402 -3.224932550660817 6110
0.4366000683364415 0.1008101501795529 6111
0.004373370046266357 0.02143730451931955 6112
0.004749236699001712 0.0224891706309657 6113
0.004387897963474436 0.02412512199557513 6114
0.04131347433619159 -0.07825472841823851 6115
6.3495069292249 -11.9010207816503 6116
0.6807200621123833 -0.0698519509158522 6117
3.909539233386019 -3.714006118992711 6118
0.8205052057689831 0.07661350410883135 6119
0.7011337376298333 0.08949504831502511 6120
0.9457088767952573 0.03844179023518207 6121
0.8307293660023848 0.04644576945748944 6122
0.786761062803646 -0.1013009453139803 6123
0.3291810690155337 0.1499942422926427 6124
1.002947561756435 -0.04830807333637316 6125
0.2484472342380983 0.1103066150342762 6126
0.9385655855493451 0.02586293938177232 6127
0.1536917291443143 0.1006391112553067 6128
0.7058111284684911 0.08242342431716829 6129
0.5104329006786396 0.1102756623258796 6130
0.06870296064193254 -0.08515270405101275 6131
0.9413207887427231 0.1948494384710325 6132
-12.98701063617688 -12.13307584651428 6133
0.04764382752706381 -0.1141843165812984 6134
0.8789858305826681 0.1304183770390757 6135
0.1772987380131837 -0.19025345320485 6136
0.988101140964214 -0.009056590175965629 6137
0.1882833560133891 0.1250100578185201 6138
-6.390765646374918 0.2138102863111951 6139
0.03739006918820878 -0.07514468817887775 6140
0.03219655160875314 -0.07685663134225501 6141
0.9827300508984408 -0.005907993850678451 6142
0.2431168200307471 0.6420093217903355 6143
0.2342227972985986 0.1558676910010238 6144
0.8886124515150002 -0.02984713619218575 6145
-8.861315916372927 -4.107818261335442 6146
1.227743351566987 0.2014256517973526 6147
6.57918165949068 4.332006059084408 6148
0.6309189465828401 0.09158669495540753 6149
0.8935370980326267 -0.02868651054665864 6150
-9.362577346746111 -2.753792126294937 6151
0.5233640966272846 0.2156793492903476 6152
0.1337956700119543 0.1138517170653661 6153
0.4597720965729062 -0.212341792729311 6154
0.2880815952395916 0.1125093927497064 6155
0.001834892739857221 -0.05725648021487163 6156
0.9526032177153199 -0.01700663598221624 6157
1.31200686064218 -0.2967283849663289 6158
-1.606001279897982 0.4494511827850349 6159
0.9640983693278622 -0.0164633995756784 6160
0.6111585388969787 0.08543578438263699 6161
0.9413191256425201 0.02134711236593834 6162
3.959035650087286 -13.02059285530382 6163
6.343532613993981 -1.812916765029108 6164
0.3152045307903425 0.1801410336642823 6165
0.4301422969777669 0.1697791126896727 6166
6.927791140299151 14.84838964436844 6167
0.9412062853284519 -0.05427078190803865 6168
0.944329605688335 -0.06257635327148692 6169
0.4740712233046097 0.1080732429999018 6170
0.9965081615319598 -0.003127417097473998 6171
0.05643692081912697 0.0643868753132163 6172
0.05481449847686881 0.06328030061959844 6173
0.7786092433725497 0.1029651357395409 6174
0.6176826950873676 0.09455932833541833 6175
0.2434984330801149 0.1010131383599272 6176
0.1288289527712806 -0.1552499537652174 6177
-0.0003880178783475984 0.02019581712744386 6178
NMARK= 2
MARKER_TAG= airfoil
MARKER_ELEMS= 800
3 0 404 
3 404 1 
3 1 405 
3 405 2 
3 2 406 
3 406 3 
3 3 407 
3 407 4 
3 4 408 
3 408 5 
3 5 409 
3 409 6 
3 6 410 
3 410 7 
3 7 411 
3 411 8 
3 8 412 
3 412 9 
3 9 413 
3 413 10 
3 10 414 
3 414 11 
3 11 415 
3 415 12 
3 12 416 
3 416 13 
3 13 417 
3 417 14 
3 14 418 
3 418 15 
3 15 419 
3 419 16 
3 16 420 
3 420 17 
3 17 421 
3 421 18 
3 18 422 
3 422 19 
3 19 423 
3 423 20 
3 20 424 
3 424 21 
3 21 425 
3 425 22 
3 22 426 
3 426 23 
3 23 427 
3 427 24 
3 24 428 
3 428 25 
3 25 429 
3 429 26 
3 26 430 
3 430 27 
3 27 431 
3 431 28 
3 28 432 
3 432 29 
3 29 433 
3 433 30 
3 30 434 
3 434 31 
3 31 435 
3 435 32 
3 32 436 
3 436 33 
3 33 437 
3 437 34 
3 34 438 
3 438 35 
3 35 439 
3 439 36 
3 36 440 
3 440 37 
3 37 441 
3 441 38 
3 38 442 
3 442 39 
3 39 443 
3 443 40 
3 40 444 
3 444 41 
3 41 445 
3 445 42 
3 42 446 
3 446 43 
3 43 447 
3 447 44 
3 44 448 
3 448 45 
3 45 449 
3 449 46 
3 46 450 
3 450 47 
3 47 451 
3 451 48 
3 48 452 
3 452 49 
3 49 453 
3 453 50 
3 50 454 
3 454 51 
3 51 455 
3 455 52 
3 52 456 
3 456 53 
3 53 457 
3 457 54 
3 54 458 
3 458 55 
3 55 459 
3 459 56 
3 56 460 
3 460 57 
3 57 461 
3 461 58 
3 58 462 
3 462 59 
3 59 463 
3 463 60 
3 60 464 
3 464 61 
3 61 465 
3 465 62 
3 62 466 
3 466 63 
3 63 467 
3 467 64 
3 64 468 
3 468 65 
3 65 469 
3 469 66 
3 66 470 
3 470 67 
3 67 471 
3 471 68 
3 68 472 
3 472 69 
3 69 473 
3 473 70 
3 70 474 
3 474 71 
3 71 475 
3 475 72 
3 72 476 
3 476 73 
3 73 477 
3 477 74 
3 74 478 
3 478 75 
3 75 479 
3 479 76 
3 76 480 
3 480 77 
3 77 481 
3 481 78 
3 78 482 
3 482 79 
3 79 483 
3 483 80 
3 80 484 
3 484 81 
3 81 485 
3 485 82 
3 82 486 
3 486 83 
3 83 487 
3 487 84 
3 84 488 
3 488 85 
3 85 489 
3 489 86 
3 86 490 
3 490 87 
3 87 491 
3 491 88 
3 88 492 
3 492 89 
3 89 493 
3 493 90 
3 90 494 
3 494 91 
3 91 495 
3 495 92 
3 92 496 
3 496 93 
3 93 497 
3 497 94 
3 94 498 
3 498 95 
3 95 499 
3 499 96 
3 96 500 
3 500 97 
3 97 501 
3 501 98 
3 98 502 
3 502 99 
3 99 503 
3 503 100 
3 100 504 
3 504 101 
3 101 505 
3 505 102 
3 102 506 
3 506 103 
3 103 507 
3 507 104 
3 104 508 
3 508 105 
3 105 509 
3 509 106 
3 106 510 
3 510 107 
3 107 511 
3 511 108 
3 108 512 
3 512 109 
3 109 513 
3 513 110 
3 110 514 
3 514 111 
3 111 515 
3 515 112 
3 112 516 
3 516 113 
3 113 517 
3 517 114 
3 114 518 
3 518 115 
3 115 519 
3 519 116 
3 116 520 
3 520 117 
3 117 521 
3 521 118 
3 118 522 
3 522 119 
3 119 523 
3 523 120 
3 120 524 
3 524 121 
3 121 525 
3 525 122 
3 122 526 
3 526 123 
3 123 527 
3 527 124 
3 124 528 
3 528 125 
3 125 529 
3 529 126 
3 126 530 
3 530 127 
3 127 531 
3 531 128 
3 128 532 
3 532 129 
3 129 533 
3 533 130 
3 130 534 
3 534 131 
3 131 535 
3 535 132 
3 132 536 
3 536 133 
3 133 537 
3 537 134 
3 134 538 
3 538 135 
3 135 539 
3 539 136 
3 136 540 
3 540 137 
3 137 541 
3 541 138 
3 138 542 
3 542 139 
3 139 543 
3 543 140 
3 140 544 
3 544 141 
3 141 545 
3 545 142 
3 142 546 
3 546 143 
3 143 547 
3 547 144 
3 144 548 
3 548 145 
3 145 549 
3 549 146 
3 146 550 
3 550 147 
3 147 551 
3 551 148 
3 148 552 
3 552 149 
3 149 553 
3 553 150 
3 150 554 
3 554 151 
3 151 555 
3 555 152 
3 152 556 
3 556 153 
3 153 557 
3 557 154 
3 154 558 
3 558 155 
3 155 559 
3 559 156 
3 156 560 
3 560 157 
3 157 561 
3 561 158 
3 158 562 
3 562 159 
3 159 563 
3 563 160 
3 160 564 
3 564 161 
3 161 565 
3 565 162 
3 162 566 
3 566 163 
3 163 567 
3 567 164 
3 164 568 
3 568 165 
3 165 569 
3 569 166 
3 166 570 
3 570 167 
3 167 571 
3 571 168 
3 168 572 
3 572 169 
3 169 573 
3 573 170 
3 170 574 
3 574 171 
3 171 575 
3 575 172 
3 172 576 
3 576 173 
3 173 577 
3 577 174 
3 174 578 
3 578 175 
3 175 579 
3 579 176 
3 176 580 
3 580 177 
3 177 581 
3 581 178 
3 178 582 
3 582 179 
3 179 583 
3 583 180 
3 180 584 
3 584 181 
3 181 585 
3 585 182 
3 182 586 
3 586 183 
3 183 587 
3 587 184 
3 184 588 
3 588 185 
3 185 589 
3 589 186 
3 186 590 
3 590 187 
3 187 591 
3 591 188 
3 188 592 
3 592 189 
3 189 593 
3 593 190 
3 190 594 
3 594 191 
3 191 595 
3 595 192 
3 192 596 
3 596 193 
3 193 597 
3 597 194 
3 194 598 
3 598 195 
3 195 599 
3 599 196 
3 196 600 
3 600 197 
3 197 601 
3 601 198 
3 198 602 
3 602 199 
3 199 603 
3 603 200 
3 200 604 
3 604 201 
3 201 605 
3 605 202 
3 202 606 
3 606 203 
3 203 607 
3 607 204 
3 204 608 
3 608 205 
3 205 609 
3 609 206 
3 206 610 
3 610 207 
3 207 611 
3 611 208 
3 208 612 
3 612 209 
3 209 613 
3 613 210 
3 210 614 
3 614 211 
3 211 615 
3 615 212 
3 212 616 
3 616 213 
3 213 617 
3 617 214 
3 214 618 
3 618 215 
3 215 619 
3 619 216 
3 216 620 
3 620 217 
3 217 621 
3 621 218 
3 218 622 
3 622 219 
3 219 623 
3 623 220 
3 220 624 
3 624 221 
3 221 625 
3 625 222 
3 222 626 
3 626 223 
3 223 627 
3 627 224 
3 224 628 
3 628 225 
3 225 629 
3 629 226 
3 226 630 
3 630 227 
3 227 631 
3 631 228 
3 228 632 
3 632 229 
3 229 633 
3 633 230 
3 230 634 
3 634 231 
3 231 635 
3 635 232 
3 232 636 
3 636 233 
3 233 637 
3 637 234 
3 234 638 
3 638 235 
3 235 639 
3 639 236 
3 236 640 
3 640 237 
3 237 641 
3 641 238 
3 238 642 
3 642 239 
3 239 643 
3 643 240 
3 240 644 
3 644 241 
3 241 645 
3 645 242 
3 242 646 
3 646 243 
3 243 647 
3 647 244 
3 244 648 
3 648 245 
3 245 649 
3 649 246 
3 246 650 
3 650 247 
3 247 651 
3 651 248 
3 248 652 
3 652 249 
3 249 653 
3 653 250 
3 250 654 
3 654 251 
3 251 655 
3 655 252 
3 252 656 
3 656 253 
3 253 657 
3 657 254 
3 254 658 
3 658 255 
3 255 659 
3 659 256 
3 256 660 
3 660 257 
3 257 661 
3 661 258 
3 258 662 
3 662 259 
3 259 663 
3 663 260 
3 260 664 
3 664 261 
3 261 665 
3 665 262 
3 262 666 
3 666 263 
3 263 667 
3 667 264 
3 264 668 
3 668 265 
3 265 669 
3 669 266 
3 266 670 
3 670 267 
3 267 671 
3 671 268 
3 268 672 
3 672 269 
3 269 673 
3 673 270 
3 270 674 
3 674 271 
3 271 675 
3 675 272 
3 272 676 
3 676 273 
3 273 677 
3 677 274 
3 274 678 
3 678 275 
3 275 679 
3 679 276 
3 276 680 
3 680 277 
3 277 681 
3 681 278 
3 278 682 
3 682 279 
3 279 683 
3 683 280 
3 280 684 
3 684 281 
3 281 685 
3 685 282 
3 282 686 
3 686 283 
3 283 687 
3 687 284 
3 284 688 
3 688 285 
3 285 689 
3 689 286 
3 286 690 
3 690 287 
3 287 691 
3 691 288 
3 288 692 
3 692 289 
3 289 693 
3 693 290 
3 290 694 
3 694 291 
3 291 695 
3 695 292 
3 292 696 
3 696 293 
3 293 697 
3 697 294 
3 294 698 
3 698 295 
3 295 699 
3 699 296 
3 296 700 
3 700 297 
3 297 701 
3 701 298 
3 298 702 
3 702 299 
3 299 703 
3 703 300 
3 300 704 
3 704 301 
3 301 705 
3 705 302 
3 302 706 
3 706 303 
3 303 707 
3 707 304 
3 304 708 
3 708 305 
3 305 709 
3 709 306 
3 306 710 
3 710 307 
3 307 711 
3 711 308 
3 308 712 
3 712 309 
3 309 713 
3 713 310 
3 310 714 
3 714 311 
3 311 715 
3 715 312 
3 312 716 
3 716 313 
3 313 717 
3 717 314 
3 314 718 
3 718 315 
3 315 719 
3 719 316 
3 316 720 
3 720 317 
3 317 721 
3 721 318 
3 318 722 
3 722 319 
3 319 723 
3 723 320 
3 320 724 
3 724 321 
3 321 725 
3 725 322 
3 322 726 
3 726 323 
3 323 727 
3 727 324 
3 324 728 
3 728 325 
3 325 729 
3 729 326 
3 326 730 
3 730 327 
3 327 731 
3 731 328 
3 328 732 
3 732 329 
3 329 733 
3 733 330 
3 330 734 
3 734 331 
3 331 735 
3 735 332 
3 332 736 
3 736 333 
3 333 737 
3 737 334 
3 334 738 
3 738 335 
3 335 739 
3 739 336 
3 336 740 
3 740 337 
3 337 741 
3 741 338 
3 338 742 
3 742 339 
3 339 743 
3 743 340 
3 340 744 
3 744 341 
3 341 745 
3 745 342 
3 342 746 
3 746 343 
3 343 747 
3 747 344 
3 344 748 
3 748 345 
3 345 749 
3 749 346 
3 346 750 
3 750 347 
3 347 751 
3 751 348 
3 348 752 
3 752 349 
3 349 753 
3 753 350 
3 350 754 
3 754 351 
3 351 755 
3 755 352 
3 352 756 
3 756 353 
3 353 757 
3 757 354 
3 354 758 
3 758 355 
3 355 759 
3 759 356 
3 356 760 
3 760 357 
3 357 761 
3 761 358 
3 358 762 
3 762 359 
3 359 763 
3 763 360 
3 360 764 
3 764 361 
3 361 765 
3 765 362 
3 362 766 
3 766 363 
3 363 767 
3 767 364 
3 364 768 
3 768 365 
3 365 769 
3 769 366 
3 366 770 
3 770 367 
3 367 771 
3 771 368 
3 368 772 
3 772 369 
3 369 773 
3 773 370 
3 370 774 
3 774 371 
3 371 775 
3 775 372 
3 372 776 
3 776 373 
3 373 777 
3 777 374 
3 374 778 
3 778 375 
3 375 779 
3 779 376 
3 376 780 
3 780 377 
3 377 781 
3 781 378 
3 378 782 
3 782 379 
3 379 783 
3 783 380 
3 380 784 
3 784 381 
3 381 785 
3 785 382 
3 382 786 
3 786 383 
3 383 787 
3 787 384 
3 384 788 
3 788 385 
3 385 789 
3 789 386 
3 386 790 
3 790 387 
3 387 791 
3 791 388 
3 388 792 
3 792 389 
3 389 793 
3 793 390 
3 390 794 
3 794 391 
3 391 795 
3 795 392 
3 392 796 
3 796 393 
3 393 797 
3 797 394 
3 394 798 
3 798 395 
3 395 799 
3 799 396 
3 396 800 
3 800 397 
3 397 801 
3 801 398 
3 398 802 
3 802 399 
3 399 803 
3 803 0 
MARKER_TAG= farfield
MARKER_ELEMS= 76
3 400 804 
3 804 805 
3 805 806 
3 806 807 
3 807 808 
3 808 809 
3 809 810 
3 810 811 
3 811 812 
3 812 813 
3 813 814 
3 814 815 
3 815 816 
3 816 817 
3 817 818 
3 818 819 
3 819 820 
3 820 821 
3 821 401 
3 402 822 
3 822 823 
3 823 824 
3 824 825 
3 825 826 
3 826 827 
3 827 828 
3 828 829 
3 829 830 
3 830 831 
3 831 832 
3 832 833 
3 833 834 
3 834 835 
3 835 836 
3 836 837 
3 837 838 
3 838 839 
3 839 400 
3 403 840 
3 840 841 
3 841 842 
3 842 843 
3 843 844 
3 844 845 
3 845 846 
3 846 847 
3 847 848 
3 848 849 
3 849 850 
3 850 851 
3 851 852 
3 852 853 
3 853 854 
3 854 855 
3 855 856 
3 856 857 
3 857 402 
3 401 858 
3 858 859 
3 859 860 
3 860 861 
3 861 862 
3 862 863 
3 863 864 
3 864 865 
3 865 866 
3 866 867 
3 867 868 
3 868 869 
3 869 870 
3 870 871 
3 871 872 
3 872 873 
3 873 874 
3 874 875 
3 875 403 
